symbol,company_name,macro_sector,sector,industry,basic_industry,close,daily_change_percent,return_1_week_percent,return_1_month_percent,return_3_month_percent,return_6_month_percent,return_12_month_percent,sma_20,sma_50,sma_65,sma_200,above_sma_20,above_sma_50,above_sma_65,above_sma_200,atr_percent,adr_percent,extension_atr_multiples,range_20_day_percent,volatility_20_day_percent,median_traded_value_inr,high_52_week,low_52_week,position_52_week_percent,distance_from_52_week_high_percent,relative_strength_score,relative_strength_rating,new_20_day_high,new_20_day_low,new_52_week_high,new_52_week_low,momentum_score,momentum_leader,non_extended_leader,tight_setup,emerging_leader,weakening_leader,recovery_candidate,contrarian_quality,breakout_candidate,near_sma_65,near_sma_200,opportunity_type,vpk_scans,vpk_scan_count,vpk_metrics,reasons
STLTECH,Sterlite Technologies Ltd.,Telecommunication,Telecommunication,Telecom - Equipment & Accessories,Telecom - Equipment & Accessories,1001.25,4.804521902967496,21.312170594293335,33.69608759513953,89.57682476569158,353.9581066376496,712.5710111994806,867.6025,734.7810000000001,689.6615384615385,417.25489999999996,True,True,True,True,4.511860174781523,5.152610708961509,8.037724979591344,28.052594625646265,3.4320948452894573,1479814029.805,1003.1,84.6,99.79858464888405,-0.1844282723556967,350.2848787564348,99,True,False,True,False,181.35915322183678,True,False,False,False,False,False,False,True,False,False,Momentum Leader,[],0,"{'market_cap_inr': 524081554047.0, 'relative_volume': 0.678768167006459, 'gap_percent': -0.6884343036978757, 'eps_growth_percent': 1709.7560975609756, 'revenue_growth_percent': 87.43866535819431, 'fcf_growth_percent': 0.0}",['Top-decile blended 1/3/6-month momentum with price > 50 DMA > 200 DMA']
CUPID,Cupid Ltd.,Fast Moving Consumer Goods,Fast Moving Consumer Goods,Personal Products,Personal Care,310.1,-0.7679999999999909,17.240075614366734,9.51792336217554,57.42714996446341,235.17077388672726,622.0695757462861,280.96999999999997,274.0528,259.7358461538462,158.1666,True,True,True,True,5.093978900815406,5.088841226954736,2.5821421720379543,28.45528455284554,3.643950562894177,4291474110.465,316.0,41.816,97.84816035946665,-1.8670886075949245,275.8341049599481,99,False,False,False,False,116.547292882797,True,True,False,False,False,False,False,False,False,False,Non-Extended Leader,[],0,"{'market_cap_inr': 462563303711.0, 'relative_volume': 0.9226706264099601, 'gap_percent': 1.3228666957406634, 'eps_growth_percent': 190.9090909090909, 'revenue_growth_percent': 158.6995379977226, 'fcf_growth_percent': 0.0}","['Top-decile blended 1/3/6-month momentum with price > 50 DMA > 200 DMA', 'Extension is 2.6 ATR multiples, inside the configured limit']"
HFCL,HFCL Ltd.,Telecommunication,Telecommunication,Telecom - Services,Telecom - Infrastructure,250.27,4.9966437321698365,21.5374902874903,8.136017974421028,16.54559001583309,214.37005401331493,229.86687755371028,225.39050000000003,222.8244,220.6503076923077,145.0463,True,True,True,True,4.022227422954638,4.1257708247134515,3.062269163496172,28.22110552763819,3.3207265483400072,1301077401.03,256.7,59.82,96.73405119869972,-2.5048694974678543,141.50540374483091,99,False,False,False,False,93.57298260447281,True,True,False,False,False,False,False,False,False,False,Non-Extended Leader,[],0,"{'market_cap_inr': 415329008317.0, 'relative_volume': 0.8064442346496692, 'gap_percent': -1.0665685913938865, 'eps_growth_percent': 0.0, 'revenue_growth_percent': 119.85488278110721, 'fcf_growth_percent': 0.0}","['Top-decile blended 1/3/6-month momentum with price > 50 DMA > 200 DMA', 'Extension is 3.1 ATR multiples, inside the configured limit']"
WELCORP,Welspun Corp Ltd.,Industrials,Capital Goods,Industrial Products,Iron & Steel Products,2497.5,-4.156113285747187,-8.840383983647836,-3.5937657842289195,63.32069055715406,162.99162849470855,189.0123242492623,2655.985005,2304.086004,2144.6753876923076,1395.3080009999999,False,True,True,True,5.958815672815674,5.437877458603112,1.4087348563081514,29.452727435050452,4.246959089189648,4767241305.58,2900.0,710.0,81.62100456621005,-13.879310344827589,123.76981766944736,98,False,False,False,False,86.46045164683012,True,True,False,False,True,False,False,False,False,False,Non-Extended Leader,[],0,"{'market_cap_inr': 713461354177.0, 'relative_volume': 0.7194404536034967, 'gap_percent': -0.1922650299489691, 'eps_growth_percent': 198.34462001504892, 'revenue_growth_percent': 14.912895714193198, 'fcf_growth_percent': 0.0}","['Top-decile blended 1/3/6-month momentum with price > 50 DMA > 200 DMA', 'Extension is 1.4 ATR multiples, inside the configured limit']"
REDINGTON,Redington Ltd.,Services,Services,Commercial Services & Supplies,Trading & Distributors,412.75,3.719060183440126,1.9513400024700367,11.163479666038235,53.667163067758736,89.16131989000917,47.489726639271026,397.04,365.973,344.63,277.8236,True,True,True,True,3.4308211473565784,3.5227430249972804,3.7255057738963373,13.501082251082241,2.171515630124098,1713036266.1,419.5,191.31,97.04193873526448,-1.6090584028605526,58.96415075023141,96,True,False,True,False,57.23890494622878,True,True,True,False,False,False,False,True,False,False,Tight Leader,[],0,"{'market_cap_inr': 317634934890.0, 'relative_volume': 0.7354753444972159, 'gap_percent': -0.07380073800738286, 'eps_growth_percent': 76.54710175797335, 'revenue_growth_percent': 34.565672998486825, 'fcf_growth_percent': 0.0}","['Top-decile blended 1/3/6-month momentum with price > 50 DMA > 200 DMA', 'Extension is 3.7 ATR multiples, inside the configured limit', '20-session range and daily volatility meet tight-setup limits']"
AEGISLOG,Aegis Logistics Ltd.,Energy,Oil Gas & Consumable Fuels,Gas,Trading - Gas,1359.5,-2.969095710513159,3.929363198532232,7.03038891513148,9.161715111610725,124.4881109643329,72.70071138211381,1365.0,1331.9260000000002,1327.3523076923077,935.90175,False,True,True,True,4.948773183418275,4.816474729771761,0.4183330002109907,24.082792207792213,3.301120862419094,1057992025.5,1528.7,576.1,82.23808524039471,-11.068227906063976,65.37915789370835,96,False,False,False,False,54.759441903579784,True,True,False,False,True,False,False,False,True,False,Non-Extended Leader,[],0,"{'market_cap_inr': 512442432861.0, 'relative_volume': 1.1254654920786669, 'gap_percent': 0.9382276400493115, 'eps_growth_percent': 268.9011840803999, 'revenue_growth_percent': 37.073763674748896, 'fcf_growth_percent': 0.0}","['Top-decile blended 1/3/6-month momentum with price > 50 DMA > 200 DMA', 'Extension is 0.4 ATR multiples, inside the configured limit']"
TDPOWERSYS,TD Power Systems Ltd.,Industrials,Capital Goods,Electrical Equipment,Heavy Electrical Equipment,812.9,2.6194533863535874,12.590027700831019,9.83650857992162,50.537037037037024,85.27635327635328,152.90503227813642,762.4575,718.443,683.206923076923,549.12475,True,True,True,True,4.585874206983815,5.219326592533751,2.8669471871219603,25.897058823529417,3.9549206977696554,1544460564.285,856.1,291.35,92.35059760956175,-5.046139469688127,88.44167528719635,98,True,False,True,False,54.25763141848468,True,True,False,False,False,False,False,True,False,False,Non-Extended Leader,[],0,"{'market_cap_inr': 256323992782.0, 'relative_volume': 0.634100637422421, 'gap_percent': 1.6928510534648615, 'eps_growth_percent': 72.28945726762322, 'revenue_growth_percent': 72.1044586090022, 'fcf_growth_percent': 0.0}","['Top-decile blended 1/3/6-month momentum with price > 50 DMA > 200 DMA', 'Extension is 2.9 ATR multiples, inside the configured limit']"
SANSERA,Sansera Engineering Ltd.,Consumer Discretionary,Automobile and Auto Components,Auto Components,Auto Components & Equipments,4291.2998,0.34372397830697565,-3.722076473028979,13.4484134339234,38.576542771337245,90.58044144424213,206.32449139838673,4281.589995,3962.316006,3793.6507738461537,2806.4470039999997,True,True,True,True,4.961866598753402,4.467424296368113,1.673325047876435,24.82894736842105,3.3079516809424714,1221072101.27,4743.5,1382.7,86.5448643180195,-9.533049436070417,103.61040163531341,98,False,False,False,False,53.09606990614574,True,True,False,False,False,False,False,False,False,False,Non-Extended Leader,[],0,"{'market_cap_inr': 265821630893.0, 'relative_volume': 0.5962166085611075, 'gap_percent': -0.2745383297744989, 'eps_growth_percent': 38.261738261738266, 'revenue_growth_percent': 33.270956081455815, 'fcf_growth_percent': 0.0}","['Top-decile blended 1/3/6-month momentum with price > 50 DMA > 200 DMA', 'Extension is 1.7 ATR multiples, inside the configured limit']"
SYRMA,Syrma SGS Technology Ltd.,Industrials,Capital Goods,Industrial Manufacturing,Industrial Products,1700.4,-1.0186856045171444,-2.6339899221255125,16.681534344335414,24.46201141853317,100.66084493745575,105.23838261919134,1668.4150000000002,1536.164,1500.4246153846154,1119.6644999999999,True,True,True,True,4.787949054004102,4.510387266621181,2.2329616034724182,28.533145275035253,3.0770128930577783,2144690528.525,1822.6,634.5,89.71467048228266,-6.704707560627665,73.26502534787966,97,False,False,False,False,52.99642555755277,True,True,False,False,False,False,False,False,False,False,Non-Extended Leader,[],0,"{'market_cap_inr': 336710965017.0, 'relative_volume': 0.5883162236844424, 'gap_percent': 0.3034293238678625, 'eps_growth_percent': 85.98582474226805, 'revenue_growth_percent': 68.28937053751139, 'fcf_growth_percent': 0.0}","['Top-decile blended 1/3/6-month momentum with price > 50 DMA > 200 DMA', 'Extension is 2.2 ATR multiples, inside the configured limit']"
WELSPUNLIV,Welspun Living Ltd.,Consumer Discretionary,Textiles,Textiles & Apparels,Other Textile Products,230.27,-3.7212024919513254,1.0177670541785533,10.435950314133624,41.330632787086486,89.02479067476608,96.45934647214402,218.631,193.9736,187.43753846153848,150.9436,True,True,True,True,3.8439347598161167,3.7127022608434004,4.8679366546903635,25.135411343893722,2.120376605601571,731961669.575,244.89,107.1,89.38965091806374,-5.970027359222496,70.42081596256662,97,False,False,False,False,52.68462532392011,True,False,False,False,False,False,False,False,False,False,Momentum Leader,[],0,"{'market_cap_inr': 222819883467.0, 'relative_volume': 0.34355989469522796, 'gap_percent': 0.14839311455948204, 'eps_growth_percent': 83.38609322126405, 'revenue_growth_percent': 23.661288966941964, 'fcf_growth_percent': 0.0}",['Top-decile blended 1/3/6-month momentum with price > 50 DMA > 200 DMA']
CPPLUS,Aditya Infotech Ltd.,Industrials,Capital Goods,Industrial Manufacturing,Industrial Products,3989.5,4.997891751818817,7.146696759593296,7.690436006844559,12.234847458649423,109.55457506040548,193.92912399616887,3721.355015,3623.59201,3618.5615430769235,2624.9935035000003,True,True,True,True,4.035413496141657,4.265800574593662,2.5023298545575923,20.1294790725685,2.904219023060278,842198461.215,4094.0,1304.0,96.25448028673836,-2.5525158768930134,98.13491105726328,98,True,False,True,False,50.026635636400634,True,True,False,False,False,False,False,True,False,False,Non-Extended Leader,[],0,"{'market_cap_inr': 497761153833.0, 'relative_volume': 1.121176360893287, 'gap_percent': 0.8634898767497333, 'eps_growth_percent': 302.98243270322615, 'revenue_growth_percent': 89.50660575079354, 'fcf_growth_percent': 0.0}","['Top-decile blended 1/3/6-month momentum with price > 50 DMA > 200 DMA', 'Extension is 2.5 ATR multiples, inside the configured limit']"
FINCABLES,Finolex Cables Ltd.,Industrials,Capital Goods,Industrial Products,Cables - Electricals,1467.3,0.582670688236897,0.4380861113012502,15.272213056799423,40.00954198473281,73.01025822426598,78.78640185207747,1407.875,1265.861,1211.7761538461539,1010.225,True,True,True,True,4.012715288528008,4.692967044031564,3.965693909550192,23.68920815787301,2.7221798242938187,1138094166.75,1498.0,700.8,96.1490215755143,-2.0493991989319116,60.709739552208084,96,False,False,False,False,47.02549624856273,True,True,False,False,False,False,False,False,False,False,Non-Extended Leader,[],0,"{'market_cap_inr': 226931409528.0, 'relative_volume': 1.288353914599634, 'gap_percent': 0.9302325581395318, 'eps_growth_percent': 53.14210476817456, 'revenue_growth_percent': 44.25805434533364, 'fcf_growth_percent': 0.0}","['Top-decile blended 1/3/6-month momentum with price > 50 DMA > 200 DMA', 'Extension is 4.0 ATR multiples, inside the configured limit']"
LAURUSLABS,Laurus Labs Ltd.,Healthcare,Healthcare,Pharmaceuticals & Biotechnology,Pharmaceuticals,1971.4,-0.63508064516129,-1.9545431939125613,7.141304347826094,34.18186768309284,81.91381378610316,128.06571031929664,1975.0849999999998,1894.23,1816.5707692307694,1372.8432500000001,False,True,True,True,2.3036565747329694,2.3397544877466667,1.768471454321364,10.339829280077307,1.453727556786671,2930048046.6800003,2055.3,843.0,93.07927080755589,-4.082129129567469,75.488043879169,97,False,False,False,False,46.51450529048028,True,True,True,False,True,False,False,False,False,False,Tight Leader,[],0,"{'market_cap_inr': 1110341560364.0, 'relative_volume': 0.8991843537918636, 'gap_percent': 0.107170693686663, 'eps_growth_percent': 125.16556291390728, 'revenue_growth_percent': 29.09968972393713, 'fcf_growth_percent': 0.0}","['Top-decile blended 1/3/6-month momentum with price > 50 DMA > 200 DMA', 'Extension is 1.8 ATR multiples, inside the configured limit', '20-session range and daily volatility meet tight-setup limits']"
RRKABEL,R R Kabel Ltd.,Industrials,Capital Goods,Industrial Products,Cables - Electricals,2648.0,5.154475418950044,7.651028538905602,7.90105912957666,20.996116061229152,91.02582599913431,111.31593647753574,2468.9549899999997,2631.983994,2563.493836923077,1964.5644975,True,True,True,True,3.002535066896849,2.9265047863088656,0.202666930865919,13.447564310742678,1.8328036851544687,739251579.25,2983.8,1218.9,80.97342625644511,-11.254105503049805,70.01424070234674,97,True,False,False,False,45.73423580347809,True,True,True,False,False,False,False,True,False,False,Tight Leader,['strongest_small_mid'],1,"{'market_cap_inr': 307963679702.0, 'relative_volume': 0.7210583773123423, 'gap_percent': -0.7897153351698806, 'eps_growth_percent': 128.55415160180902, 'revenue_growth_percent': 53.90147177451282, 'fcf_growth_percent': 0.0}","['Top-decile blended 1/3/6-month momentum with price > 50 DMA > 200 DMA', 'Extension is 0.2 ATR multiples, inside the configured limit', '20-session range and daily volatility meet tight-setup limits']"
RUBICON,Rubicon Research Ltd.,Healthcare,Healthcare,Pharmaceuticals & Biotechnology,Pharmaceuticals,1608.5,-1.373474768532712,0.9856855851331003,-9.036928123056043,16.028276707783306,101.44020037570445,0.0,1718.3049999999998,1696.854,1642.816923076923,1141.08575,False,False,False,True,3.9899640303743515,3.871464089607426,-1.3050067522940731,20.521694545920653,2.309565293211954,353301491.21000004,1899.0,570.75,78.12911725955203,-15.297525013164826,35.961114145800686,92,False,False,False,False,43.92674496724193,False,False,False,False,True,False,False,False,True,False,65 DMA Setup,[],0,"{'market_cap_inr': 260696203002.0, 'relative_volume': 0.3933561299730174, 'gap_percent': 0.0, 'eps_growth_percent': 82.35990953799764, 'revenue_growth_percent': 54.318324250484466, 'fcf_growth_percent': 0.0}",['Eligible stock; no leadership setup currently qualifies']
AZAD,Azad Engineering Ltd.,Industrials,Capital Goods,Electrical Equipment,Heavy Electrical Equipment,2927.2,2.317456126304873,7.491186839012931,5.39732834047455,31.299907208213295,74.97758383645166,69.35894468872945,2784.559995,2703.4279960000003,2627.2584646153846,2069.6535034999997,True,True,True,True,4.33300399211338,4.4000520110905486,1.9103012292599695,22.42269667318981,3.0771779689184897,1129166669.0149999,3127.8999,1360.0,88.64755295251727,-6.416442546642875,54.81305868528077,95,False,False,False,False,42.29533314257395,True,True,False,False,False,False,False,False,False,False,Non-Extended Leader,[],0,"{'market_cap_inr': 196680460989.0, 'relative_volume': 0.36825374964905844, 'gap_percent': 0.09185748966603839, 'eps_growth_percent': 20.282516570683473, 'revenue_growth_percent': 25.9001254631926, 'fcf_growth_percent': 0.0}","['Top-decile blended 1/3/6-month momentum with price > 50 DMA > 200 DMA', 'Extension is 1.9 ATR multiples, inside the configured limit']"
APARINDS,Apar Industries Ltd.,Industrials,Capital Goods,Electrical Equipment,Other Electrical Equipment,18102.0,2.5725294650951858,4.860105427793537,3.909075254003791,34.6574425351484,68.12482585678461,115.20537359567258,17709.55,16970.92,16255.492307692308,12765.1625,True,True,True,True,4.437157693703932,4.3489696450384985,1.5020454477064815,20.2934748673119,2.7019002159637497,2016470695.0,19265.0,6801.0,90.6691270860077,-6.036854399169478,67.12730583222677,96,False,False,False,False,40.357304043516734,True,True,False,False,False,False,False,False,False,False,Non-Extended Leader,[],0,"{'market_cap_inr': 760862241829.0, 'relative_volume': 0.8446872487361142, 'gap_percent': 0.7488986784140969, 'eps_growth_percent': 77.42774124483866, 'revenue_growth_percent': 29.131140089652373, 'fcf_growth_percent': 0.0}","['Top-decile blended 1/3/6-month momentum with price > 50 DMA > 200 DMA', 'Extension is 1.5 ATR multiples, inside the configured limit']"
MTARTECH,MTAR Technologies Ltd.,Industrials,Capital Goods,Electrical Equipment,Other Electrical Equipment,7654.0,-1.8340387328459662,8.221986567691776,6.88451333612623,12.12187797553652,84.05675123241554,295.33081968906566,7310.15,6975.77,6823.515384615384,5483.347502500001,True,True,True,True,4.278808466161484,4.108589532235338,2.2722807880236515,24.037878787878796,2.9458172293980622,673273163.0,8714.0,1866.2,84.52057595140045,-12.164333256828098,120.75694184534936,98,False,False,False,False,39.58648611843556,True,True,False,False,False,False,False,False,False,False,Non-Extended Leader,[],0,"{'market_cap_inr': 241813453987.0, 'relative_volume': 0.6914974631963725, 'gap_percent': -0.6357683260219976, 'eps_growth_percent': 364.50943020510346, 'revenue_growth_percent': 130.36900321871968, 'fcf_growth_percent': 0.0}","['Top-decile blended 1/3/6-month momentum with price > 50 DMA > 200 DMA', 'Extension is 2.3 ATR multiples, inside the configured limit']"
DIVISLAB,Divi's Laboratories Ltd.,Healthcare,Healthcare,Pharmaceuticals & Biotechnology,Pharmaceuticals,9196.0,-0.5730349226943487,-3.706806282722508,1.0549450549450556,36.13619541080681,56.341380482828974,61.0507880910683,9388.7,8923.66,8512.676923076922,7086.37,False,True,True,True,1.942614801466476,1.9515982280164756,1.5710200393701912,9.156113414770829,1.2193799901775748,4512153594.5,9740.0,5647.5,86.70739156994503,-5.585215605749482,47.28746525771457,94,False,False,False,False,35.44795685065024,True,True,True,False,True,False,False,False,False,False,Tight Leader,[],0,"{'market_cap_inr': 2543188870850.0, 'relative_volume': 0.874435291254163, 'gap_percent': 0.0, 'eps_growth_percent': 65.50509749290053, 'revenue_growth_percent': 27.800829875518673, 'fcf_growth_percent': 0.0}","['Top-decile blended 1/3/6-month momentum with price > 50 DMA > 200 DMA', 'Extension is 1.6 ATR multiples, inside the configured limit', '20-session range and daily volatility meet tight-setup limits']"
PAYTM,One 97 Communications Ltd.,Financial Services,Financial Services,Financial Technology (Fintech),Financial Technology (Fintech),1684.0,1.6908212560386549,2.9465704853894215,1.476348297680019,37.64917443191105,53.37674757502617,44.17808219178083,1735.5049999999999,1628.99,1555.5846153846153,1279.236,False,True,True,True,3.475992534781134,3.377086801525364,0.9715035493213766,14.226791430682084,2.6637498189126934,5860957013.5,1855.5,930.6,81.45745485998486,-9.242791700350306,41.7777188572738,93,False,False,False,False,34.896997155599344,True,True,True,False,True,False,False,False,False,False,Tight Leader,[],0,"{'market_cap_inr': 1112547904541.0, 'relative_volume': 5.309266330708846, 'gap_percent': -3.521939953810624, 'eps_growth_percent': 79.8941798941799, 'revenue_growth_percent': 27.66623207301173, 'fcf_growth_percent': 0.0}","['Top-decile blended 1/3/6-month momentum with price > 50 DMA > 200 DMA', 'Extension is 1.0 ATR multiples, inside the configured limit', '20-session range and daily volatility meet tight-setup limits']"
ENGINERSIN,Engineers India Ltd.,Industrials,Construction,Construction,Civil Construction,307.85,-1.5667466027178167,-1.9273654029945742,10.162819824655589,30.949848994002306,47.58617383383672,52.96134353572495,289.44,263.7574,256.2493846153846,229.22375,True,True,True,True,4.192672683820967,3.9568332453991735,3.98721905827878,26.735015772870653,2.771997860682718,892134264.1949999,321.4,163.55,91.41590117199875,-4.215930304915982,42.30366450766935,94,False,False,False,False,32.40762163759939,True,True,False,False,False,False,False,False,False,False,Non-Extended Leader,[],0,"{'market_cap_inr': 173249556976.0, 'relative_volume': 1.909985857453925, 'gap_percent': -0.1621796951021732, 'eps_growth_percent': 141.4919216225507, 'revenue_growth_percent': -5.804166164479417, 'fcf_growth_percent': 0.0}","['Top-decile blended 1/3/6-month momentum with price > 50 DMA > 200 DMA', 'Extension is 4.0 ATR multiples, inside the configured limit']"
GLAND,Gland Pharma Ltd.,Healthcare,Healthcare,Pharmaceuticals & Biotechnology,Pharmaceuticals,2911.5,1.2907076708428722,0.5352209944751385,-0.7127233908308273,16.655982049843733,66.4570350465954,46.92672587807834,2919.78998,2834.183994,2748.647689230769,2172.554,False,True,True,True,2.659158509359436,2.6419609079098194,1.025881372512251,8.648474740312096,1.6642073005410003,1017622304.1600001,3042.0,1573.6,91.11277581040589,-4.289940828402372,40.94973935584036,93,False,False,False,False,32.23422688837576,True,True,True,False,True,False,False,False,False,False,Tight Leader,[],0,"{'market_cap_inr': 520105985540.0, 'relative_volume': 1.0921301332975621, 'gap_percent': 0.36183584079223297, 'eps_growth_percent': 46.955378169251, 'revenue_growth_percent': 19.569918611709976, 'fcf_growth_percent': 0.0}","['Top-decile blended 1/3/6-month momentum with price > 50 DMA > 200 DMA', 'Extension is 1.0 ATR multiples, inside the configured limit', '20-session range and daily volatility meet tight-setup limits']"
ATHERENERG,Ather Energy Ltd.,Consumer Discretionary,Automobile and Auto Components,Automobiles,2/3 Wheelers,1409.9,0.27025104900080255,-3.0929960822049574,-10.991161616161616,17.49166666666668,71.8866199329473,137.75716694772348,1529.775,1500.47,1439.2384615384615,1021.725,False,False,False,True,3.6410890336700676,3.3428290161004766,-1.657775635291433,21.833139196272565,2.5535265471032695,4795375958.215,1744.0,582.0,71.24784853700518,-19.157110091743114,68.49490256304558,97,False,False,False,False,32.128940902471854,False,False,False,False,True,False,False,False,True,False,65 DMA Setup,[],0,"{'market_cap_inr': 577541796021.0, 'relative_volume': 0.7185255889009805, 'gap_percent': -0.03436426116838488, 'eps_growth_percent': 72.12816654125909, 'revenue_growth_percent': 88.78684455476264, 'fcf_growth_percent': 0.0}",['Eligible stock; no leadership setup currently qualifies']
INOXINDIA,INOX India Ltd.,Industrials,Capital Goods,Industrial Products,Other Industrial Products,2089.1001,-3.6526264815754272,1.8526643336422177,-7.060232227066465,11.365216695985936,70.69205817468746,80.06379072573695,2124.440005,2045.579994,2027.2030723076923,1575.8659985,False,True,True,True,4.278671403607163,4.612083648646875,0.49723826496067935,21.167391754713073,3.8802488603150787,516031849.57500005,2339.5,1068.2,80.30363407535594,-10.703137422526176,49.88654808466577,95,False,False,False,False,30.489591056703446,True,True,False,False,True,False,False,False,False,False,Non-Extended Leader,[],0,"{'market_cap_inr': 189182363208.0, 'relative_volume': 0.5129219790963929, 'gap_percent': -0.009606147934669457, 'eps_growth_percent': -4.918032786885247, 'revenue_growth_percent': 9.176546450565256, 'fcf_growth_percent': 0.0}","['Top-decile blended 1/3/6-month momentum with price > 50 DMA > 200 DMA', 'Extension is 0.5 ATR multiples, inside the configured limit']"
SAILIFE,Sai Life Sciences Ltd.,Healthcare,Healthcare,Pharmaceuticals & Biotechnology,Pharmaceuticals,1511.3,-1.9400467168440239,-4.5173110942633325,-4.607713185634033,25.076553835967896,54.51385338922399,71.23272150464534,1578.825,1495.362,1440.7969230769231,1156.85025,False,True,True,True,2.9969468102201517,3.1106792150960416,0.3556382357484344,13.65615163083518,2.0044981463546496,676825651.165,1697.0,783.85,79.66380112796364,-10.942840306423108,46.1794780239096,94,False,True,False,False,29.43040690186985,True,True,True,False,True,False,False,False,False,False,Tight Leader,[],0,"{'market_cap_inr': 331074474431.0, 'relative_volume': 1.2650389791436845, 'gap_percent': 0.1024458957613098, 'eps_growth_percent': 20.84805653710247, 'revenue_growth_percent': 11.656685179253817, 'fcf_growth_percent': 0.0}","['Top-decile blended 1/3/6-month momentum with price > 50 DMA > 200 DMA', 'Extension is 0.4 ATR multiples, inside the configured limit', '20-session range and daily volatility meet tight-setup limits']"
ACMESOLAR,ACME Solar Holdings Ltd.,Utilities,Power,Power,Power Generation,427.65,-1.1328170153739547,-2.340717058689201,2.308612440191382,17.084188911704313,56.590992310508945,49.39737991266375,428.36,401.691,395.5092307692307,312.49865,False,True,True,True,4.4286883466118825,4.069444523672647,1.459219879808008,22.407597535934286,2.2661547175330554,512931843.12,476.9,195.9,82.47330960854092,-10.327112602222687,39.29137483550853,92,False,False,False,False,29.193016153347934,True,True,False,False,True,False,False,False,False,False,Non-Extended Leader,[],0,"{'market_cap_inr': 308338590770.0, 'relative_volume': 0.7119536042394764, 'gap_percent': 0.05731972945087699, 'eps_growth_percent': 71.49532710280373, 'revenue_growth_percent': 67.81347361169821, 'fcf_growth_percent': 0.0}","['Top-decile blended 1/3/6-month momentum with price > 50 DMA > 200 DMA', 'Extension is 1.5 ATR multiples, inside the configured limit']"
CARBORUNIV,Carborundum Universal Ltd.,Industrials,Capital Goods,Industrial Products,Abrasives & Bearings,1267.6,2.250544486569317,-0.8525615956198718,17.58812615955472,14.600849832745677,47.275473451841506,37.08970961985616,1163.19,1129.226,1118.4646153846154,981.164,True,True,True,True,4.939029887751884,4.5245551201198335,2.4810297507425716,34.45634024162656,2.718078403687296,314398520.73,1368.9,735.2,84.01451791068327,-7.400102271897158,34.47551037823086,90,False,False,False,False,28.41751836208627,True,True,False,False,False,False,False,False,False,False,Non-Extended Leader,[],0,"{'market_cap_inr': 238769921334.0, 'relative_volume': 0.2607216563276932, 'gap_percent': 0.5808864486353111, 'eps_growth_percent': 23.399280022153164, 'revenue_growth_percent': 17.030893668684683, 'fcf_growth_percent': 0.0}","['Top-decile blended 1/3/6-month momentum with price > 50 DMA > 200 DMA', 'Extension is 2.5 ATR multiples, inside the configured limit']"
SONACOMS,Sona BLW Precision Forgings Ltd.,Consumer Discretionary,Automobile and Auto Components,Auto Components,Auto Components & Equipments,797.0,-0.9937888198757738,-1.349176878326519,1.0139416983523386,20.38365682350276,52.37548991492211,89.89754586609484,803.275,799.2660000000001,774.8207692307692,618.97,False,False,True,True,3.0780605843341093,2.72130991049741,-0.09210673824242935,10.269415717014695,1.8733438735462067,1837919213.5,844.0,404.35,89.3096781530763,-5.568720379146919,50.80744026953556,95,False,False,False,False,28.337961278782895,False,False,False,False,True,False,False,False,True,False,65 DMA Setup,[],0,"{'market_cap_inr': 506823474193.0, 'relative_volume': 0.6333632624409162, 'gap_percent': 0.061690314620604564, 'eps_growth_percent': 44.63333167156886, 'revenue_growth_percent': 52.38205097276401, 'fcf_growth_percent': 0.0}",['Eligible stock; no leadership setup currently qualifies']
ACE,Action Construction Equipment Ltd.,Industrials,Capital Goods,Agricultural Commercial & Construction Vehicles,Construction Vehicles,1227.5,1.2538150622783073,1.2037266056558638,9.072329838279725,26.716217611231553,41.76820465438587,13.995170876671615,1192.03,1147.138,1113.0753846153846,965.4019999999999,True,True,True,True,3.258073901658423,3.2248729482218095,2.1501766398092865,16.74799742196853,1.434551398308557,336916772.0,1268.0,745.1,92.25473321858864,-3.1940063091482673,27.646440612469025,87,False,False,False,False,28.326040485255323,True,True,False,False,False,False,False,False,False,False,Non-Extended Leader,[],0,"{'market_cap_inr': 148848038210.0, 'relative_volume': 1.4512374273757531, 'gap_percent': 0.0, 'eps_growth_percent': 22.260920394071864, 'revenue_growth_percent': 20.48828364617838, 'fcf_growth_percent': 0.0}","['Top-decile blended 1/3/6-month momentum with price > 50 DMA > 200 DMA', 'Extension is 2.2 ATR multiples, inside the configured limit']"
GRAPHITE,Graphite India Ltd.,Industrials,Capital Goods,Industrial Products,Electrodes & Refractories,816.4,3.847866183298354,2.177722152690853,11.286804798255169,40.91654440321049,27.89222213519229,47.05935332792939,806.89,747.163,720.0384615384615,681.5755,True,True,True,True,3.5206831385175352,4.32004426205218,2.6320609647431623,22.629733520336615,4.066146468674921,1267606738.825,874.35,516.2,83.81962864721484,-6.627780637044667,37.285153534079335,92,False,False,False,False,28.29938059476438,True,True,False,False,False,False,False,False,False,False,Non-Extended Leader,[],0,"{'market_cap_inr': 163099544398.0, 'relative_volume': 0.7382233757966737, 'gap_percent': -0.47359271026916033, 'eps_growth_percent': 28.358557139941087, 'revenue_growth_percent': 26.61654135338346, 'fcf_growth_percent': 0.0}","['Top-decile blended 1/3/6-month momentum with price > 50 DMA > 200 DMA', 'Extension is 2.6 ATR multiples, inside the configured limit']"
AEGISVOPAK,Aegis Vopak Terminals Ltd.,Energy,Oil Gas & Consumable Fuels,Oil,Oil Storage & Transportation,297.55,2.338779019776438,-0.3349522693016249,4.586994727592275,7.5702252268536885,58.845825325645976,4.9929428369795525,298.135,286.6966,286.56830769230766,235.9196,False,True,True,True,4.729097150538926,4.47645371068384,0.8005068096696559,14.52274754683318,2.472292501973817,515029605.97,320.95,158.0,85.6397667996318,-7.290855273407071,24.609760039241856,84,False,False,False,False,27.33465764155525,True,True,True,False,True,False,False,False,False,False,Tight Leader,[],0,"{'market_cap_inr': 326912865296.0, 'relative_volume': 0.8219727751998774, 'gap_percent': 0.23789294817331813, 'eps_growth_percent': -6.957878315132601, 'revenue_growth_percent': 12.397614482346132, 'fcf_growth_percent': 0.0}","['Top-decile blended 1/3/6-month momentum with price > 50 DMA > 200 DMA', 'Extension is 0.8 ATR multiples, inside the configured limit', '20-session range and daily volatility meet tight-setup limits']"
COFORGE,Coforge Ltd.,Information Technology,Information Technology,IT - Software,Computers - Software & Consulting,1852.0,1.4238773274917849,4.455724760293278,-6.12327656123276,28.08631302303064,46.414736342793894,14.809993180831938,1810.735,1830.924,1754.68,1517.1429999999998,True,True,True,True,3.0071737118173423,3.0770179784804252,0.38278891803004356,13.826441467676176,2.1278070973883816,3416248883.0,2021.2,1008.1,83.2987859046491,-8.37126459528993,27.348029703262434,86,False,False,False,False,26.86528495487009,True,True,True,False,False,False,False,False,False,False,Tight Leader,[],0,"{'market_cap_inr': 810649901733.0, 'relative_volume': 0.9434802664329631, 'gap_percent': 0.20853912852595516, 'eps_growth_percent': 30.91684434968015, 'revenue_growth_percent': 49.219846668826264, 'fcf_growth_percent': 0.0}","['Top-decile blended 1/3/6-month momentum with price > 50 DMA > 200 DMA', 'Extension is 0.4 ATR multiples, inside the configured limit', '20-session range and daily volatility meet tight-setup limits']"
TEGA,Tega Industries Ltd.,Industrials,Capital Goods,Industrial Manufacturing,Industrial Products,2064.1001,-1.3996274672603115,-1.3147828784288107,32.92762107161258,27.515914005065788,22.23736231197444,9.148120141716465,1905.5950099999998,1733.250004,1709.629233846154,1733.6540009999999,True,True,True,True,5.422979313288703,5.574530131423436,3.519914442655244,42.71800532432959,3.7104311116242923,864852474.1949999,2198.0,1473.0,81.53104827586208,-6.091897179253857,24.11129047271754,84,False,False,False,False,26.757420094465946,False,False,False,True,False,True,False,False,False,False,Recovery,[],0,"{'market_cap_inr': 159586242177.0, 'relative_volume': 1.3550771586271348, 'gap_percent': -0.12243360331512097, 'eps_growth_percent': -316.02236993240064, 'revenue_growth_percent': 383.98784583759254, 'fcf_growth_percent': 0.0}",['Eligible stock; no leadership setup currently qualifies']
NEULANDLAB,Neuland Laboratories Ltd.,Healthcare,Healthcare,Pharmaceuticals & Biotechnology,Pharmaceuticals,21875.0,1.7205301092769076,-0.06852444038373262,-4.434250764525993,15.740740740740744,55.63856278904304,42.174704276615095,22532.25,22235.92,21464.507692307692,17034.305,False,False,True,True,3.391020408163266,3.3374685404296485,-0.47865813278703434,16.944243301955098,1.950176441031747,1187078042.5,24225.0,11500.0,81.53241650294696,-9.70072239422085,35.49155176480566,91,False,False,False,False,26.656121683744978,False,False,False,False,True,False,False,False,True,False,65 DMA Setup,[],0,"{'market_cap_inr': 277962738441.0, 'relative_volume': 0.5353575266534011, 'gap_percent': 0.0, 'eps_growth_percent': 962.3937382892905, 'revenue_growth_percent': 119.15326485460254, 'fcf_growth_percent': 0.0}",['Eligible stock; no leadership setup currently qualifies']
BHEL,Bharat Heavy Electricals Ltd.,Industrials,Capital Goods,Electrical Equipment,Heavy Electrical Equipment,429.0,1.9002375296912177,4.151493080844881,-0.4871259568545616,13.552143991529908,54.761904761904766,75.08774793894375,423.4125,420.17400000000004,417.20384615384614,350.1587,True,True,True,True,2.700632700632698,2.635882572383451,0.7778023052242963,9.264778936910067,1.890344829694135,2846527630.6,446.5,229.54,91.9339970501475,-3.919372900335949,45.14738698921078,94,False,False,False,False,26.526230812583734,True,True,True,False,False,False,False,False,True,False,Tight Leader,[],0,"{'market_cap_inr': 1563098163781.0, 'relative_volume': 1.306098271937175, 'gap_percent': 0.06688963210702595, 'eps_growth_percent': 0.0, 'revenue_growth_percent': 40.292441465232706, 'fcf_growth_percent': 0.0}","['Top-decile blended 1/3/6-month momentum with price > 50 DMA > 200 DMA', 'Extension is 0.8 ATR multiples, inside the configured limit', '20-session range and daily volatility meet tight-setup limits']"
CARTRADE,Cartrade Tech Ltd.,Consumer Discretionary,Consumer Services,Retailing,E-Retail/ E-Commerce,2935.3999,4.5891753513441325,1.9200652088446457,-2.1598593427104795,5.745884424722947,61.623163748485844,17.51941308351348,2965.735005,2928.1880060000003,2894.561535384615,2383.1459975,False,True,True,True,4.018678778899694,3.9015217060559095,0.061286819475717236,17.734871158478715,2.433841544891254,787410958.87,3290.5,1600.0,78.99437444543034,-10.791676037076437,27.732789328975898,87,False,False,False,False,26.12036021236975,True,True,False,False,True,False,False,False,True,False,Non-Extended Leader,[],0,"{'market_cap_inr': 141802338586.0, 'relative_volume': 0.6574294638837824, 'gap_percent': 0.10978831440629476, 'eps_growth_percent': 22.434367541766097, 'revenue_growth_percent': 16.2526287320193, 'fcf_growth_percent': 0.0}","['Top-decile blended 1/3/6-month momentum with price > 50 DMA > 200 DMA', 'Extension is 0.1 ATR multiples, inside the configured limit']"
PTCIL,PTC Industries Ltd.,Industrials,Capital Goods,Industrial Products,Castings & Forgings,22530.0,2.2928490351872943,3.301237964236581,-5.415617128463479,29.415819403756682,42.54080728837151,45.092735703245744,22591.25,20995.14,20222.753846153846,18263.245,False,True,True,True,3.455709847187877,3.5454254131577594,2.1154985042278858,11.971176197117629,2.3063561067806773,394374950.0,24125.0,14499.0,83.43029295657594,-6.611398963730575,35.709199253756765,92,False,False,False,False,25.957955424547574,True,True,True,False,True,False,False,False,False,False,Tight Leader,[],0,"{'market_cap_inr': 370558826461.0, 'relative_volume': 1.2837769964841788, 'gap_percent': 0.0, 'eps_growth_percent': 465.5825849391112, 'revenue_growth_percent': 97.43160573279683, 'fcf_growth_percent': 0.0}","['Top-decile blended 1/3/6-month momentum with price > 50 DMA > 200 DMA', 'Extension is 2.1 ATR multiples, inside the configured limit', '20-session range and daily volatility meet tight-setup limits']"
CEMPRO,Cemindia Projects Ltd.,Industrials,Construction,Construction,Civil Construction,1156.6,-1.8915938586818393,-8.001909004136188,-10.8181047112345,-22.583668005354763,91.15775555739194,41.87059184299293,1248.03,1272.63,1339.6723076923076,967.71625,False,False,False,True,4.355129566957343,3.7870157819720207,-2.0934715126649475,17.815842100686897,1.9778067455520407,264518547.13,1649.2,503.3,57.011955668033856,-29.869027407227755,35.517395586693524,91,False,True,False,False,25.854292243273985,False,False,False,False,True,False,False,False,False,False,Monitor,[],0,"{'market_cap_inr': 195374025849.0, 'relative_volume': 3.129993267821886, 'gap_percent': 1.9511337669186188, 'eps_growth_percent': 2.6225527014170575, 'revenue_growth_percent': 5.609377425865548, 'fcf_growth_percent': 0.0}",['Eligible stock; no leadership setup currently qualifies']
CYIENT,Cyient Ltd.,Information Technology,Information Technology,IT - Services,IT Enabled Services,1140.2,3.2228861126199604,4.156389878505529,2.6005579051561423,34.44169319655701,32.697119581029966,-0.8004176091874093,1079.0149999999999,991.8489999999999,958.4684615384615,959.8805,True,True,True,True,4.164682887713937,3.8068338517835776,3.5913933976443686,13.898864408424739,1.8871178183043664,360261147.66999996,1222.0,750.3,82.65846936612255,-6.693944353518821,21.447041651067376,82,True,False,False,False,25.78357992749598,True,True,True,False,False,False,False,True,False,False,Tight Leader,[],0,"{'market_cap_inr': 116775008259.0, 'relative_volume': 0.6120317266134475, 'gap_percent': 0.5112107623318427, 'eps_growth_percent': -32.3953823953824, 'revenue_growth_percent': 21.25832457062741, 'fcf_growth_percent': 0.0}","['Top-decile blended 1/3/6-month momentum with price > 50 DMA > 200 DMA', 'Extension is 3.6 ATR multiples, inside the configured limit', '20-session range and daily volatility meet tight-setup limits']"
ABDL,Allied Blenders and Distillers Ltd.,Fast Moving Consumer Goods,Fast Moving Consumer Goods,Beverages,Breweries & Distilleries,696.75,2.546177054970933,-3.6906489736678427,14.230674645462727,3.25281564908122,52.41168106748333,31.437464629315226,662.8625,633.66,633.5769230769231,564.164,True,True,True,True,4.021220974934644,3.8074921481982904,2.4759752275906743,28.51419316341317,2.538468786303664,343248135.475,753.8,382.1,84.65160075329567,-7.568320509418935,30.980072892731215,89,False,False,False,False,25.66082656553744,True,True,False,False,False,False,False,False,False,False,Non-Extended Leader,[],0,"{'market_cap_inr': 194258695038.0, 'relative_volume': 0.466606675633852, 'gap_percent': 0.7994238386748225, 'eps_growth_percent': -12.981553830176548, 'revenue_growth_percent': 6.076754544939346, 'fcf_growth_percent': 0.0}","['Top-decile blended 1/3/6-month momentum with price > 50 DMA > 200 DMA', 'Extension is 2.5 ATR multiples, inside the configured limit']"
BBOX,Black Box Ltd.,Information Technology,Information Technology,IT - Services,IT Enabled Services,812.5,2.092102783187788,3.747685628551367,14.075114075114081,-12.793817752495439,66.49590163934427,45.3878500492082,790.42,767.938,788.3884615384616,707.2825,True,True,True,True,4.352967032967033,4.868341417381489,1.3330705613542095,17.535414660981985,3.037766847782272,458641480.755,1103.0,444.3,55.89798087141339,-26.33726201269265,35.35546225431092,91,False,False,False,False,25.639302961142825,True,True,False,False,False,False,False,False,False,False,Non-Extended Leader,[],0,"{'market_cap_inr': 157157534104.0, 'relative_volume': 1.9524322700380476, 'gap_percent': 1.8251681075888544, 'eps_growth_percent': 12.903225806451607, 'revenue_growth_percent': 23.923734802486408, 'fcf_growth_percent': 0.0}","['Top-decile blended 1/3/6-month momentum with price > 50 DMA > 200 DMA', 'Extension is 1.3 ATR multiples, inside the configured limit']"
CHENNPETRO,Chennai Petroleum Corporation Ltd.,Energy,Oil Gas & Consumable Fuels,Petroleum Products,Refineries & Marketing,1401.0,4.055258467023171,-0.504225552162485,-3.5256851673323264,26.22758807099739,42.472161488788316,79.52332137365454,1443.66,1387.606,1341.2184615384615,1101.3522500000001,False,True,True,True,4.580401753849291,5.076828118639002,0.2107368835425426,26.59421930420347,3.4979098309520857,2219685185.675,1677.5,716.8,71.21890288331426,-16.482861400894187,45.50421317598429,94,False,False,False,False,25.28709912853133,True,True,False,False,True,False,False,False,False,False,Non-Extended Leader,[],0,"{'market_cap_inr': 240000483557.0, 'relative_volume': 1.7311952213689397, 'gap_percent': -0.4527693357315608, 'eps_growth_percent': 0.0, 'revenue_growth_percent': 84.77481108516407, 'fcf_growth_percent': 0.0}","['Top-decile blended 1/3/6-month momentum with price > 50 DMA > 200 DMA', 'Extension is 0.2 ATR multiples, inside the configured limit']"
AETHER,Aether Industries Ltd.,Commodities,Chemicals,Chemicals & Petrochemicals,Specialty Chemicals,1661.0,-0.5389221556886259,-4.49632014719411,2.177657480314976,17.51804160181123,46.49850061739285,119.50574864543411,1660.845,1629.9579999999999,1588.9,1244.6580000000001,True,True,True,True,3.210200395630862,3.5574333033088417,0.5932546306587699,15.798286855155542,2.400277534536059,294043812.75,1798.0,728.0,87.19626168224299,-7.619577308120129,57.38495787595007,95,False,False,False,False,25.275129177669818,True,True,False,False,False,False,False,False,False,False,Non-Extended Leader,[],0,"{'market_cap_inr': 237251021576.0, 'relative_volume': 0.3721552787822575, 'gap_percent': 0.0, 'eps_growth_percent': 33.741585110595686, 'revenue_growth_percent': 27.248674156077453, 'fcf_growth_percent': 0.0}","['Top-decile blended 1/3/6-month momentum with price > 50 DMA > 200 DMA', 'Extension is 0.6 ATR multiples, inside the configured limit']"
KALYANKJIL,Kalyan Jewellers India Ltd.,Consumer Discretionary,Consumer Durables,Consumer Durables,Gems Jewellery And Watches,556.85,5.364238410596034,-1.2677304964539005,-7.005678022712081,48.83068288119738,24.826272136292317,13.14639845575536,579.0699999999999,593.625,577.01,460.915,False,False,False,True,3.0997062558524364,2.9731368501350266,-1.9985727379547402,18.727272727272727,2.2064307210166443,3133419906.24,648.95,327.05,71.38863000931967,-14.19215656059789,25.426144269108775,85,False,False,False,False,25.26982835725799,False,False,False,False,True,False,False,False,False,False,Monitor,[],0,"{'market_cap_inr': 587428742862.0, 'relative_volume': 0.7552479711720165, 'gap_percent': 0.492091388400695, 'eps_growth_percent': 31.640625, 'revenue_growth_percent': 45.68292523534854, 'fcf_growth_percent': 0.0}",['Eligible stock; no leadership setup currently qualifies']
WOCKPHARMA,Wockhardt Ltd.,Healthcare,Healthcare,Pharmaceuticals & Biotechnology,Pharmaceuticals,2063.5,-0.9789289783064814,-5.672887837224005,-1.2064920764111586,13.09947930939983,50.65342775790318,41.33561643835617,2164.065,2026.9520000000002,1989.0661538461538,1668.9464985,False,True,True,True,4.3663671293571955,3.9827679051275076,0.41295231299651547,19.96136837289686,2.675209459470841,1750577611.255,2422.3,1086.7,73.13566936208444,-14.81236841018867,33.568133349368026,90,False,False,False,False,24.544565842348426,True,True,False,False,True,False,False,False,False,False,Non-Extended Leader,[],0,"{'market_cap_inr': 349140858192.0, 'relative_volume': 0.6964558715044089, 'gap_percent': 0.0, 'eps_growth_percent': 0.0, 'revenue_growth_percent': 25.880758807588077, 'fcf_growth_percent': 0.0}","['Top-decile blended 1/3/6-month momentum with price > 50 DMA > 200 DMA', 'Extension is 0.4 ATR multiples, inside the configured limit']"
JYOTICNC,Jyoti CNC Automation Ltd.,Industrials,Capital Goods,Industrial Manufacturing,Industrial Products,1029.6,-0.24222459064043855,-1.577287066246058,2.560015937842408,36.61513965368539,27.425742574257406,11.809741000162877,1032.775,958.513,919.4115384615385,828.5755,False,True,True,True,4.504176379176377,4.0909231529720715,1.6465570790366435,22.18393280206761,2.5833246189710977,677474115.99,1134.6,580.1,81.06402164111812,-9.25436277102063,24.185956451025728,84,False,False,False,False,24.42559989295345,True,True,False,False,True,False,False,False,False,False,Non-Extended Leader,[],0,"{'market_cap_inr': 243524661984.0, 'relative_volume': 2.371496225965053, 'gap_percent': -0.16806722689075207, 'eps_growth_percent': -19.994268246083298, 'revenue_growth_percent': 23.965672769827144, 'fcf_growth_percent': 0.0}","['Top-decile blended 1/3/6-month momentum with price > 50 DMA > 200 DMA', 'Extension is 1.6 ATR multiples, inside the configured limit']"
LENSKART,Lenskart Solutions Ltd.,Consumer Discretionary,Consumer Services,Retailing,Speciality Retail,692.75,0.2314982275916977,5.731074481074483,1.1461527230252733,29.111918740098798,34.671461897356146,0.0,685.15,644.549,621.7976923076923,535.1655000000001,True,True,True,True,3.3005103882043647,2.9295823335075957,2.2657866074320783,11.830942464908233,1.7851414004802515,3498581792.24,725.0,356.1,91.25779343995663,-4.448275862068963,20.72886523728727,81,False,False,False,False,24.344294498733355,True,True,True,False,False,False,False,False,False,False,Tight Leader,[],0,"{'market_cap_inr': 1184989260360.0, 'relative_volume': 1.2436323792861907, 'gap_percent': 0.528401585204759, 'eps_growth_percent': 268.02760207015524, 'revenue_growth_percent': 43.26970025680209, 'fcf_growth_percent': 0.0}","['Top-decile blended 1/3/6-month momentum with price > 50 DMA > 200 DMA', 'Extension is 2.3 ATR multiples, inside the configured limit', '20-session range and daily volatility meet tight-setup limits']"
LALPATHLAB,Dr. Lal Path Labs Ltd.,Healthcare,Healthcare,Healthcare Services,Healthcare Service Provider,1971.3,-1.6857014612737475,0.9732110843620356,2.3945564097236582,17.283436458829126,42.99289133903961,24.423265061381638,1930.825,1916.068,1866.9676923076922,1600.586,True,True,True,True,3.5658122631186084,3.1742494794507,0.8083908285029596,9.308310991957104,0.9954654975111071,471898119.07500005,2038.6,1272.6,91.21409921671018,-3.3012851957225475,27.78241357089414,87,False,False,False,False,23.844998398636953,True,True,True,False,False,False,False,False,False,False,Tight Leader,[],0,"{'market_cap_inr': 326541470732.0, 'relative_volume': 0.761524269549895, 'gap_percent': 0.0, 'eps_growth_percent': 27.823343848580457, 'revenue_growth_percent': 19.09525231412362, 'fcf_growth_percent': 0.0}","['Top-decile blended 1/3/6-month momentum with price > 50 DMA > 200 DMA', 'Extension is 0.8 ATR multiples, inside the configured limit', '20-session range and daily volatility meet tight-setup limits']"
RADICO,Radico Khaitan Ltd,Fast Moving Consumer Goods,Fast Moving Consumer Goods,Beverages,Breweries & Distilleries,4289.1001,1.2296459759263634,-4.224810942760016,-4.559410324877621,5.186874504932426,57.8558000126679,47.179332235261825,4418.85498,4491.497988,4399.672295384615,3551.2569919999996,False,False,False,True,2.732674290214999,2.3657786572837214,-1.6490236947853887,8.956746904540802,1.9199354344872288,1031479312.595,4747.0,2500.0,79.62172229639518,-9.64609016220772,35.00087082648231,91,False,False,False,False,23.817873500574105,False,False,False,False,True,False,False,False,True,False,65 DMA Setup,[],0,"{'market_cap_inr': 602950767517.0, 'relative_volume': 0.5521172970745104, 'gap_percent': 0.4983314794215714, 'eps_growth_percent': 75.97535934291582, 'revenue_growth_percent': 11.795824096641207, 'fcf_growth_percent': 0.0}",['Eligible stock; no leadership setup currently qualifies']
MEESHO,Meesho Ltd.,Consumer Discretionary,Consumer Services,Retailing,E-Retail/ E-Commerce,226.5,3.5712652613288265,4.459714984088903,8.373205741626787,19.49984172206396,36.88281863781955,0.0,220.22600000000003,206.5084,202.37184615384615,180.87605,True,True,True,True,4.716177861873224,4.200680962374646,2.0526724642627476,18.374848851269654,3.298527528856255,3489989094.2650003,254.4,125.56,78.34523439925488,-10.966981132075471,20.073310957707807,81,False,False,False,False,23.6713734932569,False,False,False,True,False,True,False,False,False,False,Recovery,[],0,"{'market_cap_inr': 1095280000429.0, 'relative_volume': 0.7219199076059095, 'gap_percent': 0.004227972264498099, 'eps_growth_percent': 57.113095238095234, 'revenue_growth_percent': 48.283134960097705, 'fcf_growth_percent': 0.0}",['Eligible stock; no leadership setup currently qualifies']
JSWINFRA,JSW Infrastructure Ltd.,Services,Services,Transport Infrastructure,Port & Port services,359.4,0.5455308434746176,3.0537634408602132,7.927927927927914,14.36754176610977,40.00779119594857,13.82422802850356,348.0825,339.381,337.9838461538462,294.0649,True,True,True,True,3.437276413069401,3.421197411272092,1.716091327976676,18.11890531613716,2.4468758150726493,1014746549.775,375.5,233.42,88.66835585585584,-4.287616511318248,23.808204472654204,84,False,False,False,False,23.013738078499827,False,False,False,True,False,True,False,False,False,False,Recovery,[],0,"{'market_cap_inr': 820879755915.0, 'relative_volume': 1.5134768232093823, 'gap_percent': -0.5368748233964332, 'eps_growth_percent': -10.326086956521747, 'revenue_growth_percent': 18.056134330187522, 'fcf_growth_percent': 0.0}",['Eligible stock; no leadership setup currently qualifies']
BALRAMCHIN,Balrampur Chini Mills Ltd.,Fast Moving Consumer Goods,Fast Moving Consumer Goods,Agricultural Food & other Products,Sugar,671.5,3.4589014713812594,-1.3515498751285548,-2.7657109759629317,19.728982793973437,40.569395017793596,44.43966444396645,676.99,664.15,648.0776923076924,540.98775,False,True,True,True,3.381555153707052,3.359132863421975,0.3272688624155127,16.30094043887147,1.7553682812607927,719972753.98,780.95,393.55,71.74754775425916,-14.01498175299315,32.89763096522887,90,False,False,False,False,22.44147424101741,False,False,False,False,False,False,False,False,False,False,Monitor,[],0,"{'market_cap_inr': 149356092794.0, 'relative_volume': 0.8941508546338404, 'gap_percent': -0.30427398811208284, 'eps_growth_percent': -15.415019762845839, 'revenue_growth_percent': 6.128513439079749, 'fcf_growth_percent': 0.0}",['Eligible stock; no leadership setup currently qualifies']
CAPLIPOINT,Caplin Point Laboratories Ltd.,Healthcare,Healthcare,Pharmaceuticals & Biotechnology,Pharmaceuticals,2604.0,-1.0600669121192619,-8.759635599159077,-7.35733598975381,2.990037295919845,56.83912545925436,26.499878552343947,2725.48,2639.682002,2627.7769276923077,2130.444498,False,False,False,True,4.152675554092603,3.9432614569269746,-0.3255139466368436,20.05621361172456,2.5278025425135016,350000616.78499997,2990.0,1500.3,74.08874269987245,-12.909698996655516,27.523134203598318,87,False,False,False,False,21.94282923983524,False,False,False,False,False,False,False,False,True,False,65 DMA Setup,[],0,"{'market_cap_inr': 201503201433.0, 'relative_volume': 0.29537122186963355, 'gap_percent': 0.0, 'eps_growth_percent': 15.87618572141787, 'revenue_growth_percent': 19.62682764297754, 'fcf_growth_percent': 0.0}",['Eligible stock; no leadership setup currently qualifies']
PVRINOX,PVR INOX Ltd.,Consumer Discretionary,Media Entertainment & Publication,Entertainment,Film Production Distribution & Exhibition,1231.4,1.324775775528697,0.5224489795918386,0.34224250325944894,26.135723431498082,30.728807261531934,9.234454005145043,1250.085,1212.864,1167.1453846153845,1052.50075,False,True,True,True,3.805192695886215,3.8535762203991872,0.40163103160139696,17.701109570041606,3.0141157243137804,596880843.125,1357.8,907.4,71.93605683836593,-9.309176609220792,21.451769687968465,82,False,False,False,False,21.524586731451965,False,False,False,False,False,False,False,False,False,False,Monitor,[],0,"{'market_cap_inr': 132034759400.99998, 'relative_volume': 0.7000367412285877, 'gap_percent': -0.6474177705015661, 'eps_growth_percent': 0.0, 'revenue_growth_percent': 11.90673289183223, 'fcf_growth_percent': 0.0}",['Eligible stock; no leadership setup currently qualifies']
KIRLOSENG,Kirloskar Oil Eng Ltd.,Industrials,Capital Goods,Industrial Products,Compressors Pumps & Diesel Engines,2243.7,0.04458911133902177,4.78703530730431,1.8983651345821917,-1.4624505928853782,53.89944440633787,142.3132998542038,2189.84001,2160.965992,2194.6507615384617,1763.5114984999998,True,True,True,True,4.881284740129502,4.854925259686177,0.7843357120891269,26.370217166494303,3.685432963773448,922226831.75,2720.0,865.55,74.31583488365821,-17.51102941176471,61.66048947473041,96,False,False,False,False,21.522511338670814,False,False,False,True,False,True,False,False,True,False,Recovery,[],0,"{'market_cap_inr': 324538400152.0, 'relative_volume': 0.39585296616267357, 'gap_percent': -0.03586157432312093, 'eps_growth_percent': -19.8974358974359, 'revenue_growth_percent': 13.494230299865478, 'fcf_growth_percent': 0.0}",['Eligible stock; no leadership setup currently qualifies']
NETWEB,Netweb Technologies India Ltd.,Information Technology,Information Technology,IT - Services,IT Enabled Services,4765.1001,5.41557663940786,4.349066024307446,-8.239936452917396,14.232636866103366,42.663392034268654,10.510452712503815,4724.159985,4901.012002,4757.667690769231,4050.2960005,True,False,True,True,3.187461746231583,3.4308119395042724,-0.8700150047769618,19.154512306289885,2.6577279189388374,4161906301.75,5813.0,2920.0,63.778088489457296,-18.02683468088767,21.151846247221908,81,False,False,False,False,19.986795603614294,False,False,False,False,False,False,False,False,True,False,65 DMA Setup,[],0,"{'market_cap_inr': 278541503618.0, 'relative_volume': 3.099375160941494, 'gap_percent': 0.24544329192811715, 'eps_growth_percent': 178.5378366823429, 'revenue_growth_percent': 172.12926443833584, 'fcf_growth_percent': 0.0}",['Eligible stock; no leadership setup currently qualifies']
RKFORGE,Ramkrishna Forgings Ltd.,Consumer Discretionary,Automobile and Auto Components,Auto Components,Auto Components & Equipments,700.45,0.7189589474440927,-0.574875798438601,-3.6321111646144266,23.64518976169463,31.04770813844715,29.881327646949774,707.86,711.4939999999999,678.8661538461539,589.719,False,False,True,True,3.4467638150984565,3.212347805691631,-0.4503432222783499,12.426035502958577,1.5343875217659388,370782558.54999995,772.8,460.15,76.85910762833844,-9.36206004140786,26.52271557595251,86,False,False,False,False,19.786871880818374,False,False,False,False,False,False,False,False,False,False,Monitor,[],0,"{'market_cap_inr': 130406399665.0, 'relative_volume': 1.096097195850654, 'gap_percent': -0.15354550530430244, 'eps_growth_percent': 288.5731838427277, 'revenue_growth_percent': 19.838751983613196, 'fcf_growth_percent': 0.0}",['Eligible stock; no leadership setup currently qualifies']
ECLERX,eClerx Services Ltd.,Services,Services,Commercial Services & Supplies,Business Process Outsourcing (BPO)/ Knowledge Process Outsourcing (KPO),1884.3,4.514948139109198,3.749587049884373,-1.122946948627801,27.550260610573353,25.96430242663279,-4.058044806517314,1887.28,1885.1860000000001,1854.7938461538463,1767.304252,False,False,True,True,3.4575173804595876,3.1805268185141733,-0.013592994590742159,14.472190692395003,2.1381150927136385,250053866.06,2497.5,1320.0,47.923566878980886,-24.552552552552555,16.168524470985748,77,False,False,False,False,19.74757544719684,False,False,False,False,False,False,False,False,True,False,65 DMA Setup,[],0,"{'market_cap_inr': 178348385336.0, 'relative_volume': 0.5032212217781585, 'gap_percent': -0.29535864978902476, 'eps_growth_percent': 18.825910931174082, 'revenue_growth_percent': 23.305398499394364, 'fcf_growth_percent': 0.0}",['Eligible stock; no leadership setup currently qualifies']
VIJAYA,Vijaya Diagnostic Centre Ltd.,Healthcare,Healthcare,Healthcare Services,Healthcare Service Provider,1422.2,-0.40616246498599295,-5.2750765951778416,-4.754888829359761,7.25490196078431,45.85170751717773,41.695725814486394,1491.345,1465.182,1439.5169230769231,1205.96325,False,False,False,True,3.7110512887478153,3.5300793209607577,-0.7904931093907668,15.478260869565208,2.0969170009366427,161889748.715,1593.6,848.0,77.01180257510731,-10.755522088353409,30.242246239893284,89,False,True,False,False,19.69117648580566,False,False,False,False,False,False,False,False,True,False,65 DMA Setup,[],0,"{'market_cap_inr': 150623866504.0, 'relative_volume': 0.7295461934752953, 'gap_percent': 0.1435995623632323, 'eps_growth_percent': 37.93657595886009, 'revenue_growth_percent': 22.828020383604418, 'fcf_growth_percent': 0.0}",['Eligible stock; no leadership setup currently qualifies']
TBOTEK,TBO Tek Ltd.,Consumer Discretionary,Consumer Services,Leisure Services,Tour Travel Related Services,1657.0,-0.8674842955429307,0.13294657964708634,-4.424064140278016,10.106983852747685,42.525374161362485,8.848452998751899,1681.9900000000002,1659.8039999999999,1616.2969230769231,1430.0135,False,False,True,True,3.12656263470989,2.9904293582454864,-0.054032376447297775,9.250000000000004,1.487116794803319,178975672.415,1764.8,1004.2,85.82697870102551,-6.108340888485941,20.15280856478147,81,False,False,False,False,19.44157797793718,False,False,False,False,False,False,False,False,True,False,65 DMA Setup,[],0,"{'market_cap_inr': 185153040538.0, 'relative_volume': 0.42415870892075036, 'gap_percent': 1.4197711938985067, 'eps_growth_percent': 32.30769230769232, 'revenue_growth_percent': 81.07174570390276, 'fcf_growth_percent': 0.0}",['Eligible stock; no leadership setup currently qualifies']
GABRIEL,Gabriel India Ltd.,Consumer Discretionary,Automobile and Auto Components,Auto Components,Auto Components & Equipments,1303.6,-0.8669201520912662,-3.379780610732297,-3.665385752290873,5.897644191714035,43.69488536155202,1.0699333229958086,1344.295,1397.2939999999999,1383.4615384615386,1132.0685,False,False,False,True,4.5083943365624854,4.085889019903096,-1.4873120295457887,17.883614571834094,3.742910185172994,277494865.975,1600.0,795.7,63.14807907497201,-18.525000000000002,17.231572865051163,78,False,False,False,False,18.625783173648,False,False,False,False,False,False,False,False,False,False,Monitor,[],0,"{'market_cap_inr': 238817439804.0, 'relative_volume': 0.47737908014432706, 'gap_percent': 0.801841265127326, 'eps_growth_percent': -17.337190894699496, 'revenue_growth_percent': 15.50005387420333, 'fcf_growth_percent': 0.0}",['Eligible stock; no leadership setup currently qualifies']
SUNTV,Sun TV Network Ltd.,Consumer Discretionary,Media Entertainment & Publication,Entertainment,TV Broadcasting & Software Production,626.85,4.492415402567107,22.145362431800454,34.54603992273022,23.529411764705888,4.353254536374229,3.9724664123403697,498.9325,489.13699999999994,490.94692307692304,539.77725,True,True,True,True,5.107168495538918,5.310406979934555,5.512698456956977,48.45706618962433,3.449355879787151,416113136.185,663.9,447.2,82.90263036455931,-5.58065973791233,16.43949928880232,78,True,False,False,False,18.613105912879305,False,False,False,True,False,True,False,True,False,False,Breakout,[],0,"{'market_cap_inr': 250756022814.0, 'relative_volume': 0.18757297875743284, 'gap_percent': -0.2513747054202707, 'eps_growth_percent': 16.95739609712498, 'revenue_growth_percent': 12.989428651145488, 'fcf_growth_percent': 0.0}",['Eligible stock; no leadership setup currently qualifies']
FLUOROCHEM,Gujarat Fluorochemicals Ltd.,Commodities,Chemicals,Chemicals & Petrochemicals,Specialty Chemicals,4429.7998,2.0338546585281447,-0.31281138182995827,-2.727277119016258,15.07767223665175,33.84698048564838,19.675801702012684,4538.319995,4577.948018,4491.758484615385,3814.836006,False,False,False,True,2.612822689768383,2.718827333039225,-1.2385559674106197,15.678989342523542,1.5425862468352758,520266726.28,4958.8999,2916.6001,74.09292700317552,-10.669707206632673,22.294685222210752,82,False,False,False,False,18.1341581973334,False,False,False,False,False,False,False,False,True,False,65 DMA Setup,[],0,"{'market_cap_inr': 500547984820.0, 'relative_volume': 1.2276888294036155, 'gap_percent': 0.4192365943062922, 'eps_growth_percent': 20.108536665452753, 'revenue_growth_percent': 23.965651834504293, 'fcf_growth_percent': 0.0}",['Eligible stock; no leadership setup currently qualifies']
RBLBANK,RBL Bank Ltd.,Financial Services,Financial Services,Banks,Private Sector Bank,416.55,1.2518230432668975,2.346437346437358,0.5309520936406464,15.77265147304059,31.114258734655344,50.97861544037696,411.5575,396.72,389.8053846153846,345.38875,True,True,True,True,2.639882024109607,2.2212030974015007,1.893451128745809,8.498547796438949,1.9803346313373178,1371646292.7649999,429.6,272.1,91.71428571428571,-3.0377094972067087,31.528192009417868,90,False,False,False,False,18.098869532836506,False,False,False,True,False,True,False,False,False,False,Recovery,[],0,"{'market_cap_inr': 641448981863.0, 'relative_volume': 0.6580634543543882, 'gap_percent': 0.46116504854368384, 'eps_growth_percent': -11.747851002865332, 'revenue_growth_percent': 5.5336537715758425, 'fcf_growth_percent': 0.0}",['Eligible stock; no leadership setup currently qualifies']
ETERNAL,Eternal Ltd.,Consumer Discretionary,Consumer Services,Retailing,E-Retail/ E-Commerce,320.8,2.1981522777954954,-3.0669285390542256,-0.6041828040278863,11.893965817928166,34.852242633149785,-2.329121631907438,325.56,321.815,313.9853846153846,276.72855,False,False,True,True,2.6295867474171706,2.330496215718467,-0.11994226807063921,11.781888997078859,1.4847219934953308,6641838255.434999,368.45,212.6,69.42572986846328,-12.932555299226479,15.517324408852499,76,False,False,False,False,17.952739388527803,False,False,False,False,False,False,False,False,True,False,65 DMA Setup,[],0,"{'market_cap_inr': 3163384804268.0, 'relative_volume': 0.7254913063681467, 'gap_percent': 0.0, 'eps_growth_percent': 263.6363636363637, 'revenue_growth_percent': 182.00083717036418, 'fcf_growth_percent': 0.0}",['Eligible stock; no leadership setup currently qualifies']
PPLPHARMA,Piramal Pharma Ltd.,Healthcare,Healthcare,Pharmaceuticals & Biotechnology,Pharmaceuticals,194.89,-1.5557912815073016,-5.663391258047346,-9.02343385304828,15.93004580334303,36.33438265127666,-1.8037990628306577,208.27399999999997,208.7876,201.51123076923076,174.80790000000002,False,False,False,True,3.328984115581683,3.2649726762584543,-1.9995090891815448,19.379246448424947,2.067911565130654,608066138.69,231.93,132.3,62.822443039245194,-15.970335877204334,15.865695524014253,77,False,True,False,False,17.853410628418654,False,False,False,False,False,False,False,False,False,False,Monitor,[],0,"{'market_cap_inr': 269930836304.0, 'relative_volume': 0.6306912546535753, 'gap_percent': 0.24136742032412647, 'eps_growth_percent': 15.223012281835821, 'revenue_growth_percent': 17.386784988441907, 'fcf_growth_percent': 0.0}",['Eligible stock; no leadership setup currently qualifies']
SHRIPISTON,SPR Auto Technologies Ltd.,Consumer Discretionary,Automobile and Auto Components,Auto Components,Auto Components & Equipments,4398.7998,-2.042093308094872,-5.306438994529483,-3.043930945004991,6.8499809002128265,40.496341004067226,60.69262660526875,4494.434985,4490.837998,4431.721521538462,3654.9849959999997,False,False,False,True,4.14528624051367,3.5151386382907015,-0.4944088016288735,16.698795180722882,2.1452509836446625,308714575.185,4843.0,2525.8,80.83030381494906,-9.172004955606038,34.490119940705185,91,False,False,False,False,17.835046980450134,False,False,False,False,False,False,False,False,True,False,65 DMA Setup,[],0,"{'market_cap_inr': 204637683984.0, 'relative_volume': 0.8129291144695678, 'gap_percent': -0.6664248798621939, 'eps_growth_percent': 8.003096995255673, 'revenue_growth_percent': 53.05719921104537, 'fcf_growth_percent': 0.0}",['Eligible stock; no leadership setup currently qualifies']
NAVINFLUOR,Navin Fluorine International Ltd.,Commodities,Chemicals,Chemicals & Petrochemicals,Specialty Chemicals,8272.0,1.6653352178455094,-1.903350133412396,-3.3362547472976956,12.345511340486205,34.83292583537083,78.65704458527799,8418.85,8285.65,8140.007692307692,7058.4775,False,False,True,True,2.467877866814037,2.4725985551826892,-0.06675478543790725,11.381456129433731,1.7032043349448203,859369980.0,8949.5,4514.5,84.7237880496054,-7.570255321526343,39.51045482382348,93,False,False,False,False,17.42003561649408,False,False,False,False,False,False,False,False,True,False,65 DMA Setup,[],0,"{'market_cap_inr': 435194979069.0, 'relative_volume': 0.7904950844244588, 'gap_percent': -0.17667844522968199, 'eps_growth_percent': 100.89020771513353, 'revenue_growth_percent': 44.069478908188586, 'fcf_growth_percent': 0.0}",['Eligible stock; no leadership setup currently qualifies']
HSCL,Himadri Speciality Chemical Ltd.,Commodities,Chemicals,Chemicals & Petrochemicals,Carbon Black,659.85,-0.7968127490039723,-1.507575192178523,-1.669026153043729,2.964812358586255,41.96428571428572,46.14617940199337,666.14,699.681,703.9323076923076,587.11675,False,False,False,True,2.3111313177237265,2.2359640877457454,-2.463182024801419,9.533596837944657,1.5164443733011186,1039104983.335,819.5,418.5,60.187032418952626,-19.481391092129343,29.80151277617567,88,False,False,False,False,17.406142072958545,False,False,False,False,False,False,False,False,False,False,Monitor,[],0,"{'market_cap_inr': 339527983580.0, 'relative_volume': 0.8792884629924924, 'gap_percent': 0.3863585704732757, 'eps_growth_percent': 24.632876712328773, 'revenue_growth_percent': 28.04192114746622, 'fcf_growth_percent': 0.0}",['Eligible stock; no leadership setup currently qualifies']
IPCALAB,Ipca Laboratories Ltd.,Healthcare,Healthcare,Pharmaceuticals & Biotechnology,Pharmaceuticals,1951.3,0.41683820502262936,1.6672745271713696,-0.7123594362183905,10.718338629142066,34.581695289330284,47.01273261508325,1962.7450000000001,1894.0839999999998,1875.2015384615386,1638.9589999999998,False,True,True,True,3.015572036224937,2.6648898241930454,1.0017250861740588,8.358145470012769,1.1463808810045804,411806355.145,2038.0,1251.6,88.97507629704984,-4.254170755642795,29.928583187778752,89,False,False,False,False,17.40600677687724,False,False,False,False,False,False,False,False,False,False,Monitor,[],0,"{'market_cap_inr': 491883293251.0, 'relative_volume': 1.3556461736529501, 'gap_percent': 0.12380706732009754, 'eps_growth_percent': 72.3298013533213, 'revenue_growth_percent': 20.75708686142452, 'fcf_growth_percent': 0.0}",['Eligible stock; no leadership setup currently qualifies']
CRAFTSMAN,Craftsman Automation Ltd.,Consumer Discretionary,Automobile and Auto Components,Auto Components,Auto Components & Equipments,10251.0,-0.14611338398596851,-2.686538826656537,-10.063168977013515,11.648423460218925,39.44093042236278,50.89423713844117,10940.55,10719.83,10383.115384615385,8747.935,False,False,False,True,3.594074445698678,3.7019389068798487,-1.2168594726673894,18.8019801980198,1.9025258703817431,530922610.0,11999.0,6324.0,69.19823788546256,-14.567880656721389,31.380704861345826,90,False,True,False,False,17.33752813576836,False,False,False,False,False,False,False,False,True,False,65 DMA Setup,[],0,"{'market_cap_inr': 266753007829.0, 'relative_volume': 1.343110795795004, 'gap_percent': 0.26475779564620516, 'eps_growth_percent': 112.91764351033055, 'revenue_growth_percent': 36.29932735426009, 'fcf_growth_percent': 0.0}",['Eligible stock; no leadership setup currently qualifies']
COHANCE,Cohance Lifesciences Ltd.,Healthcare,Healthcare,Pharmaceuticals & Biotechnology,Pharmaceuticals,446.8,-0.9971194327498378,-2.7109417528579205,-3.048714332212221,1.005990731321349,44.361873990306954,-48.67317633543941,447.30249999999995,446.468,444.9561538461539,414.71925000000005,False,True,True,True,4.230080572963294,3.8169512945498854,0.017579199997648468,15.86977414704469,2.016517245291645,313919067.775,917.85,266.7,27.65875758273823,-51.32102195347823,1.3783239040607018,53,False,False,False,False,17.3346677690322,False,False,False,False,False,False,False,False,True,False,65 DMA Setup,[],0,"{'market_cap_inr': 174139182006.0, 'relative_volume': 1.0050700751737058, 'gap_percent': 0.12075968822044382, 'eps_growth_percent': -149.64566929133858, 'revenue_growth_percent': -23.129016402395724, 'fcf_growth_percent': 0.0}",['Eligible stock; no leadership setup currently qualifies']
IIFL,IIFL Finance Ltd.,Financial Services,Financial Services,Finance,Non Banking Financial Company (NBFC),601.15,2.971908187735539,-2.5609854931518017,-6.566677028287227,14.61391801715919,34.51555157753412,32.9389650597081,607.2175,620.627,604.4346153846154,540.25025,False,False,False,True,3.446964746141326,3.5727264244495607,-0.9104467651848306,19.104688050757844,2.1169979166494888,1160806451.555,705.0,409.1,64.90368367691786,-14.73049645390071,25.78235701582131,85,False,False,False,False,17.279422679947558,False,False,False,False,False,False,False,False,True,False,65 DMA Setup,[],0,"{'market_cap_inr': 251328170799.0, 'relative_volume': 0.9692393326628107, 'gap_percent': 0.4842409311018644, 'eps_growth_percent': 189.5412844036697, 'revenue_growth_percent': 31.527388233703917, 'fcf_growth_percent': 0.0}",['Eligible stock; no leadership setup currently qualifies']
SOLARINDS,Solar Industries India Ltd.,Commodities,Chemicals,Chemicals & Petrochemicals,Explosives,19540.0,0.7216494845360799,2.0365535248041855,-8.883189554674754,8.730732847365207,40.29293509477312,46.10438163601016,20061.5,19792.84,19473.292307692307,16410.79,False,False,True,True,3.403275332650972,3.61601094931844,-0.375353596765827,22.835497835497833,3.685049566764592,3868458695.0,22700.0,11646.0,71.41306314456305,-13.92070484581498,29.646923872477007,88,False,False,False,False,16.95213314581838,False,False,False,False,False,False,False,False,True,False,65 DMA Setup,[],0,"{'market_cap_inr': 1811692302810.0, 'relative_volume': 0.701303579912337, 'gap_percent': -0.199501246882793, 'eps_growth_percent': 92.6632736210743, 'revenue_growth_percent': 70.26155167212049, 'fcf_growth_percent': 0.0}",['Eligible stock; no leadership setup currently qualifies']
MOTHERSON,Samvardhana Motherson International Ltd.,Consumer Discretionary,Automobile and Auto Components,Auto Components,Auto Components & Equipments,156.5,-0.33751512449849974,-3.6151998521894435,-2.613565650280014,11.269107714184145,33.87510692899913,46.71416518233804,161.6275,162.28459999999998,158.0376923076923,136.8594,False,False,False,True,2.6522136010953883,2.342163366858231,-1.3439636605036442,8.068396073077167,1.7746715468451335,1644862421.53,173.27,101.01,76.79213949626347,-9.678536388295733,29.47954778900712,88,False,True,False,False,16.8408390589941,False,False,False,False,False,False,False,False,True,False,65 DMA Setup,[],0,"{'market_cap_inr': 1678098266602.0, 'relative_volume': 1.059128342086134, 'gap_percent': -0.3957286432160776, 'eps_growth_percent': 102.06185567010309, 'revenue_growth_percent': 16.654872236197537, 'fcf_growth_percent': 0.0}",['Eligible stock; no leadership setup currently qualifies']
LGEINDIA,LG Electronics India Ltd.,Consumer Discretionary,Consumer Durables,Consumer Durables,Household Appliances,1770.9,2.851666860262525,2.322759577049749,7.9356372280124265,14.599106969520491,23.8218430988673,0.0,1684.8200000000002,1643.7820000000002,1622.7338461538461,1552.675,True,True,True,True,2.6201366536789195,2.4158800730584074,2.951473500093707,14.133833646028759,1.2869519697226475,985235404.745,1825.0,1304.1,89.61412939143791,-2.964383561643835,14.864199330844112,75,True,False,True,False,16.6223339858822,False,False,False,True,False,True,False,True,False,False,Breakout,[],0,"{'market_cap_inr': 1206382219490.0, 'relative_volume': 0.4512367591811633, 'gap_percent': 0.09548952423749062, 'eps_growth_percent': 27.20095219202539, 'revenue_growth_percent': 15.494517110020888, 'fcf_growth_percent': 0.0}",['Eligible stock; no leadership setup currently qualifies']
MOTILALOFS,Motilal Oswal Financial Services Ltd.,Financial Services,Financial Services,Capital Markets,Stockbroking & Allied,1011.1,2.1416304677240205,-0.04942665085013731,-2.4975891996142696,11.158751099384334,32.83846810746898,10.987925356750816,1009.9350000000001,970.437,964.7076923076924,861.3895,True,True,True,True,2.6156095906862404,2.64303024850564,1.6019875949202131,10.002075119319365,1.7132267495051083,749955348.0,1097.1,614.9,82.16507673164664,-7.838847871661647,18.440491508771814,80,False,False,False,False,16.41655282786854,False,False,False,True,False,True,False,False,False,False,Recovery,[],0,"{'market_cap_inr': 642622921967.0, 'relative_volume': 0.6776924673275609, 'gap_percent': -0.09364172675344133, 'eps_growth_percent': 8.743455497382188, 'revenue_growth_percent': 25.07443106244194, 'fcf_growth_percent': 0.0}",['Eligible stock; no leadership setup currently qualifies']
AIIL,Authum Investment & Infrastructure Ltd.,Financial Services,Financial Services,Finance,Non Banking Financial Company (NBFC),551.6,2.280734285184516,0.611035111719116,6.097326408924797,10.077828776691277,28.204532248692615,-13.572122465607473,541.5975000000001,548.784,544.3,520.489,True,True,True,True,3.2820107738526887,3.3926541661697085,0.15634759574986556,13.717693836978139,2.457441527773642,81118844.01,683.0,400.0,53.56890459363959,-19.238653001464122,10.701303165039015,70,False,False,False,False,16.33338457355019,False,False,False,False,False,False,False,False,True,False,65 DMA Setup,[],0,"{'market_cap_inr': 466819281405.0, 'relative_volume': 0.7378184765033134, 'gap_percent': -0.31838442645319753, 'eps_growth_percent': 17.769112309867513, 'revenue_growth_percent': 21.348057633874603, 'fcf_growth_percent': 0.0}",['Eligible stock; no leadership setup currently qualifies']
NYKAA,FSN E-Commerce Ventures Ltd.,Consumer Discretionary,Consumer Services,Retailing,E-Retail/ E-Commerce,339.55,4.492998922911218,4.3164362519201305,2.1203007518797,6.793520993866964,33.193425646255825,41.59125974729996,333.71750000000003,333.327,331.32153846153847,285.90485,True,True,True,True,2.8598775690514757,2.4420183070240586,0.6528025856691364,9.541139240506325,1.9138369000837112,1321961372.0,349.55,232.0,91.49298170991068,-2.8608210556429703,27.329355053917364,86,False,False,False,False,16.185177794325693,False,False,False,True,False,True,False,False,True,False,Recovery,[],0,"{'market_cap_inr': 982453074463.0, 'relative_volume': 0.725935056000173, 'gap_percent': -0.11721611721611055, 'eps_growth_percent': 242.69938650306747, 'revenue_growth_percent': 29.09872200618115, 'fcf_growth_percent': 0.0}",['Eligible stock; no leadership setup currently qualifies']
LODHA,Lodha Developers Ltd.,Consumer Discretionary,Realty,Realty,Residential Commercial Projects,1132.5,2.4330680173661356,1.378569510339278,-7.3240589198035995,1.5603981705676784,43.43613450699766,1.7520215633423097,1132.2549999999999,1195.903,1189.8215384615385,1021.1714999999999,True,False,False,True,3.006622516556293,3.3172194037866696,-1.7633354827545369,17.05966587112173,2.3811744430233066,1580976900.1399999,1344.95,650.8,69.39422315061586,-15.796126250046472,15.725461600375308,77,False,False,False,False,16.08957843254685,False,False,False,False,False,False,False,False,False,False,Monitor,[],0,"{'market_cap_inr': 1108368873862.0, 'relative_volume': 0.7953424476187932, 'gap_percent': -0.02704164413197962, 'eps_growth_percent': 103.26409495548961, 'revenue_growth_percent': 43.10221382134777, 'fcf_growth_percent': 0.0}",['Eligible stock; no leadership setup currently qualifies']
BOSCHLTD,Bosch Ltd.,Consumer Discretionary,Automobile and Auto Components,Auto Components,Auto Components & Equipments,44960.0,-1.1433597185576128,-4.381114419396004,-4.340425531914893,7.213544771670444,34.4296606368665,17.866037488530615,47399.0,46349.1,45247.92307692308,39133.075,False,False,False,True,2.684926283680732,2.4197315059077664,-1.1162458041767112,10.560684530511155,1.779310324884553,1125023865.0,50000.0,28610.0,76.43758765778401,-10.08,19.71855587535145,80,False,True,False,False,15.211498541852533,False,False,False,False,False,False,False,False,True,False,65 DMA Setup,[],0,"{'market_cap_inr': 1311101621532.0, 'relative_volume': 0.9036078839567525, 'gap_percent': 0.0, 'eps_growth_percent': -36.73507731872947, 'revenue_growth_percent': 21.995990477383785, 'fcf_growth_percent': 0.0}",['Eligible stock; no leadership setup currently qualifies']
NUVAMA,Nuvama Wealth Management Ltd.,Financial Services,Financial Services,Capital Markets,Stockbroking & Allied,1820.8,7.0177500881626775,8.290710122516941,-1.000434971726838,-5.023212143341505,42.13895394223264,40.298967483433515,1717.5,1738.82,1777.3153846153846,1531.463,True,True,True,True,3.524745794627166,3.3814939222622202,1.337597616155007,16.192137561522646,2.2922697855794008,434755271.95000005,2066.0,1096.9,74.69817356309977,-11.868344627299132,26.203032220707378,85,False,False,False,False,14.847348583791819,False,False,False,False,False,False,False,False,True,False,65 DMA Setup,[],0,"{'market_cap_inr': 337036347607.0, 'relative_volume': 0.3143379767869159, 'gap_percent': -0.99129196560601, 'eps_growth_percent': 15.558698727015551, 'revenue_growth_percent': 22.883488498234943, 'fcf_growth_percent': 0.0}",['Eligible stock; no leadership setup currently qualifies']
PARADEEP,Paradeep Phosphates Ltd.,Commodities,Chemicals,Fertilizers & Agrochemicals,Fertilizers,153.6,1.5738658907551883,-1.3487475915221592,-2.165605095541401,9.816257953814244,28.697109342270632,-20.657058732372548,154.32999999999998,152.9032,149.87584615384617,135.97635,False,True,True,True,2.6325334821428563,2.756194686961421,0.17310820932520138,14.827586206896548,1.6863064546341486,284271794.665,201.59,99.7,52.900186475610944,-23.805744332556177,7.41876298169371,64,False,False,False,False,14.373132746857888,False,False,False,False,False,False,False,False,True,False,65 DMA Setup,[],0,"{'market_cap_inr': 161386042636.0, 'relative_volume': 0.8884673455584088, 'gap_percent': -0.24456171965503634, 'eps_growth_percent': -2.6693780889621066, 'revenue_growth_percent': 35.988675474630845, 'fcf_growth_percent': 0.0}",['Eligible stock; no leadership setup currently qualifies']
CGCL,Capri Global Capital Ltd.,Financial Services,Financial Services,Finance,Non Banking Financial Company (NBFC),247.06,-0.8706816996348676,-2.6172644856129246,-9.068825910931167,4.038404851139088,37.92987941045109,30.88578088578089,261.2495,247.46099999999998,247.81338461538462,205.05005,False,False,False,True,3.7460535902209955,3.3533029796225913,-0.04325771978353516,17.778415143817085,1.720273578982412,607285282.355,287.45,151.1,70.3777044371104,-14.051139328578877,23.17149948961663,83,False,False,False,False,14.318186984346326,False,False,False,False,False,False,False,False,True,False,65 DMA Setup,[],0,"{'market_cap_inr': 240971448999.0, 'relative_volume': 0.48729390758321156, 'gap_percent': -0.7138868947914255, 'eps_growth_percent': 79.41176470588236, 'revenue_growth_percent': 57.32993175280565, 'fcf_growth_percent': 0.0}",['Eligible stock; no leadership setup currently qualifies']
URBANCO,Urban Company Ltd.,Consumer Discretionary,Consumer Services,Retailing,E-Retail/ E-Commerce,159.59,2.078802609696817,-1.0049004404193318,-11.872549560991775,20.155097123927135,25.52304546169577,-8.486725156258945,165.583,157.5614,151.85815384615387,134.46415000000002,False,True,True,True,4.246148612963574,4.184544789279049,0.3032155012621982,17.487277774106147,2.573942404876241,716508126.74,183.97,100.7,70.72174852888196,-13.252160678371471,11.246312013066,71,False,False,False,False,14.29536478780486,False,False,False,False,False,False,False,False,False,False,Monitor,[],0,"{'market_cap_inr': 259317669249.0, 'relative_volume': 0.5594614476523083, 'gap_percent': -0.2556024490281035, 'eps_growth_percent': -1353.7074148296592, 'revenue_growth_percent': 43.85601873281237, 'fcf_growth_percent': 0.0}",['Eligible stock; no leadership setup currently qualifies']
JINDALSAW,Jindal Saw Ltd.,Industrials,Capital Goods,Industrial Products,Iron & Steel Products,275.0,1.7388087310395761,-0.4164403403947081,-9.924664264657713,5.911804352012329,35.93000840294598,33.17191283292977,289.975,284.376,279.52461538461534,230.74970000000002,False,False,False,True,3.5350649350649355,3.593536331234266,-0.9326683983517198,22.793553338449723,2.4517095443272656,358200021.71500003,320.0,153.0,73.05389221556887,-14.0625,23.597351893669085,83,False,False,False,False,13.95996881821828,False,False,False,False,False,False,False,False,True,False,65 DMA Setup,[],0,"{'market_cap_inr': 180309356003.0, 'relative_volume': 0.9197740410414651, 'gap_percent': -0.6739978715856606, 'eps_growth_percent': -75.35897435897435, 'revenue_growth_percent': 9.000215439153129, 'fcf_growth_percent': 0.0}",['Eligible stock; no leadership setup currently qualifies']
DEVYANI,Devyani International Ltd.,Consumer Discretionary,Consumer Services,Leisure Services,Restaurants,130.03,2.329424726528684,-0.8086047753451897,-6.6412981045376185,15.346402909607026,24.276020261875185,-22.30056767254257,135.7845,135.7284,130.29492307692308,122.86004999999999,False,False,False,True,3.359114929521758,3.035501527296264,-1.2498484001705636,15.995213402473073,1.5503117966980446,180199354.535,169.75,91.55,49.2071611253197,-23.399116347569958,6.310565863122833,63,False,False,False,False,13.421324596978128,False,False,False,False,False,False,False,False,True,False,65 DMA Setup,[],0,"{'market_cap_inr': 159049220947.0, 'relative_volume': 1.4897775327904883, 'gap_percent': -0.2558536207163778, 'eps_growth_percent': 297.3244147157191, 'revenue_growth_percent': 16.47399461594185, 'fcf_growth_percent': 0.0}",['Eligible stock; no leadership setup currently qualifies']
ADANIENT,Adani Enterprises Ltd.,Commodities,Metals & Mining,Metals & Minerals Trading,Trading - Minerals,2864.0,1.6756603237716439,1.1620888996471734,-2.5187202178352575,-6.002819455932896,40.35775545209508,10.583424479069636,2951.675005,2985.5600040000004,3016.7507707692307,2586.2305025,False,False,False,True,2.651136023543494,2.7202523047436276,-1.535793731644557,13.347763347763353,2.4527458402829834,3352490575.25,3245.0,1753.0,74.46380697050938,-11.741140215716484,16.281365157292836,77,False,False,False,False,13.412435316802704,False,False,False,False,False,False,False,False,False,False,Monitor,[],0,"{'market_cap_inr': 3713812402344.0, 'relative_volume': 2.6907870913395486, 'gap_percent': -0.10936930368209989, 'eps_growth_percent': -219.87035517839612, 'revenue_growth_percent': 49.91885689306596, 'fcf_growth_percent': 0.0}",['Eligible stock; no leadership setup currently qualifies']
OFSS,Oracle Financial Services Software Ltd.,Information Technology,Information Technology,IT - Software,Software Products,10470.0,0.4798464491362786,-3.055555555555556,-13.169679880577212,-4.835484457371386,45.06408036023555,16.826601205088142,11154.0,11517.48,11475.6,9309.925,False,False,False,True,3.87228817028244,3.0124180550213056,-2.3486624441520814,17.88950599239989,2.27990877053455,1950201387.0,12540.0,6234.5,67.17151692966458,-16.507177033492827,18.260405447769614,79,False,False,False,False,13.040792613869932,False,False,False,False,False,False,False,False,False,False,Monitor,[],0,"{'market_cap_inr': 923272657746.0, 'relative_volume': 0.7820454697308667, 'gap_percent': 0.09455370650529502, 'eps_growth_percent': 120.23939064200218, 'revenue_growth_percent': 68.72907893316057, 'fcf_growth_percent': 0.0}",['Eligible stock; no leadership setup currently qualifies']
AJANTPHARM,Ajanta Pharmaceuticals Ltd.,Healthcare,Healthcare,Pharmaceuticals & Biotechnology,Pharmaceuticals,3486.0,-2.652890254118956,-1.7419245729748067,-0.9968503877524015,5.174234424498425,28.682170542635667,44.869716992893636,3539.239995,3537.4299920000003,3507.133836923077,3115.292993,False,False,False,True,2.5461021637570695,2.3813186245887143,-0.5710219162846778,9.333912158231517,1.1645843091826804,288322468.53499997,3796.0,2379.3,78.11816192560175,-8.166491043203372,26.08712138322247,85,False,True,False,False,13.034637668690616,False,False,False,False,False,False,False,False,True,False,65 DMA Setup,[],0,"{'market_cap_inr': 446034976840.0, 'relative_volume': 0.8133813211239465, 'gap_percent': 0.25771751918874497, 'eps_growth_percent': 30.788056779246205, 'revenue_growth_percent': 24.819406594250182, 'fcf_growth_percent': 0.0}",['Eligible stock; no leadership setup currently qualifies']
CONCORDBIO,Concord Biotech Ltd.,Healthcare,Healthcare,Pharmaceuticals & Biotechnology,Pharmaceuticals,1355.9,-1.3245033112582627,-2.6423493932648756,-4.3186789923082225,7.6281949515796255,28.557883758414725,-15.102373051155205,1458.355,1455.082,1420.3815384615384,1269.4655,False,False,False,True,4.188572692887169,3.6793783563734275,-1.6273438844779533,20.606060606060606,2.55492709837083,192024758.32999998,1647.8,987.0,55.82627118644069,-17.714528462192003,8.173424175828465,66,False,True,False,False,13.013351988341704,False,False,False,False,False,False,False,False,False,False,Monitor,[],0,"{'market_cap_inr': 141985106022.0, 'relative_volume': 1.4577624551043253, 'gap_percent': 0.022063690519964294, 'eps_growth_percent': 32.83943581706796, 'revenue_growth_percent': 26.227770707631247, 'fcf_growth_percent': 0.0}",['Eligible stock; no leadership setup currently qualifies']
GESHIP,Great Eastern Shipping Co. Ltd.,Services,Services,Transport Services,Shipping,1559.3,1.87508166732,1.6890569975218428,13.842447251222879,13.39538942622356,12.083093732029893,47.92012521937104,1465.165,1387.888,1391.3215384615385,1374.851,True,True,True,True,2.5831187987283686,2.418215663067355,4.78126066704514,16.499852811304105,1.3497744853922171,1119074448.1200001,1798.0,1002.55,69.99182852473442,-13.275862068965516,26.303704204261535,86,False,False,False,False,12.982235604795921,False,False,False,True,False,True,False,False,False,False,Recovery,[],0,"{'market_cap_inr': 223644741852.0, 'relative_volume': 0.7654837282297927, 'gap_percent': 0.0, 'eps_growth_percent': 159.398922597108, 'revenue_growth_percent': 66.90886996762299, 'fcf_growth_percent': 0.0}",['Eligible stock; no leadership setup currently qualifies']
AUROPHARMA,Aurobindo Pharma Ltd.,Healthcare,Healthcare,Pharmaceuticals & Biotechnology,Pharmaceuticals,1674.9,-0.11331106870228203,-1.3313696612665682,1.3187344988204064,7.544625658148196,24.955237242614146,54.22651933701659,1690.225,1652.326,1629.5492307692307,1426.396,False,True,True,True,2.1016180070451993,2.0292801140889902,0.650068321731141,7.208872458410354,1.2609517789175368,1369346669.345,1740.0,1066.8,90.32976827094475,-3.741379310344828,28.716017637851266,88,False,False,False,False,12.95239750210263,False,False,False,False,False,False,False,False,True,False,65 DMA Setup,[],0,"{'market_cap_inr': 969511708679.0, 'relative_volume': 0.49742309628159104, 'gap_percent': -0.17241379310345367, 'eps_growth_percent': 25.772876438360015, 'revenue_growth_percent': 16.296227570937987, 'fcf_growth_percent': 0.0}",['Eligible stock; no leadership setup currently qualifies']
HONASA,Honasa Consumer Ltd.,Fast Moving Consumer Goods,Fast Moving Consumer Goods,Personal Products,Personal Care,442.1,3.3185323673755596,-5.13893359081643,-7.326276071690597,-4.89405184468108,41.06573069559669,57.386970452118206,461.8275,467.582,466.7376923076923,374.93449999999996,False,False,False,True,3.745920444631142,3.3279522266877763,-1.4548465130580468,18.88365349764407,2.25169369097843,326785297.33000004,509.8,248.4,74.10099464422343,-13.279717536288738,30.090880046992545,89,False,False,False,False,12.88180511467765,False,False,False,False,False,False,False,False,False,False,Monitor,[],0,"{'market_cap_inr': 155448349341.0, 'relative_volume': 0.13026785328880267, 'gap_percent': -0.010481081647628418, 'eps_growth_percent': 119.04761904761902, 'revenue_growth_percent': 26.995534679313373, 'fcf_growth_percent': 0.0}",['Eligible stock; no leadership setup currently qualifies']
MCX,Multi Commodity Exchange of India Ltd.,Financial Services,Financial Services,Capital Markets,Exchange and Data Platform,3181.7,-0.6960049937578039,-2.506511414125945,-2.8607163357365906,16.03574033552151,19.725305738475996,95.31614487415592,3271.884995,3109.3460019999998,3033.8215430769233,2776.119999,False,True,True,True,3.475902819247571,3.0778904518391514,0.669461884347524,13.897787937650063,1.7656836570010142,5534545601.0,3481.3999,1626.0,83.84715338186662,-8.608603108192202,40.9697868919114,93,False,False,False,False,12.78745232888878,False,False,False,False,False,False,False,False,False,False,Monitor,[],0,"{'market_cap_inr': 856785332843.0, 'relative_volume': 0.9560176614903548, 'gap_percent': -0.07732112056146759, 'eps_growth_percent': 103.47596262244156, 'revenue_growth_percent': 85.25208220393277, 'fcf_growth_percent': 0.0}",['Eligible stock; no leadership setup currently qualifies']
SHYAMMETL,Shyam Metalics and Energy Ltd.,Industrials,Capital Goods,Industrial Products,Iron & Steel Products,1020.2,-2.6340904752815364,-4.538224010480018,-4.2335492349572785,9.893897775623417,22.812086192367875,5.088586732591693,1073.56,1044.844,1037.966153846154,923.7425,False,False,False,True,3.2465622987089366,2.7660956186992367,-0.7265006479454743,13.103448275862073,1.317447343135617,336906223.46500003,1148.0,746.0,68.20895522388061,-11.132404181184663,13.086168010752067,73,False,True,False,False,11.529311389676026,False,False,False,False,False,False,False,False,True,False,65 DMA Setup,[],0,"{'market_cap_inr': 297903451904.0, 'relative_volume': 0.6861416782545977, 'gap_percent': -0.02810831069052324, 'eps_growth_percent': 19.07396733909702, 'revenue_growth_percent': 23.334893363991327, 'fcf_growth_percent': 0.0}",['Eligible stock; no leadership setup currently qualifies']
CRISIL,CRISIL Ltd.,Financial Services,Financial Services,Finance,Other Financial Services,4505.7998,1.7432077463937157,-0.3141637168141642,-4.166586376562254,13.550557860170898,19.49821462106256,1.5597461668902746,4603.05498,4560.483994,4464.7323061538455,4328.6885,False,False,True,True,3.1180438661680956,2.913838424102475,-0.38456402865941813,12.128883774453403,1.4630513322585967,157162250.39,5064.8999,3686.0,59.45317713055165,-11.038719639849159,11.95756381954617,71,False,False,False,False,11.500334505344274,False,False,False,False,False,False,False,False,True,False,65 DMA Setup,[],0,"{'market_cap_inr': 329271523554.0, 'relative_volume': 0.3429702187660229, 'gap_percent': -0.30826550752923076, 'eps_growth_percent': 26.16427262265036, 'revenue_growth_percent': 27.56399610922634, 'fcf_growth_percent': 0.0}",['Eligible stock; no leadership setup currently qualifies']
IDFCFIRSTB,IDFC First Bank Ltd.,Financial Services,Financial Services,Banks,Private Sector Bank,82.22,2.276402537629063,2.0732464307883225,-5.178180140698874,5.654073502955548,25.949754901960787,19.09038238702201,84.245,84.93,83.90338461538462,77.56625,False,False,False,True,2.475935643048265,1.9142841182075407,-1.2887504053906158,14.007633587786273,1.8340014524650041,1704138021.355,89.61,58.08,76.56200444021567,-8.246847450061379,17.02635661593083,78,False,False,False,False,11.064282651644039,False,False,False,False,False,False,False,False,True,False,65 DMA Setup,[],0,"{'market_cap_inr': 684824761223.0, 'relative_volume': 0.5841712388109674, 'gap_percent': -0.0628614533568159, 'eps_growth_percent': 116.39344262295084, 'revenue_growth_percent': 12.567760438519777, 'fcf_growth_percent': 0.0}",['Eligible stock; no leadership setup currently qualifies']
PNBHOUSING,PNB Housing Finance Ltd.,Financial Services,Financial Services,Finance,Housing Finance Company,1105.8,1.2637362637362592,1.9170506912442375,-5.162950257289889,3.133743704532721,28.141839040500606,24.5200157648781,1127.455,1134.83,1124.8707692307694,996.13875,False,False,False,True,2.9894323437459596,2.859468126548083,-0.8557117563997476,11.657593392153153,1.8847491613010252,1008412059.645,1211.5,729.6,78.06598879435566,-8.72472141972761,18.685073903755246,80,False,False,False,False,11.062808348464223,False,False,False,False,False,False,False,False,True,False,65 DMA Setup,[],0,"{'market_cap_inr': 297055635315.0, 'relative_volume': 2.2980544266467717, 'gap_percent': 1.0610079575596816, 'eps_growth_percent': 4.303178484107574, 'revenue_growth_percent': 8.813710750431103, 'fcf_growth_percent': 0.0}",['Eligible stock; no leadership setup currently qualifies']
BEML,BEML Ltd.,Industrials,Capital Goods,Agricultural Commercial & Construction Vehicles,Construction Vehicles,1970.4,0.4127809203485766,-3.24576479253621,-5.241892143978644,7.519371384917606,24.23707440100884,-8.750322608640438,2035.684995,1942.5699960000002,1911.1969199999999,1792.267499,False,True,True,True,3.676555884229453,3.4639339339912545,0.38966860835595224,18.45286059629332,2.18887731643109,463205784.62,2275.75,1355.0,66.83681781156666,-13.417554652312425,8.61710863694506,67,False,False,False,False,11.016136709130038,False,False,False,False,False,False,False,False,False,False,Monitor,[],0,"{'market_cap_inr': 167065241555.0, 'relative_volume': 1.0188406391000147, 'gap_percent': 0.1894128202572004, 'eps_growth_percent': 57.869642601951334, 'revenue_growth_percent': 29.27964163472612, 'fcf_growth_percent': 0.0}",['Eligible stock; no leadership setup currently qualifies']
EMCURE,Emcure Pharmaceuticals Ltd.,Healthcare,Healthcare,Pharmaceuticals & Biotechnology,Pharmaceuticals,1937.1,-0.3856834310398072,0.4824151882975469,0.49284083834819636,7.063505223014421,20.699108978752555,44.57049033509961,1956.2099999999998,1930.43,1909.6615384615384,1697.096,False,True,True,True,3.099257358201141,2.8229174764400957,0.11148440871453902,11.154029313720294,1.6279091192637107,140816662.315,2100.7,1306.5,79.40065474691515,-7.7878802303993915,24.29820630026342,84,False,False,False,False,10.875080629143119,False,False,False,False,False,False,False,False,True,False,65 DMA Setup,[],0,"{'market_cap_inr': 363637378550.0, 'relative_volume': 0.5894382044642641, 'gap_percent': -0.6725755995829036, 'eps_growth_percent': 41.934893090975685, 'revenue_growth_percent': 22.847014834777966, 'fcf_growth_percent': 0.0}",['Eligible stock; no leadership setup currently qualifies']
ZYDUSLIFE,Zydus Lifesciences Ltd.,Healthcare,Healthcare,Pharmaceuticals & Biotechnology,Pharmaceuticals,1139.0,-0.5847953216374324,-5.3908131904643275,-0.34995625546806464,-1.2142237640936693,27.75503336885201,14.917015587953397,1151.3600000000001,1141.902,1141.7553846153846,1014.816,False,False,False,True,2.6470588235294126,2.502103981468329,-0.09600746045730083,13.453038674033134,1.5782620288289235,1629972084.2649999,1232.1,835.5,76.5254664649521,-7.556204853502146,15.32308938229993,76,False,False,False,False,10.589545966241005,False,False,False,False,False,False,False,False,True,False,65 DMA Setup,[],0,"{'market_cap_inr': 1151119366943.0, 'relative_volume': 0.8785294586536391, 'gap_percent': 1.0407632263660018, 'eps_growth_percent': -35.85829828978329, 'revenue_growth_percent': 21.955671843862664, 'fcf_growth_percent': 0.0}",['Eligible stock; no leadership setup currently qualifies']
ANANTRAJ,Anant Raj Ltd.,Consumer Discretionary,Realty,Realty,Residential Commercial Projects,587.4,1.6526780306307831,-3.3802121885023517,-6.0836197937485075,7.82927948600276,23.209229155741994,-18.393998332870243,602.415,611.38,605.0123076923078,546.6865,False,False,False,True,2.9172138722700534,2.7195945071775927,-1.344527474188973,12.643880151129094,1.7833386720034627,813154231.34,743.65,403.0,54.13180683986496,-21.011228400457206,5.366870223901874,61,False,False,False,False,10.503034533960637,False,False,False,False,False,False,False,False,True,False,65 DMA Setup,[],0,"{'market_cap_inr': 220082727628.0, 'relative_volume': 1.2352302224840443, 'gap_percent': 0.4655721636853749, 'eps_growth_percent': 13.367686351491356, 'revenue_growth_percent': 6.580545930464436, 'fcf_growth_percent': 0.0}",['Eligible stock; no leadership setup currently qualifies']
MEDANTA,Global Health Ltd.,Healthcare,Healthcare,Healthcare Services,Hospital,1332.6,-1.8197892875561839,-7.032231059020521,-5.976151838001842,0.6267462055425499,28.959210335317167,1.415525114155236,1436.94,1434.9620000000002,1412.7215384615383,1238.46975,False,False,False,True,3.47119487146502,3.234342617564402,-2.0550356812095014,15.559255335250487,2.1830547439771153,277726536.645,1544.0,956.0,64.04761904761904,-13.691709844559597,11.250208485129015,71,False,True,False,False,10.3090073465663,False,False,False,False,False,False,False,False,False,False,Monitor,[],0,"{'market_cap_inr': 347923973572.0, 'relative_volume': 0.5523680584392441, 'gap_percent': 0.37864152692991976, 'eps_growth_percent': -0.1692047377326529, 'revenue_growth_percent': 26.503234243008638, 'fcf_growth_percent': 0.0}",['Eligible stock; no leadership setup currently qualifies']
PCBL,PCBL Chemical Ltd.,Commodities,Chemicals,Chemicals & Petrochemicals,Carbon Black,320.35,-0.35769828926904834,-3.6686212599609025,1.0567823343848648,7.861952861952859,18.171087092847404,-16.59724030200469,331.555,325.816,324.0853846153846,299.43465,False,False,False,True,3.180672924702889,3.266085454566633,-0.5274462485544947,14.746172441579365,2.1046679058718625,331994601.20500004,394.0,226.5,56.02985074626867,-18.69289340101522,5.473683677500695,61,False,False,False,False,10.28431392241868,False,False,False,False,False,False,False,False,True,False,65 DMA Setup,[],0,"{'market_cap_inr': 128622916782.0, 'relative_volume': 1.1444246496936596, 'gap_percent': 0.48944631385745574, 'eps_growth_percent': 58.81451612903227, 'revenue_growth_percent': 16.99675977389371, 'fcf_growth_percent': 0.0}",['Eligible stock; no leadership setup currently qualifies']
ACUTAAS,Acutaas Chemicals Ltd.,Healthcare,Healthcare,Pharmaceuticals & Biotechnology,Pharmaceuticals,3122.2,-2.3244173314562855,-2.8683394371683546,-1.4612592709484007,-9.619337096540747,34.45587466276754,125.15324150861757,3289.1449999999995,3250.179996,3307.666150769231,2706.548,False,False,False,True,3.824226506950226,3.7720034255138835,-1.0296534330405356,13.215273208180122,2.7088774219074523,985650246.085,3740.0,1374.0,73.88841927303464,-16.518716577540115,48.13623576124002,95,False,True,False,False,10.050267063580655,False,False,False,False,False,False,False,False,False,False,Monitor,[],0,"{'market_cap_inr': 259732044185.0, 'relative_volume': 0.9798940845439614, 'gap_percent': 0.01260160040325408, 'eps_growth_percent': 67.0887011810805, 'revenue_growth_percent': 59.08089860314656, 'fcf_growth_percent': 0.0}",['Eligible stock; no leadership setup currently qualifies']
MANKIND,Mankind Pharma Ltd.,Healthcare,Healthcare,Pharmaceuticals & Biotechnology,Pharmaceuticals,2479.0,-2.20907297830375,1.781897611188299,6.490833218387104,-0.4897238278741112,21.40653313090748,1.6150146903174845,2394.534995,2410.8959919999998,2439.0553815384615,2302.0424975,True,True,True,True,2.666396876620758,2.47512137858049,1.0594230178110124,15.166516651665173,2.0948959003167267,1099773968.87,2642.0,1909.7,77.74136282944148,-6.169568508705526,10.63518244675896,70,False,False,False,False,10.013918217203829,False,False,False,False,False,False,False,False,True,False,65 DMA Setup,[],0,"{'market_cap_inr': 1030485620497.0, 'relative_volume': 1.2427795145993237, 'gap_percent': 0.04399999999999636, 'eps_growth_percent': 29.62264150943397, 'revenue_growth_percent': 12.890612965115464, 'fcf_growth_percent': 0.0}",['Eligible stock; no leadership setup currently qualifies']
ANTHEM,Anthem Biosciences Ltd.,Healthcare,Healthcare,Pharmaceuticals & Biotechnology,Biotechnology,851.9,-0.44989775051125225,0.09399600516977191,-8.795032385846579,13.8218985904202,18.27837556404026,12.202831741850506,901.2575,884.302,857.2546153846155,753.86225,False,False,False,True,3.080928345043851,2.8555777651771073,-1.189295053677459,17.69202985793401,1.5634620913393567,436823675.26,977.55,579.15,68.4613453815261,-12.853562477622626,14.158106056097228,75,False,False,False,False,9.95025663580153,False,False,False,False,False,False,False,False,True,False,65 DMA Setup,[],0,"{'market_cap_inr': 499905742614.0, 'relative_volume': 0.7384642935222056, 'gap_percent': 0.09582323431599378, 'eps_growth_percent': -12.734190826750488, 'revenue_growth_percent': -22.582185783650395, 'fcf_growth_percent': 0.0}",['Eligible stock; no leadership setup currently qualifies']
SCI,Shipping Corporation of India Ltd.,Services,Services,Transport Services,Shipping,290.6,8.818573300879983,6.818599522146673,-1.6082613847976934,4.68299711815563,21.656130949889075,27.116049166703114,276.8675,286.23900000000003,285.0430769230769,272.61805,True,True,True,True,2.8401828728738554,2.707150713554413,0.5364274291311163,12.88531495309211,2.4145075068039548,349914227.74,368.75,195.55,54.87875288683603,-21.193220338983043,18.438688181398845,79,True,False,False,False,9.899436025110678,False,False,False,False,False,False,False,True,True,False,Breakout,[],0,"{'market_cap_inr': 132776002465.0, 'relative_volume': 0.8909380209918378, 'gap_percent': -0.0876117049237778, 'eps_growth_percent': 74.87078319195108, 'revenue_growth_percent': 40.31184462478345, 'fcf_growth_percent': 0.0}",['Eligible stock; no leadership setup currently qualifies']
LLOYDSME,Lloyds Metals And Energy Ltd.,Commodities,Metals & Mining,Minerals & Mining,Industrial Minerals,1802.5,1.446420531292203,-1.8406578445787747,-1.124520021941855,4.444315679684796,21.217215870880967,37.3542635068201,1822.4450000000002,1884.038004,1877.8092338461538,1600.428001,False,False,False,True,2.8595205072320184,2.5037542967624526,-1.5134817956512834,10.212521539345198,1.9700765089438044,604332074.4449999,2125.0,1042.9,70.19683947879123,-15.176470588235292,21.391368804542175,82,False,False,False,False,9.761266830756602,False,False,False,False,False,False,False,False,False,False,Monitor,[],0,"{'market_cap_inr': 1035639828270.0, 'relative_volume': 0.9475660208205208, 'gap_percent': 0.005421523448083982, 'eps_growth_percent': 162.1225194132873, 'revenue_growth_percent': 208.5520574612338, 'fcf_growth_percent': 0.0}",['Eligible stock; no leadership setup currently qualifies']
ADANIPORTS,Adani Ports and Special Economic Zone Ltd.,Services,Services,Transport Infrastructure,Port & Port services,1774.0,2.083093566578431,1.7376842346733978,3.906753353247816,-0.9878885974214491,22.564598590576203,25.008808399689954,1767.92,1720.846,1742.2815384615385,1635.5970000000002,True,True,True,True,2.423498147849895,2.2115939688526676,1.2745334948176619,8.236411108473774,2.2109166778640983,2799314276.585,1891.1,1292.0,80.45401435486565,-6.192163291206176,17.488587025313592,79,False,False,False,False,9.65676676544493,False,False,False,True,False,True,False,False,True,False,Recovery,[],0,"{'market_cap_inr': 4027550644337.0, 'relative_volume': 1.6583151334561257, 'gap_percent': -0.011427918404652198, 'eps_growth_percent': 2.4080603220739976, 'revenue_growth_percent': 18.569296548157272, 'fcf_growth_percent': 0.0}",['Eligible stock; no leadership setup currently qualifies']
DLF,DLF Ltd.,Consumer Discretionary,Realty,Realty,Residential Commercial Projects,673.0,2.217496962332932,1.4241579383618586,-1.3051767121278757,6.151419558359628,19.548805400124337,-7.707076247942957,657.0775,663.444,662.4946153846154,626.73125,True,True,True,True,2.4145616641901957,2.343439101599075,0.5965317575931302,11.790678659035159,1.9689218084290327,2178017000.125,786.5,489.4,61.79737462133962,-14.431023521932618,7.7721212030270745,65,False,False,False,False,9.646224827443636,False,False,False,False,False,False,False,False,True,False,65 DMA Setup,[],0,"{'market_cap_inr': 1618606265608.0, 'relative_volume': 1.071929720327635, 'gap_percent': -0.33536585365854354, 'eps_growth_percent': 4.095939761773388, 'revenue_growth_percent': -52.87149850922075, 'fcf_growth_percent': 0.0}",['Eligible stock; no leadership setup currently qualifies']
EXIDEIND,Exide Industries Ltd.,Consumer Discretionary,Automobile and Auto Components,Auto Components,Auto Components & Equipments,405.25,-1.0257662718280547,-1.5786278081360017,-4.501001531754456,-3.821051382461138,30.20080321285141,1.8088179876899924,417.50249999999994,439.894,437.48307692307696,377.157,False,False,False,True,2.8853441438265617,2.6143656119483913,-2.7294954288690634,10.580629118488138,1.5966310162476598,788343406.885,496.4,287.0,56.47086914995225,-18.362207896857374,10.849997359385902,70,False,True,False,False,9.617702918340552,False,False,False,False,False,False,False,False,False,False,Monitor,[],0,"{'market_cap_inr': 342507510376.0, 'relative_volume': 0.8076021983984, 'gap_percent': -0.03722546221615021, 'eps_growth_percent': 28.384605803960643, 'revenue_growth_percent': 17.747363219683415, 'fcf_growth_percent': 0.0}",['Eligible stock; no leadership setup currently qualifies']
FIVESTAR,Five-Star Business Finance Ltd.,Financial Services,Financial Services,Finance,Non Banking Financial Company (NBFC),519.1,2.538271604938269,0.1446898813542985,-0.7551859286874962,-3.5130111524163565,27.480353634577614,-3.1529850746268573,528.0024999999999,533.721,536.9469230769231,485.81525,False,False,False,True,3.7516856097091122,3.374648734574575,-0.7301907862179664,13.645621181262735,2.535522557359564,281397119.22,666.0,338.15,55.19292359310661,-22.05705705705705,9.184203965179949,68,False,False,False,False,9.573791068313447,False,False,False,False,False,False,False,False,False,False,Monitor,[],0,"{'market_cap_inr': 150284106297.0, 'relative_volume': 0.5491231036367967, 'gap_percent': -0.4613723372926323, 'eps_growth_percent': 1.7738359201773852, 'revenue_growth_percent': 6.010434443217878, 'fcf_growth_percent': 0.0}",['Eligible stock; no leadership setup currently qualifies']
GLAXO,Glaxosmithkline Pharmaceuticals Ltd.,Healthcare,Healthcare,Pharmaceuticals & Biotechnology,Pharmaceuticals,2732.8,-1.382126181583987,-2.9442057037326275,-6.9685106382978645,13.55911074174112,16.076965552393485,1.3198872905235248,2839.96997,2812.495978,2732.359983076923,2509.0009950000003,False,False,True,True,3.017574596436936,2.9553260685437808,-0.9390451619352383,13.464443619628664,1.4117894412105692,110891231.37,3120.7,2088.1001,62.43462739053144,-12.429903547281052,10.441081017167638,69,False,True,False,False,9.43434732099232,False,False,False,False,False,False,False,False,True,False,65 DMA Setup,[],0,"{'market_cap_inr': 446088445290.0, 'relative_volume': 0.6336265907693637, 'gap_percent': 0.0, 'eps_growth_percent': 15.692010213441096, 'revenue_growth_percent': 16.551784095284226, 'fcf_growth_percent': 0.0}",['Eligible stock; no leadership setup currently qualifies']
IDBI,IDBI Bank Ltd.,Financial Services,Financial Services,Banks,Private Sector Bank,86.31,-0.3003349890262075,2.275151084251692,-4.766633565044676,7.177449397739966,19.708737864077676,-6.792656587472989,83.3845,85.0456,84.96676923076923,87.07725,True,True,True,False,2.7666054256252433,3.715284425911529,0.5373848435696686,16.382036685642,2.8199507342116226,924161930.51,118.38,61.01,44.099703677880434,-27.09072478459199,7.83171577226163,65,False,False,False,False,9.20394404357889,False,False,False,False,False,False,False,False,True,True,65 DMA Setup,[],0,"{'market_cap_inr': 922018500977.0, 'relative_volume': 0.34690151063483565, 'gap_percent': 0.0, 'eps_growth_percent': 5.346397571755687, 'revenue_growth_percent': 1.5855683276990256, 'fcf_growth_percent': 0.0}",['Eligible stock; no leadership setup currently qualifies']
ENRIN,Siemens Energy India Ltd.,Industrials,Capital Goods,Electrical Equipment,Heavy Electrical Equipment,3316.3999,-0.5278974205158993,3.994979617434935,6.441566903103646,-1.2594188227588066,19.825121942407065,-1.2300116150936624,3203.479995,3289.7740000000003,3311.323072307692,3093.482996,True,True,True,True,3.2931570508989907,3.3221109259367374,0.2457682572547558,14.855117924528294,2.173924410691413,990049024.875,3968.0,2115.0,64.83539665407447,-16.421373487903224,9.1074375025718,68,False,False,False,False,9.099643914773155,False,False,False,False,False,False,False,False,True,False,65 DMA Setup,[],0,"{'market_cap_inr': 1192985898204.0, 'relative_volume': 0.7917638383169248, 'gap_percent': 0.5322966507177088, 'eps_growth_percent': 67.77699479618387, 'revenue_growth_percent': 39.280511038888264, 'fcf_growth_percent': 0.0}",['Eligible stock; no leadership setup currently qualifies']
PWL,Physicswallah Ltd.,Consumer Discretionary,Consumer Services,Other Consumer Services,E-Learning,131.1,9.095448115170178,2.3658936519091123,3.7019458946369266,-10.597381342062185,29.430348504294578,0.0,129.797,125.7748,128.60815384615387,115.86055,True,True,True,True,4.2039882314481885,4.220245734324053,1.0071190162578991,18.93636904256224,3.614661536159594,839178586.745,161.99,77.72,63.34401329061349,-19.06907833816903,9.612575174570301,68,False,False,False,False,8.988542405655298,False,False,False,True,False,True,False,False,True,False,Recovery,[],0,"{'market_cap_inr': 404958207465.0, 'relative_volume': 1.2111754109865338, 'gap_percent': -0.6305079888228097, 'eps_growth_percent': 36.36577893000235, 'revenue_growth_percent': 24.420367187352447, 'fcf_growth_percent': 0.0}",['Eligible stock; no leadership setup currently qualifies']
CASTROLIND,Castrol India Ltd.,Energy,Oil Gas & Consumable Fuels,Petroleum Products,Lubricants,199.51,0.23613344051447438,-0.7610425785913311,4.8562568980921705,8.837488407615513,11.197190948612201,-1.5494695287441518,194.3025,190.2288,188.85723076923077,186.01315,True,True,True,True,2.0407140351002804,1.733594285846166,2.3908135672927755,8.740978348035288,1.2217846777419334,560188856.7950001,207.2,170.1,79.2722371967655,-3.711389961389966,8.709651137180053,67,False,False,False,False,8.786061546633352,False,False,False,True,False,True,False,False,False,False,Recovery,[],0,"{'market_cap_inr': 195005470290.0, 'relative_volume': 0.6144557089474588, 'gap_percent': -0.3296981993406065, 'eps_growth_percent': 42.50040538349278, 'revenue_growth_percent': 25.02889439682529, 'fcf_growth_percent': 0.0}",['Eligible stock; no leadership setup currently qualifies']
KPIL,Kalpataru Projects International Ltd.,Industrials,Construction,Construction,Civil Construction,1378.8,1.6514302565614702,-0.891316848763668,-2.743880933907039,1.9144060906201465,21.716101694915245,9.882052916799488,1402.4,1373.694,1363.14,1253.677,False,True,True,True,3.0746197521654466,2.8126795020737605,0.12089251045682473,8.586722176789841,1.636671049304727,179703769.45999998,1479.6,1007.1,78.66666666666667,-6.812652068126523,12.423989840685335,72,False,False,False,False,8.67051257620639,False,False,False,False,False,False,False,False,True,False,65 DMA Setup,[],0,"{'market_cap_inr': 248747295788.0, 'relative_volume': 0.6315468956302843, 'gap_percent': 0.0, 'eps_growth_percent': 45.14589495563195, 'revenue_growth_percent': 3.837197808519292, 'fcf_growth_percent': 0.0}",['Eligible stock; no leadership setup currently qualifies']
KARURVYSYA,Karur Vysya Bank Ltd.,Financial Services,Financial Services,Banks,Private Sector Bank,324.7,-0.18444512757455067,1.2314886983632034,-6.922746165973925,10.198540641438992,16.94579506573024,55.22516492972558,328.5125,335.707,330.9053846153846,303.315,False,False,False,True,2.778388842447974,2.5947302497156666,-1.1800911221877848,10.404624277456653,1.4091442984704552,485095375.015,358.65,209.51,77.23615394930938,-9.466053255262786,26.040035308702336,85,False,False,False,False,8.617120709302263,False,False,False,False,False,False,False,False,True,False,65 DMA Setup,[],0,"{'market_cap_inr': 319286946543.0, 'relative_volume': 1.0266946410947775, 'gap_percent': 0.0, 'eps_growth_percent': 44.99508503811414, 'revenue_growth_percent': 15.763976391007361, 'fcf_growth_percent': 0.0}",['Eligible stock; no leadership setup currently qualifies']
USHAMART,Usha Martin Ltd.,Industrials,Capital Goods,Industrial Products,Iron & Steel Products,510.5,3.823469595281681,0.49212598425196763,-0.7099095594670812,4.258143571939144,18.226030569708197,10.402249134948093,504.34499999999997,502.87199999999996,502.3361538461538,464.39525000000003,True,True,True,True,3.4308101301245273,3.018063383390673,0.4421366801230788,16.90186362167403,2.055055893313523,352652981.505,542.6,380.0,80.25830258302582,-5.915960191669745,12.424057445063545,72,False,False,False,False,8.603285088195209,False,False,False,True,False,True,False,False,True,False,Recovery,[],0,"{'market_cap_inr': 158541916649.0, 'relative_volume': 0.6693470923854564, 'gap_percent': -0.2402691013935608, 'eps_growth_percent': 40.57511843336051, 'revenue_growth_percent': 16.43503646344075, 'fcf_growth_percent': 0.0}",['Eligible stock; no leadership setup currently qualifies']
KOTAKBANK,Kotak Mahindra Bank Ltd.,Financial Services,Financial Services,Banks,Private Sector Bank,416.0,-0.5617306083423035,3.5985555970613925,-2.0023557126030656,12.4020534990543,11.85802635116968,-0.9759581052130484,413.42749999999995,406.77,400.85769230769233,399.13535,True,True,True,True,2.105082417582417,1.8819112491264476,1.0779129305027926,10.362300481378274,1.0988290056398071,5192744055.375,453.2,345.5,65.45961002785516,-8.208296557811124,8.94230456626204,67,False,False,False,False,8.583340336986112,False,False,False,True,False,True,False,False,False,False,Recovery,[],0,"{'market_cap_inr': 4385025761377.9995, 'relative_volume': 0.7445214866223222, 'gap_percent': 0.0, 'eps_growth_percent': 22.487995731815747, 'revenue_growth_percent': 12.599947872821668, 'fcf_growth_percent': 0.0}",['Eligible stock; no leadership setup currently qualifies']
CUB,City Union Bank Ltd.,Financial Services,Financial Services,Banks,Private Sector Bank,227.65,-1.0389497478699328,5.3983980739849,-3.542222787170024,3.4396583060705144,20.225505340568528,40.955388378068804,227.231,222.81119999999999,223.05553846153848,208.18615000000003,True,True,True,True,3.695208810517399,3.4224975470830445,0.5877080908746913,13.517490151407285,2.1055637878441718,334634856.255,248.85,158.6925,76.4855946538003,-8.519188266023702,21.56037334863526,82,False,False,False,False,8.408526846559585,False,False,False,True,False,True,False,False,True,False,Recovery,[],0,"{'market_cap_inr': 219954765381.0, 'relative_volume': 0.7750950343416808, 'gap_percent': 0.6167837205114374, 'eps_growth_percent': 25.203252032520325, 'revenue_growth_percent': 20.515335246949498, 'fcf_growth_percent': 0.0}",['Eligible stock; no leadership setup currently qualifies']
ANANDRATHI,Anand Rathi Wealth Ltd.,Financial Services,Financial Services,Capital Markets,Financial Products Distributor,2132.0,0.6847697756788618,-0.6616345168204196,-3.7862676017089036,3.5051946790950472,19.987618538424744,48.44729146358446,2172.44499,2157.237986,2139.1630723076923,1817.8497485,False,False,False,True,2.566670798713481,2.353317920170388,-0.45581274723874776,13.024409566517182,1.0467371567725052,609065398.685,2268.3999,1353.85,85.08557050850916,-6.013044701685977,23.71635560472212,83,False,False,False,False,8.275298652625938,False,False,False,False,False,False,False,False,True,False,65 DMA Setup,[],0,"{'market_cap_inr': 352837677002.0, 'relative_volume': 2.9534168928363638, 'gap_percent': 0.5547198194810166, 'eps_growth_percent': 71.49647075515198, 'revenue_growth_percent': 52.13753456208223, 'fcf_growth_percent': 0.0}",['Eligible stock; no leadership setup currently qualifies']
DATAPATTNS,Data Patterns (India) Ltd.,Industrials,Capital Goods,Aerospace & Defense,Aerospace & Defense,4226.5,-0.5833462979957238,-4.351855904401914,-7.86518901598714,-3.8754555226513165,28.825286515484017,60.64845340561988,4497.164965,4524.592012,4480.944613846154,3773.8015100000002,False,False,False,True,4.046408375724598,3.8191337533464598,-1.6281754533630735,20.770528985507262,3.0271467496857385,1663353522.165,5000.0,2131.0,73.03938654583479,-15.469999999999995,27.571003817872203,87,False,False,False,False,8.20740791926886,False,False,False,False,False,False,False,False,False,False,Monitor,[],0,"{'market_cap_inr': 236868179787.0, 'relative_volume': 0.9963778004656633, 'gap_percent': 0.46298483488449865, 'eps_growth_percent': -13.49096577312345, 'revenue_growth_percent': 16.812644719621463, 'fcf_growth_percent': 0.0}",['Eligible stock; no leadership setup currently qualifies']
WHIRLPOOL,Whirlpool of India Ltd.,Consumer Discretionary,Consumer Durables,Consumer Durables,Household Appliances,871.75,1.172169674461787,-4.944935121578897,6.83865432930939,11.734170725454995,5.807743658210951,-26.085297608953706,811.1025,801.9019999999999,796.9453846153846,837.9860000000001,True,True,True,True,5.647507067065426,4.9080097046464255,1.5423249903079783,35.977337110481585,5.054527434850119,263151599.5,1437.0,706.0,22.674418604651162,-39.33542101600557,0.7535987201392667,51,False,False,False,False,8.139720799520976,False,False,False,True,False,False,True,False,False,False,Contrarian Quality,[],0,"{'market_cap_inr': 107117881288.0, 'relative_volume': 0.07373779101735958, 'gap_percent': -0.4139562389118865, 'eps_growth_percent': -29.403468449644798, 'revenue_growth_percent': 12.104903960005263, 'fcf_growth_percent': 0.0}",['Eligible stock; no leadership setup currently qualifies']
HAL,Hindustan Aeronautics Ltd.,Industrials,Capital Goods,Aerospace & Defense,Aerospace & Defense,4680.0,1.717018039556617,-1.2241452089489235,-3.6243822075782584,7.223859269876076,16.045528429803092,-3.9093278562197797,4782.2,4822.83001,4746.666150769231,4416.704498499999,False,False,False,True,2.0450257936507956,2.062460954187133,-1.4481672503494727,12.048010113556384,1.8637204286862736,3406094632.0,5149.8999,3479.1001,71.87575076319735,-9.124447253819445,7.780691733009209,65,False,False,False,False,8.0404665644833,False,False,False,False,False,False,False,False,True,False,65 DMA Setup,[],0,"{'market_cap_inr': 3168990453186.0, 'relative_volume': 0.747815558973956, 'gap_percent': 0.21911804984934866, 'eps_growth_percent': 14.880310858291734, 'revenue_growth_percent': 14.44612067623848, 'fcf_growth_percent': 0.0}",['Eligible stock; no leadership setup currently qualifies']
SCHNEIDER,Schneider Electric Infrastructure Ltd.,Industrials,Capital Goods,Electrical Equipment,Heavy Electrical Equipment,1268.1,-0.5723694527207335,6.724457162093911,2.8967867575462325,-15.267940665508483,31.164666942490694,48.19446067547035,1220.19,1253.688,1282.1599999999999,1089.32975,True,True,False,True,3.1363006522694232,3.3191753120609766,0.36653638828138907,12.910958904109581,2.0997489626919874,273116656.53499997,1548.0,571.85,71.32612815653331,-18.081395348837216,23.30279520724506,83,False,False,False,False,7.846284233454869,False,False,False,False,False,False,False,False,True,False,65 DMA Setup,[],0,"{'market_cap_inr': 299991882627.0, 'relative_volume': 0.8841669814627849, 'gap_percent': 0.0, 'eps_growth_percent': -69.83418367346938, 'revenue_growth_percent': 4.782587712948217, 'fcf_growth_percent': 0.0}",['Eligible stock; no leadership setup currently qualifies']
GRANULES,Granules India Ltd.,Healthcare,Healthcare,Pharmaceuticals & Biotechnology,Pharmaceuticals,817.25,-0.5476118040766642,-5.9172278823461655,-4.286467178075782,-5.361588790457983,26.8430855191681,58.07543520309477,867.21,854.158,858.8253846153847,723.061,False,False,False,True,3.619717694358259,3.3537434128022285,-1.1937340954084537,15.456249999999994,2.2316514929361593,745377948.28,923.65,522.7,73.46302531487717,-11.519514967790823,26.369713016954933,86,False,True,False,False,7.789061336488001,False,False,False,False,False,False,False,False,False,False,Monitor,[],0,"{'market_cap_inr': 209425573644.0, 'relative_volume': 0.9824104152501827, 'gap_percent': 0.5560156157577245, 'eps_growth_percent': 53.382162860835834, 'revenue_growth_percent': 22.03674719404746, 'fcf_growth_percent': 0.0}",['Eligible stock; no leadership setup currently qualifies']
POWERINDIA,Hitachi Energy India Ltd.,Industrials,Capital Goods,Electrical Equipment,Heavy Electrical Equipment,31500.0,0.6711409395973256,1.4983083615273118,-1.5625,-1.3003289989033329,21.551225159174226,73.70684901290394,31203.75,32452.4,32425.923076923078,28741.18,True,False,False,True,3.2358276643990926,2.6867579443148317,-0.9069580142204213,10.305279136447965,1.951171555997265,2755990932.5,38785.0,16111.0,67.87068889476934,-18.783034678355037,30.89548907649955,89,False,False,False,False,7.7747499140535234,False,False,False,False,False,False,False,False,True,False,65 DMA Setup,[],0,"{'market_cap_inr': 1403093471764.0, 'relative_volume': 0.6312219909144811, 'gap_percent': 0.0, 'eps_growth_percent': 123.51837425910244, 'revenue_growth_percent': 68.61789167624586, 'fcf_growth_percent': 0.0}",['Eligible stock; no leadership setup currently qualifies']
CGPOWER,CG Power and Industrial Solutions Ltd.,Industrials,Capital Goods,Electrical Equipment,Heavy Electrical Equipment,882.3,0.3754266211604129,2.0000000000000018,-0.9764309764309864,-2.8410967955071142,22.43963363863446,18.03344481605351,887.155,881.112,886.8630769230768,799.6914999999999,False,True,False,True,2.555820015867618,2.5131505239375995,0.05275395902162604,11.024983602647431,1.9461580565800134,1925926304.2649999,980.9,525.5,78.34870443566095,-10.051993067590992,14.162708765666899,75,False,False,False,False,7.737361832918549,False,False,False,False,False,False,False,False,True,False,65 DMA Setup,[],0,"{'market_cap_inr': 1408389871795.0, 'relative_volume': 0.7582324952420941, 'gap_percent': -0.05589714924538849, 'eps_growth_percent': 12.875560856477545, 'revenue_growth_percent': 13.994197460085822, 'fcf_growth_percent': 0.0}",['Eligible stock; no leadership setup currently qualifies']
FSL,Firstsource Solutions Ltd.,Services,Services,Commercial Services & Supplies,Business Process Outsourcing (BPO)/ Knowledge Process Outsourcing (KPO),257.4,2.7955271565495154,-0.7901329735980012,-2.977761025254444,5.599999999999983,15.737410071942426,-21.10344827586208,261.1625,272.4972,269.02953846153844,263.20605,False,False,False,False,4.363691863691865,3.46137516000665,-1.2696390995952962,18.38637745793634,3.6179833657235485,120726593.07,371.75,202.0,32.636229749631795,-30.759919300605254,2.2210484596378697,55,False,False,False,False,7.510523772463353,False,False,False,False,False,False,False,False,False,True,200 DMA Setup,[],0,"{'market_cap_inr': 180764564004.0, 'relative_volume': 16.477183218449493, 'gap_percent': 1.466049382716054, 'eps_growth_percent': -1.6666666666666683, 'revenue_growth_percent': 22.872174205950348, 'fcf_growth_percent': -7.657300186249899}",['Eligible stock; no leadership setup currently qualifies']
EMMVEE,Emmvee Photovoltaic Power Ltd.,Industrials,Capital Goods,Electrical Equipment,Other Electrical Equipment,296.25,-3.1546256946714535,-6.11630486452227,-8.902214022140221,-9.995442807230736,31.83658938186995,0.0,325.27750000000003,323.724,326.19,272.676,False,False,False,True,3.9614225437010235,3.7246794615570558,-2.142376654525323,22.155276295403702,2.4150777774481385,531750792.465,371.55,171.51,62.35752849430114,-20.266451352442473,8.594308084034202,66,False,True,False,False,7.010677264682167,False,False,False,False,False,False,False,False,False,False,Monitor,[],0,"{'market_cap_inr': 211615273380.0, 'relative_volume': 1.0230843361156141, 'gap_percent': 0.24525833878351863, 'eps_growth_percent': 102.63031689231563, 'revenue_growth_percent': 51.34076982268457, 'fcf_growth_percent': 0.0}",['Eligible stock; no leadership setup currently qualifies']
ASAHIINDIA,Asahi India Glass Ltd.,Consumer Discretionary,Automobile and Auto Components,Auto Components,Auto Components & Equipments,945.75,0.1588562351072298,-1.4792437106099343,-1.7147310989867548,8.619501550476617,10.659334230386719,8.894645941278068,960.0775,939.19,928.6123076923077,905.957,False,True,True,True,2.844303462860164,2.585266018238679,0.24556951333251403,8.15217391304348,1.3083297653026011,104070511.095,1074.0,775.1,57.0926731348277,-11.9413407821229,10.641383848872511,70,False,False,False,False,6.8518764600748145,False,False,False,False,False,False,False,False,True,False,65 DMA Setup,[],0,"{'market_cap_inr': 248910909715.0, 'relative_volume': 0.5456862820441251, 'gap_percent': 0.38924455825863813, 'eps_growth_percent': 153.1094473536158, 'revenue_growth_percent': 15.02758923775575, 'fcf_growth_percent': 0.0}",['Eligible stock; no leadership setup currently qualifies']
SIEMENS,Siemens Ltd.,Industrials,Capital Goods,Electrical Equipment,Heavy Electrical Equipment,3701.1001,-2.7050446898002067,-2.229557522123893,-6.937387477998492,7.399668976533791,14.851826221877417,18.567999359282396,3841.910005,3905.52,3833.1692292307694,3523.873001,False,False,False,True,2.3720746472881715,2.3039002199638325,-2.20656107924282,8.706281466062403,1.7774375334225883,765989778.1700001,4149.3999,2826.0,66.12514478805687,-10.803967098953283,13.712780871383552,74,False,True,False,False,6.796267761038171,False,False,False,False,False,False,False,False,False,False,Monitor,[],0,"{'market_cap_inr': 1354842671779.0, 'relative_volume': 1.1919045127307255, 'gap_percent': 0.08172950171368071, 'eps_growth_percent': 205.22330146331566, 'revenue_growth_percent': 46.60600647542405, 'fcf_growth_percent': 0.0}",['Eligible stock; no leadership setup currently qualifies']
IKS,Inventurus Knowledge Solutions Ltd.,Information Technology,Information Technology,IT - Services,IT Enabled Services,1766.8,-0.5404188245890618,-2.698535080956055,1.985684599399673,-6.5432425284316365,21.080043859649123,21.55486756105951,1789.06,1789.192,1806.5984615384614,1658.249,False,False,False,True,3.8099550438241856,3.372608461058443,-0.3284854114531175,15.023062999941605,2.233959284448249,266772189.88,1970.0,1262.0,71.29943502824858,-10.314720812182742,14.330039558616566,75,False,False,False,False,6.6383038087584945,False,False,False,False,False,False,False,False,True,False,65 DMA Setup,[],0,"{'market_cap_inr': 290725342409.0, 'relative_volume': 0.856868119634324, 'gap_percent': 0.4374352480718262, 'eps_growth_percent': 27.909604519774017, 'revenue_growth_percent': 20.74517460596275, 'fcf_growth_percent': 0.0}",['Eligible stock; no leadership setup currently qualifies']
TATATECH,Tata Technologies Ltd.,Information Technology,Information Technology,IT - Services,IT Enabled Services,697.55,-0.17887807670291522,-1.3436107771727657,-12.806250000000007,-0.7752489331436796,24.807657899445346,-1.3436107771727657,732.6274999999999,778.347,767.5023076923077,678.57025,False,False,False,True,3.1559437623519044,2.94476481942478,-3.28921849945487,17.536931402661992,1.677848195794775,568075835.585,891.0,507.4,49.56986444212721,-21.711560044893385,7.801988477997789,65,False,False,False,False,6.450163533177848,False,False,False,False,False,False,False,False,False,True,200 DMA Setup,[],0,"{'market_cap_inr': 283322677895.0, 'relative_volume': 2.662199543150959, 'gap_percent': 0.6020642201834765, 'eps_growth_percent': 6.048838594401425, 'revenue_growth_percent': 33.781513955749865, 'fcf_growth_percent': 0.0}",['Eligible stock; no leadership setup currently qualifies']
TVSMOTOR,TVS Motor Company Ltd.,Consumer Discretionary,Automobile and Auto Components,Automobiles,2/3 Wheelers,4031.0,0.24869435463814593,-1.5628815628815684,-2.4703031025065103,10.75088606203809,8.153789591001326,16.63435327003404,4102.76001,4232.22001,4111.509238461538,3765.9994974999995,False,False,False,True,2.228620866853314,2.145702919414151,-2.1333727206320763,7.616738964021441,1.0118581090018832,2418940197.0,4484.5,3228.0,63.90768006366893,-10.112610101460584,12.631142983046091,73,False,False,False,False,6.406750182487234,False,False,False,False,False,False,False,False,True,False,65 DMA Setup,[],0,"{'market_cap_inr': 1862436534755.0, 'relative_volume': 1.347677265106686, 'gap_percent': -0.1171676006113069, 'eps_growth_percent': 66.98564593301435, 'revenue_growth_percent': 33.45989574162268, 'fcf_growth_percent': 0.0}",['Eligible stock; no leadership setup currently qualifies']
ELGIEQUIP,Elgi Equipments Ltd.,Industrials,Capital Goods,Industrial Products,Compressors Pumps & Diesel Engines,591.2,1.1203284016078063,-1.2774484428487942,-7.92711415667341,2.719138215619865,18.33466773418735,19.579288025889973,606.6075,605.597,600.123076923077,546.84625,False,False,False,True,2.7667697660931716,2.828695010511301,-0.85924154686494,12.369519832985398,1.616388920601422,185017529.125,653.4,408.25,74.62777891087093,-9.51943679216406,13.742428233029088,74,False,False,False,False,6.30378692997354,False,False,False,False,False,False,False,False,True,False,65 DMA Setup,[],0,"{'market_cap_inr': 190731690223.0, 'relative_volume': 0.938862852649312, 'gap_percent': -0.38202807075823514, 'eps_growth_percent': 21.060622893752555, 'revenue_growth_percent': 22.556824737510095, 'fcf_growth_percent': 0.0}",['Eligible stock; no leadership setup currently qualifies']
BELRISE,Belrise Industries Ltd.,Consumer Discretionary,Automobile and Auto Components,Auto Components,Auto Components & Equipments,231.12,-2.686315789473681,-7.0388544767114425,-2.4233724563033077,2.3832727917072694,14.285714285714302,41.77401545822599,236.4625,237.4572,236.06015384615384,211.35694999999998,False,False,False,True,3.2289966869406115,2.693315667310634,-0.8265030710949118,14.154882154882165,1.7436565732955367,633872131.8800001,268.2,142.59,70.48005732027706,-13.825503355704694,19.927755327265345,81,False,False,False,False,5.942588077307439,False,False,False,False,False,False,False,False,True,False,65 DMA Setup,[],0,"{'market_cap_inr': 238016092555.0, 'relative_volume': 0.632856440768024, 'gap_percent': 0.0, 'eps_growth_percent': 0.2390438247012043, 'revenue_growth_percent': 12.565599626559537, 'fcf_growth_percent': 0.0}",['Eligible stock; no leadership setup currently qualifies']
KPRMILL,K.P.R. Mill Ltd.,Consumer Discretionary,Textiles,Textiles & Apparels,Other Textile Products,1072.6,0.14939309056956063,-3.054953000723082,-8.120609902347109,-9.009161859518155,27.568981921979073,0.727802037845704,1117.885,1109.684,1111.9276923076923,994.1997500000001,False,False,False,True,3.3236994219653218,3.0426765775292877,-1.0054616410186814,13.593155893536114,1.753234038728741,184055693.81,1334.0,796.1,51.40360661833052,-19.595202398800605,7.8961773123177625,66,False,False,False,False,5.844233642373498,False,False,False,False,False,False,False,False,False,False,Monitor,[],0,"{'market_cap_inr': 376303035838.0, 'relative_volume': 1.5511973905903718, 'gap_percent': -0.3995278307454702, 'eps_growth_percent': 21.55173799154708, 'revenue_growth_percent': 9.582340185815305, 'fcf_growth_percent': 0.0}",['Eligible stock; no leadership setup currently qualifies']
APLAPOLLO,APL Apollo Tubes Ltd.,Industrials,Capital Goods,Industrial Products,Iron & Steel Products,2099.8,-0.7515243181925424,-5.188061588476978,-2.760021430027837,15.386306187493147,2.5443180153342793,21.298596268268753,2174.4750200000003,2104.834006,2037.5492353846153,1990.2400015,False,False,True,True,3.147918849414232,2.6082284525529262,-0.07597528695887676,11.208548474011671,1.9354978826971772,1280074231.03,2301.3999,1690.0,67.02650752805165,-8.759881322667983,13.462971692051957,74,False,True,False,False,5.712929014249354,False,False,False,False,False,False,False,False,False,False,Monitor,[],0,"{'market_cap_inr': 588816294362.0, 'relative_volume': 0.42602675075958985, 'gap_percent': -0.468384074941452, 'eps_growth_percent': 10.943793911007043, 'revenue_growth_percent': 8.451826677008842, 'fcf_growth_percent': 0.0}",['Eligible stock; no leadership setup currently qualifies']
PINELABS,Pine Labs Ltd.,Financial Services,Financial Services,Financial Technology (Fintech),Financial Technology (Fintech),167.16,-0.2565785548063748,-3.3868916888221134,0.4748452244996093,17.66030829872598,-1.739948271808145,0.0,181.6165,167.9052,163.70815384615386,179.21375,False,False,True,False,5.6673674494923585,5.75069945326891,-0.07831182199993636,27.12041884816754,4.558933213039134,4955762752.435,284.0,134.73,21.725731895223426,-41.140845070422536,6.841843451415929,63,False,True,False,False,5.6038399019557374,False,False,False,False,False,False,False,False,True,False,65 DMA Setup,[],0,"{'market_cap_inr': 205025649288.0, 'relative_volume': 0.9544526984984849, 'gap_percent': -1.4746440029267611, 'eps_growth_percent': 307.67386091127105, 'revenue_growth_percent': 19.647351074020555, 'fcf_growth_percent': 0.0}",['Eligible stock; no leadership setup currently qualifies']
PERSISTENT,Persistent Systems Ltd.,Information Technology,Information Technology,IT - Software,Computers - Software & Consulting,5530.0,3.0370784423327635,3.781552031528568,-2.0024809498493723,15.945067617150643,1.076564108194633,9.098804809769767,5403.225,5508.247998000001,5408.739986153846,5344.410993500001,True,True,True,True,2.5213123223973133,2.5479530782648694,0.1566242855270573,11.565284773343665,1.6011997644518783,1979498839.0,6599.0,4244.5,54.59757910384371,-16.199424155175024,9.61602951180151,68,False,False,False,False,5.510779071818235,False,False,False,False,False,False,False,False,True,False,65 DMA Setup,[],0,"{'market_cap_inr': 867640790405.0, 'relative_volume': 0.7942215259924158, 'gap_percent': -0.045396767750136194, 'eps_growth_percent': 12.121000521870789, 'revenue_growth_percent': 29.08698648032883, 'fcf_growth_percent': -9.017774788479565}",['Eligible stock; no leadership setup currently qualifies']
TORNTPHARM,Torrent Pharmaceuticals Ltd.,Healthcare,Healthcare,Pharmaceuticals & Biotechnology,Pharmaceuticals,4772.0,0.09859249883970023,-1.9921955226945953,-1.750051472102121,-1.9398303045337517,16.546586884845517,35.772612171735865,4890.25498,4925.005986,4932.181535384615,4461.626502,False,False,False,True,2.1347745778948632,1.9386360129363864,-1.45529030750453,6.369426751592355,1.2500985998033562,1644948201.72,5250.0,3480.6001,72.98519119391834,-9.104761904761904,17.825818494627594,79,False,False,False,False,5.502181279325864,False,False,False,False,False,False,False,False,False,False,Monitor,[],0,"{'market_cap_inr': 1791468508301.0, 'relative_volume': 0.6836290928076164, 'gap_percent': -0.06785123616470502, 'eps_growth_percent': 3.2843987969144712, 'revenue_growth_percent': 54.845814977973575, 'fcf_growth_percent': 0.0}",['Eligible stock; no leadership setup currently qualifies']
NAUKRI,Info Edge (India) Ltd.,Consumer Discretionary,Consumer Services,Retailing,Internet & Catalogue Retail,1201.7,0.14166666666666217,-4.163011404418215,-9.646616541353382,3.643969123291213,16.364868790549036,-10.227102943373668,1255.365,1286.848,1261.4623076923078,1141.47125,False,False,False,True,3.0950201500255576,2.789616070803201,-2.1378819410354706,12.064729306108624,1.80172791273352,1673837776.5,1419.9,908.3,57.34949179046131,-15.367279385872246,4.182853628374342,59,False,False,False,False,5.4096825740331935,False,False,False,False,False,False,False,False,False,False,Monitor,[],0,"{'market_cap_inr': 788155305298.0, 'relative_volume': 1.3124367959683276, 'gap_percent': -0.3509344650289688, 'eps_growth_percent': 50.657894736842124, 'revenue_growth_percent': 11.365573260568848, 'fcf_growth_percent': 0.0}",['Eligible stock; no leadership setup currently qualifies']
FEDERALBNK,Federal Bank Ltd.,Financial Services,Financial Services,Banks,Private Sector Bank,327.35,2.8755499685732433,0.7230769230769374,-4.56268221574343,0.24498545398867755,15.548888104482895,70.16686593543693,332.13,345.217,344.07615384615383,305.43325,False,False,False,True,2.330402147112093,1.9444100944759621,-2.220897890106329,10.613545816733062,1.200563155316579,1755941891.21,371.7,191.8,75.34741523068374,-11.93166532149582,27.969094317713537,88,False,False,False,False,5.164629596753338,False,False,False,False,False,False,False,False,False,False,Monitor,[],0,"{'market_cap_inr': 791858458393.0, 'relative_volume': 1.401695797443992, 'gap_percent': 0.0, 'eps_growth_percent': 32.7027027027027, 'revenue_growth_percent': 7.549670307732825, 'fcf_growth_percent': 0.0}",['Eligible stock; no leadership setup currently qualifies']
PRIVISCL,Privi Speciality Chemicals Ltd.,Commodities,Chemicals,Chemicals & Petrochemicals,Specialty Chemicals,3442.2,-3.660789252728802,-4.2263736616573455,3.205108985698435,-5.656966900812188,15.57988046471024,39.2532116692913,3507.3450199999997,3519.7520179999997,3550.7754,3226.1475069999997,False,False,False,True,3.0895936568805644,3.042538263436819,-0.7131480052457165,10.630038817557486,1.5992619702754978,351690836.67499995,3785.3,2345.3,76.17361111111109,-9.064010778538034,18.393976337454113,79,False,False,False,False,5.053291017024439,False,False,False,False,False,False,False,False,False,False,Monitor,[],0,"{'market_cap_inr': 137506567261.0, 'relative_volume': 0.7583595966759742, 'gap_percent': 0.0, 'eps_growth_percent': 35.96712543048529, 'revenue_growth_percent': 19.220725953826364, 'fcf_growth_percent': 0.0}",['Eligible stock; no leadership setup currently qualifies']
KAJARIACER,Kajaria Ceramics Ltd.,Consumer Discretionary,Consumer Durables,Consumer Durables,Ceramics,1214.4,-0.8733980899518268,2.093316519546029,-3.6649214659685736,0.26420079260238705,14.67963548798339,1.896291324047672,1217.4850000000001,1217.844,1219.386153846154,1096.997,False,False,False,True,2.654456051195185,2.433168179377455,-0.10653589106935196,8.474721508140547,1.4922727040009918,171387059.36,1293.8,869.6,81.2824139556813,-6.136960890400356,7.366614096466565,64,False,False,False,False,5.048094106112049,False,False,False,False,False,False,False,False,True,False,65 DMA Setup,[],0,"{'market_cap_inr': 192822388583.0, 'relative_volume': 0.4513947899777189, 'gap_percent': 0.17941608220519045, 'eps_growth_percent': 55.35257581293388, 'revenue_growth_percent': 20.434553929303373, 'fcf_growth_percent': 0.0}",['Eligible stock; no leadership setup currently qualifies']
HBLENGINE,HBL Engineering Ltd.,Industrials,Capital Goods,Industrial Products,Other Industrial Products,763.6,-2.020914864951562,-2.806593266721813,9.752066115702473,0.8652004491116916,5.681267732336881,-9.830548503276848,757.08,719.335,724.1376923076923,758.87175,True,True,True,True,4.026977475117861,3.800772287053109,1.5280940204426616,19.92774566473987,2.4775521358133616,1128558922.96,1122.0,613.0,29.587426326129666,-31.942959001782533,3.3118498729532386,57,False,False,False,False,5.013343779049462,False,False,False,True,False,True,False,False,False,True,Recovery,[],0,"{'market_cap_inr': 211277991445.0, 'relative_volume': 0.678732387935388, 'gap_percent': 0.0327890353465801, 'eps_growth_percent': -23.86526332082188, 'revenue_growth_percent': 6.02555793741795, 'fcf_growth_percent': 0.0}",['Eligible stock; no leadership setup currently qualifies']
MINDACORP,Minda Corporation Ltd.,Consumer Discretionary,Automobile and Auto Components,Auto Components,Auto Components & Equipments,647.85,-2.9220049449314445,-3.736998514115897,-7.818725099601586,-5.1949952440184415,21.650549244202445,11.736805795101768,684.0325,702.8839999999999,698.2938461538462,611.95575,False,False,False,True,2.8759964277445182,2.6172520097712306,-2.722444781095898,11.60819401930775,1.7231134366063008,101978369.755,769.0,468.5,59.683860232945094,-15.754226267880355,10.42217301044835,69,False,True,False,False,4.887290087374127,False,False,False,False,False,False,False,False,False,False,Monitor,[],0,"{'market_cap_inr': 152891290367.0, 'relative_volume': 0.7668735764861108, 'gap_percent': -0.07037297677692478, 'eps_growth_percent': 215.75091575091568, 'revenue_growth_percent': 33.222934164574134, 'fcf_growth_percent': 0.0}",['Eligible stock; no leadership setup currently qualifies']
MAHABANK,Bank of Maharashtra,Financial Services,Financial Services,Banks,Public Sector Bank,80.9,0.496894409937898,0.06184291898578831,-5.875509016870273,0.3722084367245859,15.52191917749537,43.21118782085325,82.173,81.6194,81.448,75.60135,False,False,False,True,2.8668550238389567,2.695224216859473,-0.30744773951777893,9.357170026626083,2.1440458779087486,1047014859.86,94.5,54.66,65.86345381526107,-14.391534391534389,19.709181930757126,80,False,False,False,False,4.870163369634185,False,False,False,False,False,False,False,False,True,False,65 DMA Setup,[],0,"{'market_cap_inr': 646629041281.0, 'relative_volume': 0.6612103170496973, 'gap_percent': 0.0, 'eps_growth_percent': 34.49562861086967, 'revenue_growth_percent': 15.031386514840378, 'fcf_growth_percent': 0.0}",['Eligible stock; no leadership setup currently qualifies']
DIXON,Dixon Technologies (India) Ltd.,Consumer Discretionary,Consumer Durables,Consumer Durables,Consumer Electronics,12748.0,0.3779527559055085,-6.539589442815252,-10.477528089887645,-1.4380702025668768,19.97553056326762,-23.163160749804113,13270.6,13908.58,13875.676923076922,12087.435,False,False,False,True,2.698462503922184,2.6194704010385137,-3.0922592803431654,12.805311833056665,1.5584131333864346,3640004920.0,17505.0,9600.0,39.82289690069577,-27.175092830619818,-0.009911745483878853,48,False,False,False,False,4.867505631936729,False,False,False,False,False,False,True,False,False,False,Contrarian Quality,[],0,"{'market_cap_inr': 794605907364.0, 'relative_volume': 0.8282956200387974, 'gap_percent': 0.2764127764127764, 'eps_growth_percent': 191.99706333988618, 'revenue_growth_percent': 21.128636938030457, 'fcf_growth_percent': 0.0}",['Eligible stock; no leadership setup currently qualifies']
MRPL,Mangalore Refinery & Petrochemicals Ltd.,Energy,Oil Gas & Consumable Fuels,Petroleum Products,Refineries & Marketing,172.43,4.655256130128671,1.5488810365135386,-1.372762111765713,16.55400838177641,-2.161824784384936,20.24407252440725,169.605,170.9542,169.40276923076922,168.1026,True,True,True,True,3.926230934292175,4.557187258513332,0.2198729941518813,18.823529411764707,2.584667762227856,1106321062.185,212.31,136.02,47.725783195700615,-18.783853798690586,12.234786175287876,72,False,False,False,False,4.58598249192634,False,False,False,False,False,False,False,False,True,True,65 DMA Setup,[],0,"{'market_cap_inr': 320462693027.0, 'relative_volume': 0.9458402625159311, 'gap_percent': -0.19687192387619687, 'eps_growth_percent': 0.0, 'revenue_growth_percent': 120.399752718398, 'fcf_growth_percent': 0.0}",['Eligible stock; no leadership setup currently qualifies']
HYUNDAI,Hyundai Motor India Ltd.,Consumer Discretionary,Automobile and Auto Components,Automobiles,Passenger Cars & Utility Vehicles,2000.0,-1.1857707509881465,-2.472326522650792,-9.297052154195008,4.335124419635861,13.10298026352994,-20.242466093377487,2118.225,2160.5460000000003,2116.603076923077,2054.9454975,False,False,False,False,3.0250007142857185,2.5361221316666396,-2.456464491810575,12.624254503254463,1.721466188095225,1092608265.3200002,2549.5,1658.0,38.36231071228267,-21.55324573445774,0.4249016074273859,49,False,True,False,False,4.434222613735775,False,False,False,False,False,False,False,False,False,True,200 DMA Setup,[],0,"{'market_cap_inr': 1582058261825.0, 'relative_volume': 0.4613776777551472, 'gap_percent': -0.2570694087403599, 'eps_growth_percent': -35.100556040186795, 'revenue_growth_percent': -0.4767111185578395, 'fcf_growth_percent': 0.0}",['Eligible stock; no leadership setup currently qualifies']
INDHOTEL,Indian Hotels Co. Ltd.,Consumer Discretionary,Consumer Services,Leisure Services,Hotels & Resorts,725.0,0.9749303621169991,-0.2476609796367546,-0.95628415300546,-2.8084992291708577,13.931012807417286,0.24196335983408535,723.8525,727.372,728.7192307692308,688.123,True,False,False,True,2.39064039408867,1.9651501042925101,-0.1364092597980998,7.152994606869134,1.173206992893031,1176170455.0149999,757.4,565.0,83.16008316008316,-4.277792447847895,6.283849494533813,62,False,False,False,False,4.35035935450575,False,False,False,False,False,False,False,False,True,False,65 DMA Setup,[],0,"{'market_cap_inr': 1039746105102.0, 'relative_volume': 0.4644879951738848, 'gap_percent': -0.041022836045392384, 'eps_growth_percent': 20.762691513375923, 'revenue_growth_percent': 14.605502969016404, 'fcf_growth_percent': 0.0}",['Eligible stock; no leadership setup currently qualifies']
PETRONET,Petronet LNG Ltd.,Energy,Oil Gas & Consumable Fuels,Gas,LPG/CNG/PNG/LNG Supplier,290.0,1.5761821366024442,1.221640488656206,0.17271157167531026,3.719599427753928,7.24455456528974,5.64663023679417,286.4425,285.67900000000003,283.4669230769231,281.64385,True,True,True,True,2.168719211822662,1.9007886786987782,0.6974332085265172,5.660377358490565,1.357001798364605,406469398.94500005,326.4,235.35,60.021965952773215,-11.151960784313719,7.700686107916887,65,False,False,False,False,4.242859518748599,False,False,False,True,False,True,False,False,True,True,Recovery,[],0,"{'market_cap_inr': 445125036224.0, 'relative_volume': 1.1907281193180235, 'gap_percent': -0.35353535353535737, 'eps_growth_percent': 35.071714922049, 'revenue_growth_percent': -53.21628369357888, 'fcf_growth_percent': 0.0}",['Eligible stock; no leadership setup currently qualifies']
SAIL,Steel Authority of India Ltd.,Commodities,Metals & Mining,Ferrous Metals,Iron & Steel,176.95,1.4040114613180554,-3.9359391965255175,-10.086382113821147,9.21491173929143,8.32568105295377,31.112922347362158,179.6175,179.51,175.93030769230768,169.67055,False,False,True,True,3.254349493400076,2.89880290030064,-0.43821488693531485,12.234604105571844,2.0986340250235593,1993434239.0900002,209.7,124.0,61.78529754959159,-15.61754887935145,15.4998757124464,76,False,False,False,False,4.033896001478222,False,False,False,False,False,False,False,False,True,False,65 DMA Setup,[],0,"{'market_cap_inr': 720776680664.0, 'relative_volume': 0.7113437455207832, 'gap_percent': 0.7687453387642724, 'eps_growth_percent': 120.80328414512371, 'revenue_growth_percent': 1.2495679305726153, 'fcf_growth_percent': 0.0}",['Eligible stock; no leadership setup currently qualifies']
AARTIIND,Aarti Industries Ltd.,Commodities,Chemicals,Chemicals & Petrochemicals,Specialty Chemicals,470.85,1.2362932702644658,-1.2064624422996273,-4.308505233208004,1.149301825993554,11.694935357608838,23.712559117183396,484.3875,501.212,497.78923076923076,455.79,False,False,False,True,2.96955354298457,2.9204987774781324,-2.0399416977996285,11.40245892721139,1.8967152204636453,231783379.785,551.75,338.05,62.143191389798794,-14.662437698232889,13.140822088556792,73,False,False,False,False,4.003103473839278,False,False,False,False,False,False,False,False,False,False,Monitor,[],0,"{'market_cap_inr': 177953713664.0, 'relative_volume': 1.4736947451724431, 'gap_percent': 0.39694656488549385, 'eps_growth_percent': 259.1905564924115, 'revenue_growth_percent': 42.42243436754177, 'fcf_growth_percent': 0.0}",['Eligible stock; no leadership setup currently qualifies']
PNB,Punjab National Bank,Financial Services,Financial Services,Banks,Public Sector Bank,112.35,2.53719083690791,-0.2220248667850755,-3.9743589743589824,11.292719167904885,2.518477963317811,-1.7661974293958327,115.15599999999999,115.2492,113.39707692307692,114.1901,False,False,False,False,2.2696929238985324,2.0502709327840742,-1.1083403717897466,9.170704946511844,1.435953293197586,1379959558.745,135.15,98.5,37.78990450204636,-16.870144284128752,5.330234180600904,61,False,False,False,False,3.9662531505040883,False,False,False,False,False,False,False,False,True,True,65 DMA Setup,[],0,"{'market_cap_inr': 1313643461050.0, 'relative_volume': 1.4874803052001841, 'gap_percent': 0.12217470983506465, 'eps_growth_percent': 174.29655733261046, 'revenue_growth_percent': -0.1186615170357832, 'fcf_growth_percent': 0.0}",['Eligible stock; no leadership setup currently qualifies']
HONAUT,Honeywell Automation India Ltd.,Industrials,Capital Goods,Industrial Manufacturing,Industrial Products,33785.0,0.9411413205856034,-0.23623209803631529,-3.9380153539948837,-12.280929507983906,22.921593596507183,-6.412742382271464,34253.25,36034.1,36595.153846153844,33789.425,False,False,False,False,3.0772320767880927,2.8024898217010277,-2.0283123513455887,10.476911430734281,1.6716794422268357,77925907.5,41495.0,26220.0,49.52536824877251,-18.58055187371973,4.169244758777442,59,False,False,False,False,3.8858082723097853,False,False,False,False,False,False,False,False,False,True,200 DMA Setup,[],0,"{'market_cap_inr': 294771961742.0, 'relative_volume': 0.6377054807582287, 'gap_percent': 0.8547008547008548, 'eps_growth_percent': 20.94702184125002, 'revenue_growth_percent': 1.8003549995773815, 'fcf_growth_percent': 0.0}",['Eligible stock; no leadership setup currently qualifies']
ADANIGREEN,Adani Green Energy Ltd.,Utilities,Power,Power,Power Generation,1284.0,0.6190737403025004,3.967611336032384,-1.3294397909782485,-14.661704107403962,22.923747068115464,19.96636457068113,1284.85,1312.13,1355.9415384615384,1206.55725,False,False,False,True,2.6763462394303534,2.5987506731425603,-0.8010332979529377,9.488394900294228,1.9174332899099982,1269000912.475,1631.5,765.0,59.896133871898435,-21.299417713760338,11.879715570743185,71,False,False,False,False,3.7055424419102367,False,False,False,False,False,False,False,False,False,False,Monitor,[],0,"{'market_cap_inr': 2208863213745.0, 'relative_volume': 2.967448077217497, 'gap_percent': 0.09691367228268634, 'eps_growth_percent': 16.896433861228218, 'revenue_growth_percent': 16.605263157894736, 'fcf_growth_percent': 0.0}",['Eligible stock; no leadership setup currently qualifies']
TECHM,Tech Mahindra Ltd.,Information Technology,Information Technology,IT - Software,Computers - Software & Consulting,1535.9,0.18917155903457328,-0.408507327194918,-3.8199010583004567,7.495800671892505,5.083470169677073,9.660145651863505,1542.175,1588.6860000000001,1571.7846153846153,1516.5645000000002,False,False,False,True,2.2071749462855674,2.1986983911532287,-1.50537232348195,9.025367156208276,1.2363311608220404,2375446232.5,1854.0,1304.1,42.153118748863456,-17.157497303128366,8.601573830292168,67,False,False,False,False,3.701943038458092,False,False,False,False,False,False,True,False,True,True,Contrarian Quality,[],0,"{'market_cap_inr': 1459554828768.0, 'relative_volume': 0.7999598336120598, 'gap_percent': 0.2615518744551064, 'eps_growth_percent': 28.304821150855368, 'revenue_growth_percent': 17.681556714003236, 'fcf_growth_percent': 0.0}",['Eligible stock; no leadership setup currently qualifies']
POONAWALLA,Poonawalla Fincorp Ltd.,Financial Services,Financial Services,Finance,Non Banking Financial Company (NBFC),451.95,4.280110752191968,1.527574974727619,-3.522254242715339,-1.3101867016049762,12.495332918481639,-13.815789473684204,451.1925,467.77,468.17846153846153,441.55775,True,False,False,True,3.5963207055142,3.087891112624167,-0.9404066692738369,15.195504565675488,2.9601226267638165,402853644.06,570.4,361.2,43.37954110898662,-20.766129032258064,1.625502296232621,53,False,False,False,False,3.659004261152079,False,False,False,False,False,False,True,False,False,True,Contrarian Quality,[],0,"{'market_cap_inr': 395258044099.0, 'relative_volume': 1.0066094896342594, 'gap_percent': -0.2004900868790326, 'eps_growth_percent': 339.86083499005963, 'revenue_growth_percent': 76.34264579417204, 'fcf_growth_percent': 0.0}",['Eligible stock; no leadership setup currently qualifies']
TITAGARH,Titagarh Rail Systems Ltd.,Industrials,Capital Goods,Industrial Manufacturing,Railway Wagons,809.65,0.5651471866848778,-1.0993709155316722,-7.134254745655799,-0.9056973257450585,14.26051368896415,-8.77697031153174,831.2924999999999,836.6569999999999,837.9861538461538,798.55925,False,False,False,True,2.842498081181462,2.87706656118089,-1.135608711028849,14.611438343150285,1.343076782154631,352246562.22,971.0,568.7,59.89311459110116,-16.616889804325442,3.2260245445470233,56,False,False,False,False,3.60364772516094,False,False,False,False,False,False,False,False,False,True,200 DMA Setup,[],0,"{'market_cap_inr': 107691881141.0, 'relative_volume': 0.7969663389018797, 'gap_percent': -0.012503907471087558, 'eps_growth_percent': 0.0, 'revenue_growth_percent': 12.62623288679523, 'fcf_growth_percent': 0.0}",['Eligible stock; no leadership setup currently qualifies']
PHOENIXLTD,Phoenix Mills Ltd.,Consumer Discretionary,Realty,Realty,Residential Commercial Projects,1935.0,0.2590673575129543,-0.8810572687224738,-0.3604531410916545,-4.326328800988877,12.953125912089192,24.397299903567983,1914.9599999999998,1918.918,1956.2307692307693,1823.9279999999999,True,True,False,True,2.5319306016980425,2.365744536897585,0.3310029339304817,11.833864410504336,1.3017726942235504,763467469.845,2169.8,1465.6,66.65719965918771,-10.821273850124447,12.94700164788812,73,False,False,False,False,3.576921999216656,False,False,False,False,False,False,False,False,True,False,65 DMA Setup,[],0,"{'market_cap_inr': 661918632405.0, 'relative_volume': 1.8716066332759047, 'gap_percent': 0.2926036304524568, 'eps_growth_percent': 23.29174093879977, 'revenue_growth_percent': 12.797542627362668, 'fcf_growth_percent': 0.0}",['Eligible stock; no leadership setup currently qualifies']
ADANIPOWER,Adani Power Ltd.,Utilities,Power,Power,Power Generation,201.0,2.4412619132561986,2.477821963903337,-2.992277992277992,-7.150776053215068,16.636685429118536,36.38214140317546,204.2,206.1462,208.69830769230768,189.4165,False,False,False,True,2.822672352523098,2.6677876078473663,-0.88440432425531,12.288906209405038,2.136190202765514,3737235658.065,254.2,128.1,57.81126090404442,-20.928402832415415,16.546636412144665,78,False,False,False,False,3.403833054952643,False,False,False,False,False,False,False,False,False,False,Monitor,[],0,"{'market_cap_inr': 3791370832158.0, 'relative_volume': 2.024477967954584, 'gap_percent': -0.4773027317964851, 'eps_growth_percent': 41.97812215132178, 'revenue_growth_percent': 2.616153905658202, 'fcf_growth_percent': 0.0}",['Eligible stock; no leadership setup currently qualifies']
NUVOCO,Nuvoco Vistas Corporation Ltd.,Commodities,Construction Materials,Cement & Cement Products,Cement & Cement Products,326.1,1.2418503570319706,-2.7873006409300793,-3.549245785270627,3.408910734104964,6.9530993768448734,-22.944234404536857,330.775,333.476,335.03153846153845,327.10175,False,False,False,False,3.7652779603101596,3.3427076301352505,-0.5874342744656054,14.775125832115599,2.2184333974296973,85976159.185,439.85,276.25,30.470660146699274,-25.861089007616233,-1.5999756179700126,45,False,False,False,False,3.0870470613570298,False,False,False,False,False,False,False,False,True,True,65 DMA Setup,[],0,"{'market_cap_inr': 115843602172.0, 'relative_volume': 0.44884751787029314, 'gap_percent': -0.20015396458813772, 'eps_growth_percent': 19.97693318670707, 'revenue_growth_percent': 8.911825112263724, 'fcf_growth_percent': 0.0}",['Eligible stock; no leadership setup currently qualifies']
MANAPPURAM,Manappuram Finance Ltd.,Financial Services,Financial Services,Finance,Non Banking Financial Company (NBFC),310.7,0.582712852055689,-0.7348242811501593,-8.53694436267295,-6.57044053525786,18.159345883247767,8.560447239692515,319.765,340.464,340.2292307692308,310.8575,False,False,False,False,2.918524989654694,2.8607326213880166,-2.9954128074429556,10.46645788692928,2.055046697361471,1203085203.845,381.55,245.15,48.05718475073312,-18.568994889267465,7.970310223268612,66,False,False,False,False,2.829848075290619,False,False,False,False,False,False,False,False,False,True,200 DMA Setup,[],0,"{'market_cap_inr': 290724529327.0, 'relative_volume': 0.33606632628587985, 'gap_percent': -0.2589834898025104, 'eps_growth_percent': 273.11150529084347, 'revenue_growth_percent': 34.234460957023146, 'fcf_growth_percent': 0.0}",['Eligible stock; no leadership setup currently qualifies']
GAIL,GAIL (India) Ltd.,Energy,Oil Gas & Consumable Fuels,Gas,Gas Transmission/Marketing,167.5,-2.17264338278238,-2.870397216584508,-3.4025374855824686,-1.0281257385960862,10.038102746025501,-5.559314388813719,172.304,173.62900000000002,173.31646153846154,166.24875,False,False,False,True,1.7501066098080993,1.5839261564558471,-2.016985853988141,6.044220139389567,0.7924608187875118,1000963376.91,186.87,134.36,63.11178823081316,-10.365494728955959,3.453748524279079,57,False,True,False,False,2.804762718505953,False,False,False,False,False,False,False,False,False,True,200 DMA Setup,[],0,"{'market_cap_inr': 1119410708496.0, 'relative_volume': 0.883915590225484, 'gap_percent': -0.351473258742894, 'eps_growth_percent': 96.91671523325842, 'revenue_growth_percent': 16.67181147460202, 'fcf_growth_percent': 0.0}",['Eligible stock; no leadership setup currently qualifies']
ADANIENSOL,Adani Energy Solutions Ltd.,Utilities,Power,Power,Power Distribution,1353.4,2.0355850422195454,5.0857985868468125,-3.9869466515323415,-18.248263364542428,25.46002317497105,47.69465815463525,1362.065,1484.47,1530.9584615384615,1295.69975,False,False,False,True,3.042601701534759,2.834583875840644,-2.901928918407987,13.39397741530739,1.889724280117826,1904052753.3000002,1789.0,803.1,55.817019981742575,-24.34879821129122,19.663820634618364,80,False,False,False,False,2.800380429515486,False,False,False,False,False,False,False,False,False,False,Monitor,[],0,"{'market_cap_inr': 1614299897461.0, 'relative_volume': 1.121682168319691, 'gap_percent': 0.7658477403700437, 'eps_growth_percent': 124.21649750357471, 'revenue_growth_percent': 42.40623643551812, 'fcf_growth_percent': 0.0}",['Eligible stock; no leadership setup currently qualifies']
DEEPAKFERT,Deepak Fertilisers & Petrochemicals Corp. Ltd.,Commodities,Chemicals,Chemicals & Petrochemicals,Commodity Chemicals,1297.7,-0.24598354985010396,-3.9096630877452743,-4.727993539387699,-14.681130834976985,22.626978502244267,-17.47010938692445,1333.7649999999999,1426.444,1459.843076923077,1296.43,False,False,False,True,3.425290899283347,3.0513293445393894,-2.634964758021582,10.141044834922397,1.941882357378638,226517439.04500002,1681.0,866.4,52.94623127915542,-22.801903628792385,0.04510306954547971,48,False,False,False,False,2.730397223808838,False,False,False,False,False,False,False,False,False,True,200 DMA Setup,[],0,"{'market_cap_inr': 179099922895.0, 'relative_volume': 0.8151613285081377, 'gap_percent': -0.028260562385197887, 'eps_growth_percent': 101.52210478227468, 'revenue_growth_percent': 22.473342736248235, 'fcf_growth_percent': 0.0}",['Eligible stock; no leadership setup currently qualifies']
ABCAPITAL,Aditya Birla Capital Ltd.,Financial Services,Financial Services,Finance,Investment Company,377.4,0.6265831222503682,-1.3848967859942496,-6.791800444554208,-2.164614387556718,12.808249887909117,24.16515874321434,389.9425,399.967,400.07307692307694,365.29,False,False,False,True,2.3554016201075036,2.059353466268349,-2.3954366994618153,10.764451647757966,1.9492903363154794,900676016.5,430.7,287.7,62.72727272727272,-12.375203157650338,12.409623000366661,72,False,False,False,False,2.667734808380244,False,False,False,False,False,False,False,False,False,False,Monitor,[],0,"{'market_cap_inr': 1023935666016.0, 'relative_volume': 1.3336172946259695, 'gap_percent': 0.2956194571351695, 'eps_growth_percent': 38.244514106583075, 'revenue_growth_percent': 27.870034131411707, 'fcf_growth_percent': 0.0}",['Eligible stock; no leadership setup currently qualifies']
STARHEALTH,Star Health and Allied Insurance Company Ltd.,Financial Services,Financial Services,Insurance,General Insurance,535.25,-0.455644411381817,-3.1221719457013575,-3.965192428456088,-8.378979801437868,15.219029168012055,17.12253829321664,551.0475,568.3530000000001,573.4807692307693,517.07875,False,False,False,True,3.1253753252819116,3.0675648181618476,-1.8635756114530209,13.859649122807017,1.5363534694373733,232071749.625,624.9,416.55,56.97144228461723,-14.346295407265163,9.890470498342662,69,False,False,False,False,2.1636706295875463,False,False,False,False,False,False,False,False,False,False,Monitor,[],0,"{'market_cap_inr': 326244628189.0, 'relative_volume': 0.24141964825906778, 'gap_percent': 0.5506906202040182, 'eps_growth_percent': 25.1609787508049, 'revenue_growth_percent': 13.092813027415984, 'fcf_growth_percent': 0.0}",['Eligible stock; no leadership setup currently qualifies']
BAJAJHLDNG,Bajaj Holdings & Investment Ltd.,Financial Services,Financial Services,Finance,Holding Company,10732.0,0.6187886742921478,-1.901279707495429,-3.878190774742496,-0.25095269077052285,7.642928786359082,-10.53684561520507,11007.4,11192.34,11043.615384615385,10671.745,False,False,False,True,2.537804163782546,2.0498675781443154,-1.6206891069730214,9.927988478156502,1.6890293588947847,435872646.0,13250.0,8588.0,45.98884598884599,-19.00377358490566,1.3648822370441338,53,False,False,False,False,1.999790379088326,False,False,False,False,False,False,False,False,True,True,65 DMA Setup,[],0,"{'market_cap_inr': 1184263239867.0, 'relative_volume': 1.3156789986440776, 'gap_percent': -0.30013130744700806, 'eps_growth_percent': -22.37365276648122, 'revenue_growth_percent': 24.209840338872596, 'fcf_growth_percent': 0.0}",['Eligible stock; no leadership setup currently qualifies']
GLENMARK,Glenmark Pharmaceuticals Ltd.,Healthcare,Healthcare,Pharmaceuticals & Biotechnology,Pharmaceuticals,2295.0,-1.5444015444015413,-1.3200326783333938,-5.834564254062036,3.2063677654359912,5.804245733057689,15.897384102615897,2403.184985,2362.935986,2336.712293846154,2211.8054965,False,False,False,True,2.8568316215375025,2.5518179714790388,-1.0063829775773725,9.61073235100065,1.870625481050287,1104339379.0700002,2537.6001,1792.6,67.43623255889494,-9.560217939777038,9.314420328553702,68,False,True,False,False,1.9852859476101636,False,False,False,False,False,False,False,False,True,False,65 DMA Setup,[],0,"{'market_cap_inr': 645377334846.0, 'relative_volume': 1.0444326135081266, 'gap_percent': -0.10077553345310351, 'eps_growth_percent': 930.3329520139685, 'revenue_growth_percent': 23.098693803531386, 'fcf_growth_percent': 0.0}",['Eligible stock; no leadership setup currently qualifies']
CLEAN,Clean Science and Technology Ltd.,Commodities,Chemicals,Chemicals & Petrochemicals,Specialty Chemicals,799.8,-0.4047070543552689,-0.9228863425209122,-6.231314848467095,-0.5100136832939417,9.284689485550302,-27.10535909588043,821.765,810.8910000000001,798.9353846153847,790.85725,False,False,True,True,3.302611367127497,3.0390846554504356,-0.41414340865874855,13.949086161879908,1.6817493588395735,191287191.66500002,1108.0,652.0,32.412280701754376,-27.815884476534304,-3.5308774565906518,40,False,False,False,False,1.9775422929504676,False,False,False,False,False,False,False,False,True,True,65 DMA Setup,[],0,"{'market_cap_inr': 86488701553.0, 'relative_volume': 0.9809535511888459, 'gap_percent': -0.006144770800057541, 'eps_growth_percent': 4.679276191054005, 'revenue_growth_percent': 10.525427287961824, 'fcf_growth_percent': 0.0}",['Eligible stock; no leadership setup currently qualifies']
JSL,Jindal Stainless Ltd.,Commodities,Metals & Mining,Ferrous Metals,Iron & Steel,742.0,1.2692780128292558,-0.83528232542599,0.48754062838569645,6.693507800704568,-1.5131404300504303,-2.675760755508916,745.4875,734.029,730.8246153846154,746.52925,False,True,True,False,2.9293415479399316,3.039635532765179,0.3707059693486561,11.04895104895105,2.232073660935758,674838948.175,884.0,652.25,38.727076591154265,-16.063348416289593,3.3673617633681276,57,False,False,False,False,1.8593567153228507,False,False,False,False,False,False,False,False,True,True,65 DMA Setup,[],0,"{'market_cap_inr': 603763641463.0, 'relative_volume': 0.8637797634572966, 'gap_percent': 0.3346308816499413, 'eps_growth_percent': 7.6212471131639745, 'revenue_growth_percent': 10.496573966850656, 'fcf_growth_percent': 0.0}",['Eligible stock; no leadership setup currently qualifies']
PFOCUS,Prime Focus Ltd.,Consumer Discretionary,Media Entertainment & Publication,Entertainment,Media & Entertainment,285.65,-5.272757419996699,-9.375,-6.954397394136813,22.182300355019446,-10.482607333124427,64.75372015226668,320.1175,302.2804,295.31538461538463,273.64655,False,False,False,True,6.040109024530517,4.740363188530191,-0.9108522367721037,28.356624800990637,2.786022171493072,1182966628.505,367.0,161.01,60.507791640370876,-22.166212534059948,23.66127339997895,83,False,True,False,False,1.8321628424728313,False,False,False,False,False,False,False,False,False,False,Monitor,[],0,"{'market_cap_inr': 220665579329.0, 'relative_volume': 0.9223546248916449, 'gap_percent': -0.545774647887328, 'eps_growth_percent': -126.34653465346534, 'revenue_growth_percent': 23.81558540768539, 'fcf_growth_percent': 0.0}",['Eligible stock; no leadership setup currently qualifies']
POLYMED,Poly Medicure Ltd.,Healthcare,Healthcare,Healthcare Equipment & Supplies,Medical Equipment & Supplies,1619.6,-1.1293571821012094,-6.0774762236140205,-8.429920280431968,-3.0005390189854597,12.440988614273806,-16.9861609431061,1700.645,1724.64,1712.896923076923,1566.6485,False,False,False,True,2.927530607204603,2.6707797789571943,-2.08043817471627,11.090213779700342,1.5575895820312764,167251986.88,2094.3,1182.0,47.96667762797323,-22.66628467745787,-0.5006504208589124,46,False,True,False,False,1.8187267189566199,False,False,False,False,False,False,False,False,False,False,Monitor,[],0,"{'market_cap_inr': 163703839731.0, 'relative_volume': 0.7031867512526376, 'gap_percent': -0.32198142414860964, 'eps_growth_percent': -7.5245365321701145, 'revenue_growth_percent': 30.298005484477468, 'fcf_growth_percent': 0.0}",['Eligible stock; no leadership setup currently qualifies']
KIRLOSBROS,Kirloskar Brothers Ltd.,Industrials,Capital Goods,Industrial Products,Compressors Pumps & Diesel Engines,1742.4,-1.4256619144602745,-1.6648795078729073,-7.383192473289735,-6.130804870164852,14.031413612565458,-13.0712432648174,1786.475,1856.096,1863.5984615384614,1716.1534995,False,False,False,True,3.9625147579693016,3.3155351836981275,-1.5458731650398478,14.008950653633256,2.2800637058174336,49099171.415,2189.2,1335.0,47.693748536642495,-20.409281929471945,0.52539509039168,51,False,False,False,False,1.6209856221460521,False,False,False,False,False,False,False,False,False,True,200 DMA Setup,[],0,"{'market_cap_inr': 136043371431.0, 'relative_volume': 0.35235673631156517, 'gap_percent': 0.5955161139654394, 'eps_growth_percent': -0.15000714319728387, 'revenue_growth_percent': 12.86006128702758, 'fcf_growth_percent': 0.0}",['Eligible stock; no leadership setup currently qualifies']
AUBANK,AU Small Finance Bank Ltd.,Financial Services,Financial Services,Banks,Other Bank,1029.2,4.275582573454928,3.4060082387220136,-3.361502347417833,-0.9241432422025353,6.874350986500533,38.724895538482286,1031.2649999999999,1058.1,1051.486153846154,1006.426,False,False,False,True,2.477652545666535,2.1488860951871747,-1.1023784771445633,10.644631492506672,2.0354769688998093,1333285679.745,1144.1,745.0,71.21022300175397,-10.042828424088789,15.82203686943347,77,False,False,False,False,1.5859146729748674,False,False,False,False,False,False,False,False,True,True,65 DMA Setup,[],0,"{'market_cap_inr': 746860440430.0, 'relative_volume': 0.46588137342978236, 'gap_percent': 0.4529897322327361, 'eps_growth_percent': 35.089974293059115, 'revenue_growth_percent': 15.473139385017575, 'fcf_growth_percent': 0.0}",['Eligible stock; no leadership setup currently qualifies']
GVT&D,GE Vernova T&D India Ltd.,Industrials,Capital Goods,Electrical Equipment,Heavy Electrical Equipment,4247.5,-0.13402143637630815,1.0587675469902358,-1.3654367492017094,-4.907430321829076,8.595607598496668,33.98630535357543,4364.485009999999,4317.758018,4352.460006153846,4102.969498,False,False,False,True,2.721768267047843,2.945987705030927,-0.5978420361314002,17.37089487389365,2.804080721360864,2562832479.0,5650.0,2523.2,55.14583599846489,-24.823008849557525,14.220424867386038,75,False,False,False,False,1.3792832394580632,False,False,False,False,False,False,False,False,True,False,65 DMA Setup,[],0,"{'market_cap_inr': 1101025748677.0, 'relative_volume': 0.9124158842137174, 'gap_percent': -0.7066237286564881, 'eps_growth_percent': 24.653342595116467, 'revenue_growth_percent': 38.04214625638095, 'fcf_growth_percent': 0.0}",['Eligible stock; no leadership setup currently qualifies']
CHOICEIN,Choice International Ltd.,Financial Services,Financial Services,Finance,Holding Company,726.0,0.917431192660545,-3.3353305372478492,-5.524106968573106,-6.701792713487109,12.750427084951088,-5.407166123778506,749.135,781.058,787.1838461538462,743.2445,False,False,False,False,3.4828807556080283,2.863477909364278,-2.0239442275842183,13.052706048814988,1.7243104817955723,244722312.71499997,860.5,568.7,53.90678546949965,-15.630447414294013,2.576438139295967,56,False,False,False,False,1.373516642116671,False,False,False,False,False,False,False,False,False,True,200 DMA Setup,[],0,"{'market_cap_inr': 161189937124.0, 'relative_volume': 0.3724338053200443, 'gap_percent': 0.006908940168571856, 'eps_growth_percent': 13.400036549707597, 'revenue_growth_percent': 34.06848324900402, 'fcf_growth_percent': 0.0}",['Eligible stock; no leadership setup currently qualifies']
NAM-INDIA,Nippon Life India Asset Management Ltd.,Financial Services,Financial Services,Capital Markets,Asset Management Company,1061.0,1.4340344168260133,-3.0075875308529176,-8.526597120441426,-9.160958904109584,16.766631816430966,19.60320144290384,1131.325,1165.872,1167.6553846153847,1037.271,False,False,False,True,2.917059377945333,2.606241140036231,-3.0836381409970572,16.426344505066236,1.946483472502352,881809399.5,1269.5,795.8,55.984800506649776,-16.42378889326507,10.219244758308767,69,False,False,False,False,1.368667830023675,False,False,False,False,False,False,False,False,False,True,200 DMA Setup,[],0,{},['Eligible stock; no leadership setup currently qualifies']
INDIGO,InterGlobe Aviation Ltd.,Services,Services,Transport Services,Airline,4935.0,0.10345240478411011,1.241152938762946,-0.8438818565400852,-3.688524590163933,6.922326941826462,-11.969318587227972,4924.764990000001,5100.995996000001,5123.419996923077,4825.4150035,True,False,False,True,2.0075264148212475,1.861076235454989,-1.6209938288966728,7.7103052217377455,1.5099219804850144,2587821882.0,5970.0,3895.2,50.115673799884334,-17.336683417085432,0.31471315495948593,49,False,False,False,False,1.2669767060381871,False,False,False,False,False,False,False,False,False,True,200 DMA Setup,[],0,"{'market_cap_inr': 1925696312035.0, 'relative_volume': 1.1747409766057912, 'gap_percent': -0.30060120240480964, 'eps_growth_percent': -110.92638691322902, 'revenue_growth_percent': 19.944087469445705, 'fcf_growth_percent': 0.0}",['Eligible stock; no leadership setup currently qualifies']
BRIGADE,Brigade Enterprises Ltd.,Consumer Discretionary,Realty,Realty,Residential Commercial Projects,571.6,0.35993328066017405,-4.398728884428826,-19.752913098413583,10.689388071262606,6.139312489845183,-14.883478519842141,617.415,613.806,598.3553846153845,568.9590000000001,False,False,False,True,3.863216035189443,3.5741716888603747,-1.7798937177419387,27.6670892954175,1.8204321352391806,168192354.555,802.0125,450.75,34.404469591829475,-28.729290378890603,-0.03631568134353769,47,False,False,False,False,1.2587825462765894,False,False,False,False,False,False,True,False,False,True,Contrarian Quality,[],0,"{'market_cap_inr': 180992334106.0, 'relative_volume': 1.1614153499164948, 'gap_percent': 0.0, 'eps_growth_percent': 33.6080367044293, 'revenue_growth_percent': -12.925207237304276, 'fcf_growth_percent': 0.0}",['Eligible stock; no leadership setup currently qualifies']
TATACOMM,Tata Communications Ltd.,Telecommunication,Telecommunication,Telecom - Services,Telecom - Cellular & Fixed line services,1677.2,-0.34462269756386776,0.6420642064206339,-1.1318085357227115,-12.045728669568412,14.204003813155385,3.967270022315894,1722.975,1724.0279999999998,1750.5938461538462,1705.8310000000001,False,False,False,False,3.085499642260911,2.6751423776443715,-0.8803103223639271,13.230293663060277,1.2486260352650493,281455160.93,2110.0,1322.5,45.04126984126985,-20.51184834123223,5.1477027774928095,60,False,False,False,False,1.1826443569825322,False,False,False,False,False,False,False,False,False,True,200 DMA Setup,[],0,"{'market_cap_inr': 473284970127.0, 'relative_volume': 2.7537069924683384, 'gap_percent': -0.26512412629548465, 'eps_growth_percent': -42.253348077159345, 'revenue_growth_percent': 10.452779851841909, 'fcf_growth_percent': 0.0}",['Eligible stock; no leadership setup currently qualifies']
UNITDSPR,United Spirits Ltd.,Fast Moving Consumer Goods,Fast Moving Consumer Goods,Beverages,Breweries & Distilleries,1369.0,2.5391356452700187,-3.2782252366822195,-6.978324386763612,-2.8250993753549114,9.546291109866356,0.46969029795977946,1390.55,1466.7320000000002,1452.3030769230768,1371.989,False,False,False,False,2.2132943754565404,1.9818167570885905,-3.010556892474702,9.532852259779713,1.5690679221705899,649721629.355,1563.4,1210.8,44.866704480998294,-12.434437763848027,4.129294995096506,59,False,False,False,False,1.0851505658814204,False,False,False,False,False,False,False,False,False,True,200 DMA Setup,[],0,"{'market_cap_inr': 979014299438.0, 'relative_volume': 0.5645036034343802, 'gap_percent': 0.06696428571429248, 'eps_growth_percent': -7.780295076532023, 'revenue_growth_percent': 6.237740290309925, 'fcf_growth_percent': 0.0}",['Eligible stock; no leadership setup currently qualifies']
PIRAMALFIN,Piramal Finance Ltd.,Financial Services,Financial Services,Finance,Non Banking Financial Company (NBFC),2002.6,-1.0230811051252897,-6.538479488495819,-10.313937494466273,-7.274158447932577,15.2376568074577,0.0,2195.16001,2154.220006,2153.1984661538463,1946.3645024999998,False,False,False,True,5.545291121541995,4.477755238341157,-1.269235187229228,30.60857287222096,2.027976059227499,682003424.71,2326.3999,1260.0,69.63616556978297,-13.91849698755575,4.0831908806861605,59,False,True,False,False,0.9706228925901099,False,False,False,False,False,False,False,False,False,True,200 DMA Setup,[],0,"{'market_cap_inr': 622059950600.0, 'relative_volume': 0.7964846608453681, 'gap_percent': 0.005046681806707497, 'eps_growth_percent': 66.3932399010717, 'revenue_growth_percent': 33.92787329609133, 'fcf_growth_percent': 0.0}",['Eligible stock; no leadership setup currently qualifies']
VBL,Varun Beverages Ltd.,Fast Moving Consumer Goods,Fast Moving Consumer Goods,Beverages,Other Beverages,439.6,3.362332471196794,2.2325581395348904,7.8508341511285495,-7.364871983984822,3.94892409553087,-0.8681925808997515,422.65,427.295,436.7223076923077,465.0295,True,True,True,False,2.073313401793839,2.079543310822486,1.3889571640451177,11.105502271580004,1.1719908534073167,2131597487.5,555.8,381.0,33.524027459954254,-20.906801007556663,3.1381506556643473,56,True,False,False,False,0.9645729815997981,False,False,False,False,False,False,False,False,True,False,65 DMA Setup,[],0,"{'market_cap_inr': 1490496237582.0, 'relative_volume': 0.7593119352947157, 'gap_percent': 0.28360748723766305, 'eps_growth_percent': 15.458490614487838, 'revenue_growth_percent': 20.43302256642837, 'fcf_growth_percent': 0.0}",['Eligible stock; no leadership setup currently qualifies']
ABB,ABB India Ltd.,Industrials,Capital Goods,Electrical Equipment,Heavy Electrical Equipment,6895.0,-0.07246376811593791,-1.1115095016134835,-6.95006747638327,1.8238204238351985,4.248563652857573,33.01823092505065,7092.425,7353.42,7322.1461538461535,6605.615,False,False,False,True,2.4303325391070136,2.130050197169755,-2.565124704006811,12.303881090008261,1.6548959186287406,1300345267.0,7924.5,4637.5,68.67964709461515,-12.99135592150924,13.47100743247571,74,False,False,False,False,0.6002457403895312,False,False,False,False,False,False,False,False,False,False,Monitor,[],0,"{'market_cap_inr': 1486537222366.0, 'relative_volume': 0.8921570318744573, 'gap_percent': 0.0, 'eps_growth_percent': 3.0020423286160987, 'revenue_growth_percent': 21.030651562505316, 'fcf_growth_percent': 0.0}",['Eligible stock; no leadership setup currently qualifies']
HINDZINC,Hindustan Zinc Ltd.,Commodities,Metals & Mining,Non - Ferrous Metals,Zinc,560.95,1.062967300243245,-2.1029668411867264,-6.663893510815299,5.77974731284181,0.4386750223813962,14.130213631739586,578.5649999999999,579.639,568.0392307692308,587.73125,False,False,False,False,2.333413978836922,2.1022861246284297,-1.3817728980379813,11.641081871345005,1.7338915236989505,2107024821.915,733.0,453.5,38.44364937388195,-23.472032742155523,7.693543472426388,64,False,False,False,False,0.5324081907433671,False,False,False,False,False,False,False,False,True,False,65 DMA Setup,[],0,"{'market_cap_inr': 2330685773210.0, 'relative_volume': 0.6447163505566011, 'gap_percent': 0.5444646098003629, 'eps_growth_percent': 144.80632470873053, 'revenue_growth_percent': 76.90129970402779, 'fcf_growth_percent': 0.0}",['Eligible stock; no leadership setup currently qualifies']
CIPLA,Cipla Ltd.,Healthcare,Healthcare,Pharmaceuticals & Biotechnology,Pharmaceuticals,1335.5,-0.6324404761904767,-3.4834140348341425,-3.5740072202166018,-6.725799692694512,9.073832081019262,-12.005007577255055,1370.83,1411.844,1415.533846153846,1377.2320000000002,False,False,False,False,1.957533294111356,1.7031981840678256,-2.76235214023785,7.570022710068125,0.929046591851012,1238399596.0,1673.0,1165.7,33.47131874630396,-20.17334130304842,-0.219379580474921,47,False,True,False,False,0.38200113491047505,False,False,False,False,False,False,False,False,False,False,Monitor,[],0,"{'market_cap_inr': 1074063969971.0, 'relative_volume': 0.5471862172564579, 'gap_percent': -0.3013863773357444, 'eps_growth_percent': -39.22789539227895, 'revenue_growth_percent': 2.3257017277832315, 'fcf_growth_percent': 0.0}",['Eligible stock; no leadership setup currently qualifies']
M&MFIN,Mahindra & Mahindra Financial Services Ltd.,Financial Services,Financial Services,Finance,Non Banking Financial Company (NBFC),326.2,2.017200938232988,-1.6729464958553208,-12.6990499130202,-1.6432986582240239,10.165484633569722,18.29555757026291,343.7525,369.526,362.87615384615384,343.20074999999997,False,False,False,False,2.926556888849962,2.6850166133621753,-4.006329120036952,20.922491678554444,1.4777287650865323,584536348.685,415.0,272.0,37.90209790209789,-21.397590361445783,9.10015458424269,67,False,False,False,False,0.3162768447944311,False,False,False,False,False,False,False,False,False,False,Monitor,[],0,"{'market_cap_inr': 446287812469.0, 'relative_volume': 1.1801020135108786, 'gap_percent': -0.015540015540019075, 'eps_growth_percent': 64.13793103448276, 'revenue_growth_percent': 14.189259271079338, 'fcf_growth_percent': 0.0}",['Eligible stock; no leadership setup currently qualifies']
ABBOTINDIA,Abbott India Ltd.,Healthcare,Healthcare,Pharmaceuticals & Biotechnology,Pharmaceuticals,26240.0,-2.235469448584204,-1.8698578908002972,1.1370206205434608,-1.814780168381669,1.5087040618955605,-12.211441953830715,26447.5,26790.4,26991.0,26857.325,False,False,False,False,2.475773083623693,2.274143093880665,-0.8298285838262436,10.801670976725685,1.6314425023921237,152085222.5,30655.0,25135.0,20.018115942028984,-14.402218235198172,-0.6164392419925087,46,False,False,False,False,0.2525637209605053,False,False,False,False,False,False,False,False,True,True,65 DMA Setup,[],0,"{'market_cap_inr': 554333734632.0, 'relative_volume': 0.7155535401956339, 'gap_percent': -0.019160758766047135, 'eps_growth_percent': 17.126750616087925, 'revenue_growth_percent': 4.3334196220553975, 'fcf_growth_percent': 0.0}",['Eligible stock; no leadership setup currently qualifies']
PIDILITIND,Pidilite Industries Ltd.,Commodities,Chemicals,Chemicals & Petrochemicals,Specialty Chemicals,1487.7,1.6188524590164066,-1.017964071856281,-8.702055845351332,-5.266174223127873,10.412646578595819,-0.12755102040815647,1533.715,1605.192,1599.7523076923076,1500.2279999999998,False,False,False,False,2.118802754011467,1.8394862774264376,-3.4545444187249315,9.754255903349819,1.485976588713135,807633581.265,1707.5,1259.0,50.992196209587526,-12.872620790629574,3.341200809473566,57,False,False,False,False,0.14638369200573909,False,False,False,False,False,False,False,False,False,True,200 DMA Setup,[],0,"{'market_cap_inr': 1514467390455.0, 'relative_volume': 1.2705260999797559, 'gap_percent': -0.23513604299630503, 'eps_growth_percent': 29.64366944655043, 'revenue_growth_percent': 21.274413151794516, 'fcf_growth_percent': 0.0}",['Eligible stock; no leadership setup currently qualifies']
OBEROIRLTY,Oberoi Realty Ltd.,Consumer Discretionary,Realty,Realty,Residential Commercial Projects,1751.2,-0.19377635928415904,-5.773473231100345,-7.928496319663514,-8.140998741082672,12.234826635903362,10.688325643132558,1786.6799999999998,1823.116,1837.3446153846153,1686.273,False,False,False,True,3.1549794426678863,2.778795104229396,-1.2503013134719687,13.58433734939759,1.8626794771145683,719613539.76,1986.1,1391.2,60.51437216338882,-11.8271990332813,6.529945625092516,63,False,False,False,False,0.06245701506653134,False,False,False,False,False,False,False,False,False,False,Monitor,[],0,"{'market_cap_inr': 630522677826.0, 'relative_volume': 0.8682960947895284, 'gap_percent': -0.3456221198156682, 'eps_growth_percent': 28.954296318674206, 'revenue_growth_percent': 26.789139462559824, 'fcf_growth_percent': 0.0}",['Eligible stock; no leadership setup currently qualifies']
J&KBANK,Jammu & Kashmir Bank Ltd.,Financial Services,Financial Services,Banks,Private Sector Bank,141.53,1.1073010430061592,-0.5061511423550047,-5.65924543394215,-14.720414557724759,16.418524306983628,34.25346234111175,144.53199999999998,149.7268,156.19400000000002,134.69185,False,False,False,True,2.6738399733524423,2.391907049802565,-2.047431516070756,10.065789473684195,1.1952417382752165,206623178.78,201.75,97.35,42.31800766283526,-29.848822800495668,13.550129614508036,74,False,False,False,False,0.0004532691042484771,False,False,False,False,False,False,True,False,False,False,Contrarian Quality,[],0,"{'market_cap_inr': 153449787416.0, 'relative_volume': 0.941811383859936, 'gap_percent': 0.3515064562410191, 'eps_growth_percent': -11.502011317924591, 'revenue_growth_percent': 6.878628305395086, 'fcf_growth_percent': 0.0}",['Eligible stock; no leadership setup currently qualifies']
GODREJIND,Godrej Industries Ltd.,Diversified,Diversified,Diversified,Diversified,1040.2,2.0204001569242847,-3.3361211783291433,-10.597335625268578,-14.485366655705366,19.200137512175573,-10.427968655816755,1094.535,1177.252,1212.4938461538463,1074.15975,False,False,False,False,3.372291042931304,2.869212328818983,-3.4521598055732023,18.96061713357693,1.3548077734450639,51819733.085,1443.0,744.2,42.35832856325129,-27.914067914067907,0.29823272379295185,48,False,False,False,False,-0.03915723094379242,False,False,False,False,False,False,False,False,False,False,Monitor,[],0,"{'market_cap_inr': 346956606445.0, 'relative_volume': 1.9084490794149427, 'gap_percent': -0.9620991253644292, 'eps_growth_percent': -18.584983896164015, 'revenue_growth_percent': 22.159962330149334, 'fcf_growth_percent': 0.0}",['Eligible stock; no leadership setup currently qualifies']
ONESOURCE,Onesource Specialty Pharma Ltd.,Healthcare,Healthcare,Pharmaceuticals & Biotechnology,Pharmaceuticals,1488.3,-1.3063660477453665,-7.13216023961063,-5.546741130925947,-8.513646422424392,10.777819129140308,-16.738461538461546,1570.365,1569.674,1588.1,1579.6729999999998,False,False,False,False,3.7617223869995495,3.771294276781211,-1.3781276878550583,15.618024553571441,1.614138408896321,372738029.14,1925.0,1057.0,49.68894009216589,-22.685714285714287,-1.8710914234394256,44,False,True,False,False,-0.05533387892389996,False,False,False,False,False,False,False,False,False,False,Monitor,[],0,"{'market_cap_inr': 174761483917.0, 'relative_volume': 0.9608558121554766, 'gap_percent': -0.03925160277377398, 'eps_growth_percent': 0.0, 'revenue_growth_percent': 37.202615577352034, 'fcf_growth_percent': 0.0}",['Eligible stock; no leadership setup currently qualifies']
PAGEIND,Page Industries Ltd.,Consumer Discretionary,Textiles,Textiles & Apparels,Garments & Apparels,37465.0,2.195853791598479,-0.09333333333333416,3.209366391184565,-9.537607147168902,6.0580325548478475,-7.914464790463316,36247.5,36992.9,37766.846153846156,36405.825,True,True,False,True,2.3250271682141426,2.202247990699031,0.5488928706154605,11.308823529411761,1.6508158375856827,602793750.0,43855.0,29805.0,54.51957295373665,-14.570744498916888,0.4175975758027537,49,False,False,False,False,-0.1126078817738354,False,False,False,False,False,False,False,False,True,True,65 DMA Setup,[],0,"{'market_cap_inr': 418505087668.0, 'relative_volume': 0.6423622860603039, 'gap_percent': -0.013308490817141336, 'eps_growth_percent': -3.979196084073328, 'revenue_growth_percent': 7.890571884586291, 'fcf_growth_percent': 0.0}",['Eligible stock; no leadership setup currently qualifies']
LTFOODS,LT Foods Ltd.,Fast Moving Consumer Goods,Fast Moving Consumer Goods,Agricultural Food & other Products,Other Agricultural Products,405.8,1.6660403357134035,-3.9185509648395955,-8.304146424132863,6.369593709043264,-0.6852667645619204,1.1213555943184739,425.25,424.402,414.6023076923077,400.65074999999996,False,False,False,True,3.1216996409209328,2.9133785375109125,-1.4040775769900102,19.969159599074793,1.6370494191083398,154448886.365,490.7,333.15,46.112345287210424,-17.30181373547992,3.3551271871697876,57,False,False,False,False,-0.12078551369284174,False,False,False,False,False,False,False,False,True,True,65 DMA Setup,[],0,"{'market_cap_inr': 145099638789.0, 'relative_volume': 0.6189665495892, 'gap_percent': 0.04782400765183851, 'eps_growth_percent': 8.867594023699123, 'revenue_growth_percent': 27.919559942915278, 'fcf_growth_percent': 0.0}",['Eligible stock; no leadership setup currently qualifies']
JSWSTEEL,JSW Steel Ltd.,Commodities,Metals & Mining,Ferrous Metals,Iron & Steel,1235.3,0.18653690186536398,-2.2783007673443545,-6.769811320754715,1.295612956129566,2.1162271637596097,6.3355427390892505,1266.16,1285.2839999999999,1275.309230769231,1240.405,False,False,False,False,1.8578482959604994,1.7120488614089413,-2.093252691017023,8.24827132038195,1.3979210014966552,1602152938.68,1351.0,1073.2,58.3513318934485,-8.564026646928202,4.721486586375777,60,False,False,False,False,-0.3924974300394868,False,False,False,False,False,False,False,False,False,True,200 DMA Setup,[],0,"{'market_cap_inr': 3000816668324.0, 'relative_volume': 2.449495558490309, 'gap_percent': -0.39837398373984484, 'eps_growth_percent': 112.989921612542, 'revenue_growth_percent': 9.773564790136046, 'fcf_growth_percent': 0.0}",['Eligible stock; no leadership setup currently qualifies']
SAGILITY,Sagility Ltd.,Information Technology,Information Technology,IT - Services,IT Enabled Services,42.57,-1.3898540653231484,-2.0253164556962133,-9.077317385732597,5.423476968796437,-0.3511235955056091,-2.00276243093922,44.5635,44.3296,43.68876923076923,43.8763,False,False,False,False,2.5806235108560696,2.3910541549241726,-1.5381386712628229,10.900023747328436,1.3635022764366942,485239343.42499995,57.89,35.83,30.553037171350866,-26.46398341682501,2.1656299010077067,55,False,False,False,False,-0.5115618455566402,False,False,False,False,False,False,False,False,True,True,65 DMA Setup,[],0,"{'market_cap_inr': 201952513520.0, 'relative_volume': 2.1943924787298696, 'gap_percent': 1.600556715379257, 'eps_growth_percent': 45.950204853450984, 'revenue_growth_percent': 27.586549720522278, 'fcf_growth_percent': 0.0}",['Eligible stock; no leadership setup currently qualifies']
MARICO,Marico Ltd.,Fast Moving Consumer Goods,Fast Moving Consumer Goods,Agricultural Food & other Products,Edible Oil,790.0,1.1070582965380327,-2.8588994774054743,-3.0853217199288463,-5.963575764789908,5.706830802167651,11.118925381531742,806.8325,833.293,837.3338461538461,799.79575,False,False,False,False,2.1984629294755886,1.9994430921369797,-2.363201757126673,8.737357259380097,1.407487610731415,1268495232.6999998,889.1,703.95,46.47583040777746,-11.146102800584867,5.971558730524949,62,False,False,False,False,-0.5758496267916189,False,False,False,False,False,False,False,False,False,True,200 DMA Setup,[],0,"{'market_cap_inr': 1022675424198.0, 'relative_volume': 0.3763348048532627, 'gap_percent': 0.12067322959670314, 'eps_growth_percent': 24.678663239074535, 'revenue_growth_percent': 22.85004656938839, 'fcf_growth_percent': 0.0}",['Eligible stock; no leadership setup currently qualifies']
BIRET,Brookfield India Real Estate Trust,Consumer Discretionary,Realty,Realty,Real Estate Investment Trusts (REITs),333.11,0.8660105980317967,-1.443829699103527,-2.7046762274732017,-2.014942934462871,2.012004654866173,-2.9003672826910742,337.4785,340.8828,340.5493846153846,336.11825,False,False,False,False,1.3234581455289323,1.2142743539705492,-1.722908419766238,5.670752311614913,0.662649307569457,119652290.00999999,375.69,312.05,33.09239472030171,-11.333812451755431,1.701578118517767,54,False,False,False,False,-0.5765972219838362,False,False,False,False,False,False,False,False,True,True,65 DMA Setup,[],0,{},['Eligible stock; no leadership setup currently qualifies']
BAJFINANCE,Bajaj Finance Ltd.,Financial Services,Financial Services,Finance,Non Banking Financial Company (NBFC),970.0,2.288305388590106,-1.5228426395939132,-8.533710513908533,-3.998416468725252,7.389980625518966,-1.9954533973225552,1005.68,1055.292,1050.4707692307693,975.9295,False,False,False,False,2.6929307805596476,1.926260642008201,-3.0013072824114,13.101461645150959,1.9661525982239374,5524416393.795,1176.4,787.9,46.872586872586865,-17.5450527031622,2.216221548793266,55,False,False,False,False,-0.5768811423233853,False,False,False,False,False,False,False,False,False,True,200 DMA Setup,[],0,"{'market_cap_inr': 6002445021827.0, 'relative_volume': 1.1074538318569862, 'gap_percent': -0.762566789438193, 'eps_growth_percent': 27.1523178807947, 'revenue_growth_percent': 19.55979507060898, 'fcf_growth_percent': 0.0}",['Eligible stock; no leadership setup currently qualifies']
YESBANK,Yes Bank Ltd.,Financial Services,Financial Services,Banks,Private Sector Bank,21.06,1.4939759036144418,-0.56657223796035,-6.400000000000006,-10.07685738684886,11.251980982567344,-3.615560640732274,22.323500000000003,22.518800000000002,22.729692307692307,21.866550000000004,False,False,False,False,2.757427757427755,2.3990974197873873,-2.349342676331722,17.503656752803497,2.1944113996670644,1452083547.125,25.78,17.2,44.98834498834497,-18.308766485647798,1.689235830440241,54,False,False,False,False,-0.6261076923701641,False,False,False,False,False,False,False,False,False,False,Monitor,[],0,"{'market_cap_inr': 651938023509.0, 'relative_volume': 0.786642171393391, 'gap_percent': -0.1443001443001327, 'eps_growth_percent': 31.88518231186969, 'revenue_growth_percent': 5.258363143309539, 'fcf_growth_percent': 0.0}",['Eligible stock; no leadership setup currently qualifies']
TMCV,Tata Motors Ltd.,Industrials,Capital Goods,Agricultural Commercial & Construction Vehicles,Commercial Vehicles,426.8,2.7196149217809884,-1.4204873541979413,-6.8529026625927525,2.4115176964607077,0.28195488721804995,0.0,434.7875,448.978,441.1323076923077,431.18449999999996,False,False,False,False,3.074374079528718,2.869932281833938,-1.6067215114737097,13.944568176194005,1.6392095657067853,2127934117.695,509.0,306.3,59.44745929945733,-16.14931237721021,2.537054565493614,56,False,False,False,False,-0.7564125169997205,False,False,False,False,False,False,False,False,False,True,200 DMA Setup,[],0,"{'market_cap_inr': 1576786219160.0, 'relative_volume': 0.6187523831194223, 'gap_percent': -0.18695956999297839, 'eps_growth_percent': 83.19363171490326, 'revenue_growth_percent': 19.29692911567767, 'fcf_growth_percent': 0.0}",['Eligible stock; no leadership setup currently qualifies']
TITAN,Titan Company Ltd.,Consumer Discretionary,Consumer Durables,Consumer Durables,Gems Jewellery And Watches,4580.0,1.4239164947221106,-4.9693951654736,-8.764940239043828,-0.13954081936903284,3.1578045478537264,32.62676280659078,4826.44502,4947.944024,4875.455401538462,4422.1870145,False,False,False,True,1.985339987523394,1.7126870902986435,-3.7456059469704113,11.801380538855488,1.3314634150769586,2481177441.0,5186.7002,3401.0,66.02452080142007,-11.697229001205823,12.263268040236454,72,False,False,False,False,-0.9769525273986277,False,False,False,False,False,False,False,False,False,False,Monitor,[],0,"{'market_cap_inr': 3888503529053.0, 'relative_volume': 1.558138586999155, 'gap_percent': 0.06854009595613435, 'eps_growth_percent': 62.77349117429446, 'revenue_growth_percent': 29.250136173818316, 'fcf_growth_percent': 0.0}",['Eligible stock; no leadership setup currently qualifies']
HEROMOTOCO,Hero MotoCorp Ltd.,Consumer Discretionary,Automobile and Auto Components,Automobiles,2/3 Wheelers,5089.5,-1.5189628482972117,-5.57513914656772,-3.9716981132075446,4.0201971885299725,-3.680923542770631,-8.305558057832629,5269.625,5451.087998,5340.0353815384615,5321.6140015,False,False,False,False,2.358497186083393,1.9594241389651823,-2.812518911351707,9.089998998898796,1.4670550315629927,2699074387.5,6388.5,4671.5,24.34478741991846,-20.33341159896689,-0.3091258254276814,47,False,True,False,False,-1.0582249294246482,False,False,False,False,False,False,False,False,False,False,Monitor,[],0,"{'market_cap_inr': 998924786992.0, 'relative_volume': 0.9299344079218461, 'gap_percent': -0.2498001598721023, 'eps_growth_percent': -17.189151109545612, 'revenue_growth_percent': 34.93716429801342, 'fcf_growth_percent': 0.0}",['Eligible stock; no leadership setup currently qualifies']
ENDURANCE,Endurance Technologies Ltd.,Consumer Discretionary,Automobile and Auto Components,Auto Components,Auto Components & Equipments,2526.5,-2.8792151487358697,-4.512638592261176,-8.284023668639051,-5.30359820089955,7.095921872920941,-10.172085964158217,2679.4749899999997,2807.7259980000003,2784.2046153846154,2596.0435035,False,False,False,False,3.3567052104831636,2.9294595340291205,-2.983922509487231,12.798177967794789,1.4841121143458547,233448099.14,3072.0,2142.8,41.29358588032715,-17.757161458333336,-0.6138282532899932,46,False,True,False,False,-1.088896538306229,False,False,False,False,False,False,False,False,False,True,200 DMA Setup,[],0,"{'market_cap_inr': 353373184294.0, 'relative_volume': 0.8379948122855193, 'gap_percent': -0.46550489376940685, 'eps_growth_percent': 8.027119570958956, 'revenue_growth_percent': 30.010033475047383, 'fcf_growth_percent': 0.0}",['Eligible stock; no leadership setup currently qualifies']
RHIM,RHI MAGNESITA INDIA LTD.,Industrials,Capital Goods,Industrial Products,Electrodes & Refractories,372.75,-3.14408210991296,-3.545089921076461,0.8113590263691739,-2.980218636127019,-0.6662225183211246,-15.457019732365607,377.055,382.884,387.3176923076923,402.10724999999996,False,False,False,False,3.573823895755484,2.918091145006332,-0.7405945865963856,11.23439667128987,1.6479823713763517,98226719.35499999,508.3,323.05,26.828609986504716,-26.6673224473736,-2.582799405680463,42,False,False,False,False,-1.1067257733806128,False,False,False,False,False,False,False,False,False,False,Monitor,[],0,"{'market_cap_inr': 76322925748.0, 'relative_volume': 0.7007355630322671, 'gap_percent': 0.14886994180538946, 'eps_growth_percent': 83.18988231161075, 'revenue_growth_percent': 5.586892475765259, 'fcf_growth_percent': 0.0}",['Eligible stock; no leadership setup currently qualifies']
360ONE,360 ONE WAM Ltd.,Financial Services,Financial Services,Capital Markets,Stockbroking & Allied,1050.0,0.9615384615384581,0.4784688995215225,-7.651715039577834,-3.8197306952459487,5.199879771565974,1.302460202604916,1067.4299999999998,1130.076,1125.28,1105.10375,False,False,False,False,2.6034013605442174,2.4455395165038762,-2.721783592545409,11.924603174603178,1.6099332996904252,851622702.5,1236.2,906.05,43.601393306073,-15.062287655719143,2.72553613710504,56,False,False,False,False,-1.1698825946041511,False,False,False,False,False,False,False,False,False,False,Monitor,[],0,"{'market_cap_inr': 432430205324.0, 'relative_volume': 0.3178144411703033, 'gap_percent': 0.39510818438382367, 'eps_growth_percent': 12.805755395683448, 'revenue_growth_percent': 29.904901840741193, 'fcf_growth_percent': 0.0}",['Eligible stock; no leadership setup currently qualifies']
ELECON,Elecon Engineering Co. Ltd.,Industrials,Capital Goods,Electrical Equipment,Heavy Electrical Equipment,446.35,1.4431818181818157,-2.596835788325147,2.385594678288805,-12.351497299950909,6.375119161105824,-23.941381954502848,435.7925,432.809,442.92384615384617,455.805,True,True,True,False,4.548800588903645,3.858219420052181,0.6877926911006199,21.645129224652095,3.2276978136892294,123135765.335,626.0,352.0,34.43430656934308,-28.69808306709265,-5.122389886661578,37,False,False,False,False,-1.1765777209682868,False,False,False,True,False,False,False,False,True,True,65 DMA Setup,[],0,"{'market_cap_inr': 99083787616.0, 'relative_volume': 0.16235614817148455, 'gap_percent': 0.2606232294617512, 'eps_growth_percent': -59.9012560435906, 'revenue_growth_percent': 11.88101788170564, 'fcf_growth_percent': 0.0}",['Eligible stock; no leadership setup currently qualifies']
ICICIBANK,ICICI Bank Ltd.,Financial Services,Financial Services,Banks,Private Sector Bank,1332.0,1.6328399206470445,2.304147465437789,-6.408094435075884,-3.520208604954367,3.956918754390082,-2.4318781130969858,1344.115,1395.486,1401.9169230769232,1352.886,False,False,False,False,1.456456456456456,1.4610730198069866,-3.1235968473371294,10.371804802478701,1.042609308196464,12314071057.805,1480.0,1187.6,49.38440492476062,-9.999999999999998,1.49376995048989,53,False,False,False,False,-1.2513291187469666,False,False,False,False,False,False,False,False,False,True,200 DMA Setup,[],0,"{'market_cap_inr': 9741558449219.0, 'relative_volume': 0.999351993259621, 'gap_percent': -0.5524861878453038, 'eps_growth_percent': 13.789417423837511, 'revenue_growth_percent': 6.856345128588905, 'fcf_growth_percent': 0.0}",['Eligible stock; no leadership setup currently qualifies']
ABSLAMC,Aditya Birla Sun Life AMC Ltd.,Financial Services,Financial Services,Capital Markets,Asset Management Company,1028.55,3.7158414843198484,4.135871215956244,-3.177068624682289,-8.532681191640734,6.2826143115473965,26.380782699514647,1036.8425,1027.639,1043.8946153846152,985.96425,False,True,False,True,4.205643173121663,4.291967458802527,0.021078775423559706,18.503978779840867,2.5890369952945154,169077405.8,1224.9,708.0,62.013929193267536,-16.029879990203288,10.066812586308021,69,False,False,False,False,-1.2676598486258701,False,False,False,False,False,False,False,False,True,False,65 DMA Setup,[],0,"{'market_cap_inr': 294048537357.0, 'relative_volume': 1.4386279596784917, 'gap_percent': -0.33973412112260415, 'eps_growth_percent': 11.261730969760169, 'revenue_growth_percent': 10.628549188883188, 'fcf_growth_percent': 0.0}",['Eligible stock; no leadership setup currently qualifies']
BIOCON,Biocon Ltd.,Healthcare,Healthcare,Pharmaceuticals & Biotechnology,Pharmaceuticals,369.8,-0.24278392230914214,-1.3603627634035664,-6.945143432310008,-6.863115476640225,6.971362452993923,4.982256919801276,383.21,403.624,409.0430769230769,395.08099999999996,False,False,False,False,2.3139921192922785,2.2217179404962284,-3.621480141173065,11.097359735973589,1.3311626337482636,1038817789.55,447.15,337.7,29.328460484239404,-17.298445711729837,3.7060595024339373,58,False,True,False,False,-1.3498312937040113,False,False,False,False,False,False,False,False,False,False,Monitor,[],0,"{'market_cap_inr': 586936466125.0, 'relative_volume': 0.7724875867626044, 'gap_percent': 0.1388888888888889, 'eps_growth_percent': 234.61538461538458, 'revenue_growth_percent': 9.99771683705827, 'fcf_growth_percent': 0.0}",['Eligible stock; no leadership setup currently qualifies']
OIL,Oil India Ltd.,Energy,Oil Gas & Consumable Fuels,Oil,Oil Exploration & Production,446.5,0.5630630630630629,-6.029674839524358,-8.87755102040816,5.518137776202292,-2.712713803246536,8.558230002431323,476.1825,471.039,463.25461538461536,461.83275000000003,False,False,False,False,2.4716045432730764,2.472684202463836,-2.1077592768464437,18.359599677901773,1.280407084112513,988559352.9649999,531.0,395.6,37.59231905465287,-15.913370998116761,4.679080725346721,60,False,False,False,False,-1.3731250547298521,False,False,False,False,False,False,False,False,False,False,Monitor,[],0,"{'market_cap_inr': 736202694816.0, 'relative_volume': 0.34602781233752, 'gap_percent': -0.3856749311294766, 'eps_growth_percent': 91.40298661085714, 'revenue_growth_percent': 62.52771590659708, 'fcf_growth_percent': 0.0}",['Eligible stock; no leadership setup currently qualifies']
MGL,Mahanagar Gas Ltd.,Energy,Oil Gas & Consumable Fuels,Gas,LPG/CNG/PNG/LNG Supplier,1043.7,-0.1626171800267917,-0.4862700228832839,-4.82400145905525,-4.589084925495934,3.4852015269446257,-18.269381362568517,1072.1100000000001,1094.5819999999999,1096.3061538461538,1096.38825,False,False,False,False,2.2748737321890498,2.089281454894595,-2.0434244034682716,8.572544424916995,1.1488676269697677,109566716.095,1335.4,900.0,33.00413412953606,-21.843642354350756,-3.4286013263175024,41,False,True,False,False,-1.4180994779095388,False,False,False,False,False,False,False,False,False,False,Monitor,[],0,"{'market_cap_inr': 102867173127.0, 'relative_volume': 0.7031827889386408, 'gap_percent': -0.15360983102917716, 'eps_growth_percent': -39.43767183368825, 'revenue_growth_percent': 13.908238558624298, 'fcf_growth_percent': 0.0}",['Eligible stock; no leadership setup currently qualifies']
AFFLE,Affle 3i Ltd.,Information Technology,Information Technology,IT - Services,IT Enabled Services,1443.8,-0.4001103752759305,-6.75536037199691,-10.683575626353237,-0.9535569733141291,3.424068767908306,-25.523573712988757,1549.635,1609.846,1583.7876923076922,1535.0275,False,False,False,False,2.9470840836680994,2.627001848314184,-3.4998671402939934,14.471307489231622,1.556893430329853,191607315.10500002,1993.7,1251.3,25.92941810344827,-27.58188293123339,-5.5932529962037165,34,False,True,False,False,-1.6350113400849322,False,False,False,False,False,False,False,False,False,False,Monitor,[],0,"{'market_cap_inr': 202204201850.0, 'relative_volume': 1.0870724269450422, 'gap_percent': 0.1392757660167131, 'eps_growth_percent': 20.266666666666662, 'revenue_growth_percent': 20.366659148757936, 'fcf_growth_percent': 0.0}",['Eligible stock; no leadership setup currently qualifies']
GROWW,Billionbrains Garage Ventures Ltd.,Financial Services,Financial Services,Capital Markets,Stockbroking & Allied,187.05,3.8532008217200486,1.9957467691804398,-3.582474226804122,-2.4968723936613757,0.20893603342977407,0.0,189.642,192.417,194.90215384615385,184.831,False,False,False,True,2.841868102493604,2.598136512266782,-0.981486292500666,14.431773495871013,1.6503066471598162,3711367032.5950003,227.2,112.0,65.14756944444446,-17.67165492957745,1.7786156521949053,54,False,False,False,False,-1.6859494811106024,False,False,False,False,False,False,False,False,False,True,200 DMA Setup,[],0,"{'market_cap_inr': 1240603743408.0, 'relative_volume': 0.8351346577851727, 'gap_percent': -0.19216182048040223, 'eps_growth_percent': 102.0027624309392, 'revenue_growth_percent': 62.95391388433804, 'fcf_growth_percent': 0.0}",['Eligible stock; no leadership setup currently qualifies']
JUBLFOOD,Jubilant Foodworks Ltd.,Consumer Discretionary,Consumer Services,Leisure Services,Restaurants,445.7,0.5187189896256328,-8.017748426374993,-7.703458272934349,-2.033190460490164,2.2834193918531254,-28.043267678398454,473.78249999999997,479.405,467.39076923076925,476.07225,False,False,False,False,3.127504086669443,2.5972586010400542,-2.247987470953959,14.990295695855703,1.7295349954296477,407873760.58500004,635.0,408.55,16.405387502759982,-29.81102362204725,-6.514246767424356,32,False,False,False,False,-1.7241134726638947,False,False,False,False,False,False,False,False,False,False,Monitor,[],0,"{'market_cap_inr': 303693760132.0, 'relative_volume': 3.375909730849117, 'gap_percent': -0.8901432913591018, 'eps_growth_percent': 5.962875367304518, 'revenue_growth_percent': 14.095892527622029, 'fcf_growth_percent': 0.0}",['Eligible stock; no leadership setup currently qualifies']
HEXT,Hexaware Technologies Ltd.,Information Technology,Information Technology,IT - Software,Computers - Software & Consulting,495.15,0.9583035987358546,1.2059274399591091,-6.328036322360964,-5.189085686931549,4.154396297854435,-26.85034717092628,503.7025,536.717,540.4876923076922,545.77375,False,False,False,False,2.7372657636214117,2.7140851137848663,-2.82934798129053,10.866141732283463,1.4967155892191857,75685326.465,807.75,400.2,23.297754876702243,-38.70009285051068,-6.17773805740665,33,False,False,False,False,-1.7364305518745091,False,False,False,False,False,False,False,False,False,False,Monitor,[],0,"{'market_cap_inr': 308685286218.0, 'relative_volume': 2.419445065634618, 'gap_percent': -0.4747774480712121, 'eps_growth_percent': -12.520325203252039, 'revenue_growth_percent': 17.925598797804152, 'fcf_growth_percent': 0.0}",['Eligible stock; no leadership setup currently qualifies']
KEI,KEI Industries Ltd.,Industrials,Capital Goods,Industrial Products,Cables - Electricals,4638.2002,3.02532652154599,2.7059388839681286,-4.367006185567002,-7.798425603816717,5.010308248099538,14.886559992073733,4582.835010000001,5088.175996,5069.56615076923,4847.2505089999995,True,False,False,False,2.205442287105859,2.2221595245778225,-4.009879589464359,8.109935893045694,1.5775494549593276,1330742245.645,5899.0,3728.7,41.906658065705216,-21.373110696728258,6.241927217864687,62,False,False,False,False,-1.817077208487786,False,False,False,False,False,False,False,False,False,False,Monitor,[],0,"{'market_cap_inr': 443405122359.0, 'relative_volume': 0.5133427731818916, 'gap_percent': -0.20736686833272375, 'eps_growth_percent': 40.00977039570103, 'revenue_growth_percent': 22.971174173344103, 'fcf_growth_percent': 0.0}",['Eligible stock; no leadership setup currently qualifies']
GRASIM,Grasim Industries Ltd.,Commodities,Construction Materials,Cement & Cement Products,Cement & Cement Products,2972.0,0.33760972316003723,-6.8630523346913215,-10.211480362537761,-6.860130585732249,7.829620491981726,6.5347528408072675,3180.919985,3225.64799,3206.84922,2981.6034995,False,False,False,False,2.095028840607575,1.6531466902643477,-3.753396524096354,13.017936184551559,1.2968986679258345,2347516082.4449997,3411.1001,2502.5,51.672897680728845,-12.872682921266376,3.9400813736249067,58,False,False,False,False,-1.8220675988480366,False,False,False,False,False,False,False,False,False,True,200 DMA Setup,[],0,"{'market_cap_inr': 1984504807121.0, 'relative_volume': 0.7889217195155838, 'gap_percent': -0.41422751703125227, 'eps_growth_percent': 51.12386417981828, 'revenue_growth_percent': 21.432032639647762, 'fcf_growth_percent': 0.0}",['Eligible stock; no leadership setup currently qualifies']
MPHASIS,MphasiS Ltd.,Information Technology,Information Technology,IT - Software,Computers - Software & Consulting,2297.1001,2.084263621011484,2.66369162011173,-5.1568909991742355,2.4622062742408968,-3.6976439022345264,-16.069268737230757,2275.27499,2376.515996,2366.0630707692308,2391.838503,True,False,False,False,2.6604975924707355,2.461954011872071,-1.2560410349349573,14.747300447594181,1.8097361102584935,680182057.5,2975.0,2013.0,29.532234927234942,-22.786551260504197,-3.21053179855356,41,False,False,False,False,-1.9065081147030556,False,False,False,False,False,False,False,False,True,False,65 DMA Setup,[],0,"{'market_cap_inr': 436204655523.0, 'relative_volume': 1.55290318763155, 'gap_percent': 0.436871996505024, 'eps_growth_percent': 10.67415730337078, 'revenue_growth_percent': 17.456581921607807, 'fcf_growth_percent': 0.0}",['Eligible stock; no leadership setup currently qualifies']
BAJAJHFL,Bajaj Housing Finance Ltd.,Financial Services,Financial Services,Finance,Housing Finance Company,82.79,-0.1447352550958736,0.3271934076587657,-0.34906114588347803,-3.721362949180129,-1.3112409107164047,-25.755537619944402,83.286,84.287,84.81153846153846,86.5717,False,False,False,False,1.971425120356149,1.9143338248469486,-0.9009089840201346,6.649395509499145,1.1850062452173458,248402643.03,113.45,72.65,24.85294117647059,-27.025121198765977,-6.22520939377386,33,False,False,False,False,-1.9142386829704767,False,False,False,False,False,False,False,False,True,False,65 DMA Setup,[],0,"{'market_cap_inr': 699832795569.0, 'relative_volume': 0.9525135887232373, 'gap_percent': 0.0, 'eps_growth_percent': 22.685714285714294, 'revenue_growth_percent': 17.108316734019734, 'fcf_growth_percent': 0.0}",['Eligible stock; no leadership setup currently qualifies']
KFINTECH,Kfin Technologies Ltd.,Financial Services,Financial Services,Capital Markets,Depositories Clearing Houses and Other Intermediaries,867.5,4.266826923076916,-1.8720660596120098,-6.609968780277741,2.305560469367296,-2.773886242644996,-18.720134919891308,886.0024999999999,922.775,914.3461538461538,934.09375,False,False,False,False,2.9020172910662816,2.4465166568649765,-2.064110463836937,14.012504597278408,2.064898099563177,418541008.055,1215.0,784.95,19.19544239041971,-28.600823045267486,-3.985787473858793,40,False,False,False,False,-1.9551005278488802,False,False,False,False,False,False,False,False,False,False,Monitor,[],0,"{'market_cap_inr': 148652710603.0, 'relative_volume': 0.5462332823193956, 'gap_percent': 0.6934731934731988, 'eps_growth_percent': -2.4719101123595575, 'revenue_growth_percent': 29.146397268471258, 'fcf_growth_percent': 0.0}",['Eligible stock; no leadership setup currently qualifies']
ITCHOTELS,ITC Hotels Ltd.,Consumer Discretionary,Consumer Services,Leisure Services,Hotels & Resorts,158.96,0.2838937606460368,0.2459481616951642,-1.4079265645351224,-10.510611946180259,5.014203607055556,-27.232776379034096,157.6605,161.736,164.6436923076923,167.83445,True,False,False,False,2.6008339923790325,2.199451753408085,-0.6599334333743533,10.377043710377043,1.5599244454254357,252521692.64,226.63,137.3,24.24717340199261,-29.85924193619556,-6.626889728216959,32,False,False,False,False,-2.025014379474648,False,False,False,False,False,False,False,False,False,False,Monitor,[],0,"{'market_cap_inr': 331832173740.0, 'relative_volume': 0.7597300010015877, 'gap_percent': -0.10680404598855783, 'eps_growth_percent': 35.34563653425086, 'revenue_growth_percent': 14.773033818083722, 'fcf_growth_percent': 0.0}",['Eligible stock; no leadership setup currently qualifies']
SUPREMEIND,Supreme Industries Ltd.,Industrials,Capital Goods,Industrial Products,Plastic Products - Industrial,3398.8999,0.5591686390532535,-2.883024744271112,-2.189930935251805,6.903818547644791,-9.888915662899755,-19.260286041272025,3441.5249799999997,3496.2899859999998,3467.72768,3575.1044854999996,False,False,False,False,2.7126430357237483,2.4788649764922477,-1.026868083386246,10.03058103975536,2.2887810051450233,418969942.44,4293.8999,3140.0,22.436946220378374,-20.843522691341743,-4.469771440026171,38,False,False,False,False,-2.0867125072971766,False,False,False,False,False,False,False,False,True,False,65 DMA Setup,[],0,"{'market_cap_inr': 449643392664.0, 'relative_volume': 0.5685807839520972, 'gap_percent': 0.4985915492957695, 'eps_growth_percent': 38.764143716485194, 'revenue_growth_percent': 4.156430490454966, 'fcf_growth_percent': 0.0}",['Eligible stock; no leadership setup currently qualifies']
SUNPHARMA,Sun Pharmaceutical Industries Ltd.,Healthcare,Healthcare,Pharmaceuticals & Biotechnology,Pharmaceuticals,1779.7,-1.1826762909494692,-3.1719260065288357,-6.2822538177988445,-5.74621332485965,3.6456816725875196,9.103727317312416,1843.4299999999998,1897.33,1907.086153846154,1809.239,False,False,False,False,1.6455421860827275,1.4817922678786988,-3.767612271056638,6.8610345021669294,1.0684195569144852,2588644202.7799997,2046.9,1583.7,42.31433506044905,-13.053886364746692,4.323455367687177,59,False,True,False,False,-2.1234654491155807,False,False,False,False,False,False,False,False,False,True,200 DMA Setup,[],0,"{'market_cap_inr': 4278513500061.0, 'relative_volume': 1.003555753611457, 'gap_percent': 0.39865244244805775, 'eps_growth_percent': 27.041455632890727, 'revenue_growth_percent': 10.457282296374373, 'fcf_growth_percent': 0.0}",['Eligible stock; no leadership setup currently qualifies']
JINDALSTEL,Jindal Steel Ltd.,Commodities,Metals & Mining,Ferrous Metals,Iron & Steel,1097.3,-0.29077691958201424,-3.711828711828713,-5.811158798283267,7.420460107684779,-8.527842614204728,1.9321876451463105,1128.95,1127.306,1106.6738461538462,1139.8010000000002,False,False,False,False,2.5211232766140266,2.381586213446608,-1.055777018504294,12.230623818525533,1.4771348947847593,747079347.675,1306.2,977.1,36.52385293223942,-15.992956668197833,1.8822687910631153,55,False,False,False,False,-2.266765707563035,False,False,False,False,False,False,False,False,True,False,65 DMA Setup,[],0,"{'market_cap_inr': 1080885362692.9999, 'relative_volume': 1.8357045454798242, 'gap_percent': 0.0, 'eps_growth_percent': -43.65241004752206, 'revenue_growth_percent': 25.92748940988151, 'fcf_growth_percent': 0.0}",['Eligible stock; no leadership setup currently qualifies']
COALINDIA,Coal India Ltd.,Energy,Oil Gas & Consumable Fuels,Consumable Fuels,Coal,425.1,1.11798287345386,0.6153846153846176,2.3474178403755763,-0.9206386202074368,-6.386258533362699,10.890830833442022,422.96000000000004,415.102,418.2561538461539,434.494,True,True,True,False,1.7458077091104598,1.729203347556807,1.3796276814304318,6.505553521298668,1.293101604549451,2773042753.875,491.25,369.6,45.62268803945747,-13.465648854961831,4.350848785630209,60,False,False,False,False,-2.2898724703237883,False,False,False,True,False,True,False,False,True,True,Recovery,[],0,"{'market_cap_inr': 2551061544272.0, 'relative_volume': 0.8546021763230084, 'gap_percent': 0.0, 'eps_growth_percent': 0.6262872514816615, 'revenue_growth_percent': 7.771813081324908, 'fcf_growth_percent': 0.0}",['Eligible stock; no leadership setup currently qualifies']
BPCL,Bharat Petroleum Corporation Ltd.,Energy,Oil Gas & Consumable Fuels,Petroleum Products,Refineries & Marketing,296.95,-1.21423819028611,-1.7535153019023975,-5.939182768451056,-2.1742711250205993,-0.1345216075332223,-13.058117405943504,305.15250000000003,312.751,312.4653846153846,322.8135,False,False,False,False,2.228609915089117,2.205892704712935,-2.2670015012209883,8.120965001698943,1.369360163394521,1154500021.355,391.65,266.6,24.270291883246685,-24.179752329886373,-2.514712825963891,43,False,True,False,False,-2.2995992288832627,False,False,False,False,False,False,False,False,False,False,Monitor,[],0,"{'market_cap_inr': 1288525363770.0, 'relative_volume': 1.542005226261484, 'gap_percent': -0.42179854901299135, 'eps_growth_percent': -127.38273733663192, 'revenue_growth_percent': 34.40700230872192, 'fcf_growth_percent': 0.0}",['Eligible stock; no leadership setup currently qualifies']
APOLLOHOSP,Apollo Hospitals Enterprise Ltd.,Healthcare,Healthcare,Healthcare Services,Hospital,7985.0,-1.8257822585602712,-9.87584650112867,-7.687861271676299,-8.77934540469526,6.72993383679743,7.188401906168207,8701.525,8771.68,8791.884615384615,8057.955,False,False,False,False,2.4367116915645406,1.983662308209673,-3.6805369512077903,15.10056468498191,1.7278294354385468,3088091445.5,9070.5,6696.5,54.275484414490315,-11.967366738327545,3.7050092555663667,58,False,True,False,False,-2.302762674843443,False,False,False,False,False,False,False,False,False,True,200 DMA Setup,[],0,"{'market_cap_inr': 1135719025593.0, 'relative_volume': 1.1847228296059422, 'gap_percent': -0.5999747379057724, 'eps_growth_percent': 34.11692790176939, 'revenue_growth_percent': 20.56452303110183, 'fcf_growth_percent': 0.0}",['Eligible stock; no leadership setup currently qualifies']
BAJAJ-AUTO,Bajaj Auto Ltd.,Consumer Discretionary,Automobile and Auto Components,Automobiles,2/3 Wheelers,10024.0,-0.2090592334494823,-9.071117561683595,-15.898984814162265,-1.377410468319562,5.327309025953553,15.490523647675559,11213.0,11533.33,11298.723076923077,10244.2325,False,False,False,False,2.2667027704936724,1.783248758779227,-5.773443370347725,20.16161616161616,1.8550891654639399,2050688280.0,12470.0,8605.0,36.71410090556274,-19.61507618283881,6.393673537486438,63,False,True,False,False,-2.3259162570709915,False,False,False,False,False,False,False,False,False,True,200 DMA Setup,[],0,{},['Eligible stock; no leadership setup currently qualifies']
LTTS,L&T Technology Services Ltd.,Information Technology,Information Technology,IT - Services,IT Enabled Services,3219.5,-1.4780586327192702,0.24598018912753705,-7.837861048292449,2.4959376493604912,-3.4111364454578186,-24.948135070138466,3283.2650200000003,3446.6459999999997,3422.549236923077,3544.1865045,False,False,False,False,2.730015086637233,2.440835218778006,-2.414033910147177,12.753129300740529,1.624307534573403,158580844.375,4726.0,3010.0,12.20862470862471,-31.87685146000846,-6.181952124980694,33,False,False,False,False,-2.450341662980068,False,False,False,False,False,False,False,False,False,False,Monitor,[],0,"{'market_cap_inr': 344875830362.0, 'relative_volume': 0.8540888833434112, 'gap_percent': -0.0030749361950711557, 'eps_growth_percent': 12.83170977494123, 'revenue_growth_percent': 11.472985781990522, 'fcf_growth_percent': 0.0}",['Eligible stock; no leadership setup currently qualifies']
PRESTIGE,Prestige Estates Projects Ltd.,Consumer Discretionary,Realty,Realty,Residential Commercial Projects,1445.0,-2.7656281542291827,-1.7541474027739978,-8.947700063011975,-11.637008499969426,9.51947855085644,-5.561727991634524,1477.08,1554.16,1580.966153846154,1481.5755,False,False,False,False,2.8082056351952565,2.730278078171189,-2.501145134271858,11.13476687247179,2.129246648584922,764140867.845,1805.2,1090.0,49.63646532438478,-19.95346775980501,-0.18655789207564233,47,False,False,False,False,-2.502086570399716,False,False,False,False,False,False,False,False,False,True,200 DMA Setup,[],0,"{'market_cap_inr': 617839444696.0, 'relative_volume': 1.6010636297902026, 'gap_percent': 0.0, 'eps_growth_percent': -19.34970842905107, 'revenue_growth_percent': 14.862073155912018, 'fcf_growth_percent': 0.0}",['Eligible stock; no leadership setup currently qualifies']
POLYCAB,Polycab India Ltd.,Industrials,Capital Goods,Industrial Products,Cables - Electricals,8080.0,1.126408010012514,-1.3551458918324988,-2.6506024096385583,-12.497292614251677,6.21795714473512,9.292574056539959,8236.6,8734.08,8824.546153846153,8424.4075,False,False,False,False,1.7782001414427155,1.6515542846746167,-4.211463720159242,7.357604972726128,1.0810933923698938,2209112932.0,10126.0,6663.0,40.91827894888825,-20.20541181117914,4.008769919975756,58,False,False,False,False,-2.549520159503678,False,False,False,False,False,False,False,False,False,False,Monitor,[],0,"{'market_cap_inr': 1251986290771.0, 'relative_volume': 0.7499936183530042, 'gap_percent': -0.6618531889290011, 'eps_growth_percent': 32.47975514888732, 'revenue_growth_percent': 39.50920024222665, 'fcf_growth_percent': -177.2404479605808}",['Eligible stock; no leadership setup currently qualifies']
ICICIAMC,ICICI Prudential Asset Management Company Ltd.,Financial Services,Financial Services,Capital Markets,Asset Management Company,3061.2,-0.7521690037663453,-4.7690153989734085,3.039486453246032,-2.7943604725009563,-5.841102831623068,0.0,3114.749995,3110.1439960000002,3119.9923046153845,3090.167498,False,False,False,False,2.7356230516510824,2.398321456440596,-0.5752580074907924,11.287916058778569,1.2690141592446904,833046771.865,3611.0,2530.0,49.13968547641072,-15.225699252284686,0.8825260749766808,52,False,False,False,False,-2.554595684713054,False,False,False,False,False,False,False,False,True,True,65 DMA Setup,[],0,"{'market_cap_inr': 1511195501099.0, 'relative_volume': 1.8153402942606054, 'gap_percent': -0.11443518064410658, 'eps_growth_percent': 0.0, 'revenue_growth_percent': 0.0, 'fcf_growth_percent': 0.0}",['Eligible stock; no leadership setup currently qualifies']
DEEPAKNTR,Deepak Nitrite Ltd.,Commodities,Chemicals,Chemicals & Petrochemicals,Specialty Chemicals,1497.0,0.2813504823151236,-3.4691771988651032,-12.578836720392438,-4.728568701075542,5.2224643283896865,-18.70757534618518,1578.475,1671.2220000000002,1670.3123076923077,1633.1170000000002,False,False,False,False,2.4234182651016334,2.258569841688254,-4.301703512488905,13.50213834770213,1.4202678011608554,257903090.51500002,1897.9,1280.0,35.11895128661595,-21.12334685705254,-4.2369769140644635,39,False,False,False,False,-2.7107224941186745,False,False,False,False,False,False,False,False,False,False,Monitor,[],0,"{'market_cap_inr': 211961627796.0, 'relative_volume': 4.61925032301042, 'gap_percent': 0.31533560718192055, 'eps_growth_percent': 207.50528798230044, 'revenue_growth_percent': 36.496408832403276, 'fcf_growth_percent': 0.0}",['Eligible stock; no leadership setup currently qualifies']
AWL,AWL Agri Business Ltd.,Fast Moving Consumer Goods,Fast Moving Consumer Goods,Agricultural Food & other Products,Edible Oil,176.15,0.4104201105854077,-2.4964020812576093,-5.947995087831693,-2.9155643738977055,-0.5364201016374914,-33.628485305199696,182.64249999999998,188.5716,188.5166153846154,195.3718,False,False,False,False,2.4431288268926665,2.167778120749544,-2.6962172687475294,9.692931633835467,0.963929163843904,230577508.695,282.9,171.19,4.440068033300518,-37.73418168964297,-8.9930379040984,25,False,False,False,False,-2.7220143434771167,False,False,False,False,False,False,False,False,False,False,Monitor,[],0,"{'market_cap_inr': 243169871910.0, 'relative_volume': 0.4594051937061513, 'gap_percent': -0.45962268184491134, 'eps_growth_percent': 48.468744863858, 'revenue_growth_percent': 17.524774820985247, 'fcf_growth_percent': 0.0}",['Eligible stock; no leadership setup currently qualifies']
TRITURBINE,Triveni Turbine Ltd.,Industrials,Capital Goods,Electrical Equipment,Heavy Electrical Equipment,526.1,-0.7358490566037656,-5.070371706964993,-7.9762112996326735,-17.35134710549052,13.200645508337816,0.4774637127578307,554.58,579.1419999999999,588.4076923076923,563.9075,False,False,False,False,3.2218209465881045,2.977193207301082,-2.84271570529688,11.417960194267218,1.7712314880398783,211707033.495,787.6,428.35,27.20946416144746,-33.202133062468256,1.4466883696130983,53,False,True,False,False,-2.7867661084947244,False,False,False,False,False,False,False,False,False,False,Monitor,[],0,"{'market_cap_inr': 168994817837.0, 'relative_volume': 1.0435123137157445, 'gap_percent': -0.827923605230989, 'eps_growth_percent': -20.777684687792625, 'revenue_growth_percent': 19.2297333692432, 'fcf_growth_percent': 0.0}",['Eligible stock; no leadership setup currently qualifies']
SARDAEN,Sarda Energy and Minerals Ltd.,Commodities,Metals & Mining,Ferrous Metals,Iron & Steel,501.0,1.2632642748862999,-0.05984440454818163,-1.0956470239857907,1.1814601635868005,-7.487766595882183,-9.033136631865634,507.28999999999996,508.07,505.9769230769231,521.2765,False,False,False,False,2.445822640433417,2.87417688846217,-0.5689458069234142,14.409400123685835,1.8459342095737639,134616843.345,624.0,453.1,28.02808660035107,-19.71153846153846,-1.947728906423578,44,False,False,False,False,-2.855507337093941,False,False,False,False,False,False,False,False,True,False,65 DMA Setup,[],0,"{'market_cap_inr': 175979258109.0, 'relative_volume': 1.1123924432085392, 'gap_percent': 0.0, 'eps_growth_percent': 5.500389408099696, 'revenue_growth_percent': -1.5351078616872103, 'fcf_growth_percent': 0.0}",['Eligible stock; no leadership setup currently qualifies']
DRREDDY,Dr. Reddy's Laboratories Ltd.,Healthcare,Healthcare,Pharmaceuticals & Biotechnology,Pharmaceuticals,1203.0,-0.2652959708174474,-1.4742014742014753,4.517810599478711,-10.82283172720534,-0.734384025084589,-3.613492508613081,1187.91,1178.37,1190.190769230769,1246.6885,True,True,True,False,2.0763567272295442,1.869229171743979,1.0066552555189088,10.867256637168143,1.342519531616164,2066622048.065,1414.9,1101.0,32.494424976107034,-14.976323415082348,-0.4548752273868941,47,False,False,False,False,-2.9522920646860267,False,False,False,True,False,False,False,False,True,False,65 DMA Setup,[],0,"{'market_cap_inr': 1003126438630.0, 'relative_volume': 0.8933127612591588, 'gap_percent': -0.5399568034557236, 'eps_growth_percent': -68.65942242262275, 'revenue_growth_percent': -5.55516547301409, 'fcf_growth_percent': 0.0}",['Eligible stock; no leadership setup currently qualifies']
BERGEPAINT,Berger Paints India Ltd.,Consumer Discretionary,Consumer Durables,Consumer Durables,Paints,458.4,1.3262599469495928,0.010908694229283533,-6.715506715506714,-9.887949675643803,5.210006885471663,-13.452279807419998,457.7575,495.59,496.20384615384614,488.92449999999997,True,False,False,False,2.449513836948391,2.2838285318254816,-3.063541350744098,10.847880299251855,1.405884966330479,154319109.935,594.55,391.1,33.07938068321454,-22.89967202085611,-3.074471228219523,41,False,False,False,False,-3.055656311163344,False,False,False,False,False,False,False,False,False,False,Monitor,[],0,"{'market_cap_inr': 541083588641.0, 'relative_volume': 1.3796601456923219, 'gap_percent': 0.43112739814615225, 'eps_growth_percent': 28.499962943748606, 'revenue_growth_percent': 11.965595671028131, 'fcf_growth_percent': 0.0}",['Eligible stock; no leadership setup currently qualifies']
UNIONBANK,Union Bank of India,Financial Services,Financial Services,Banks,Public Sector Bank,167.97,0.22674383913121599,-2.20087336244541,-10.282021151586374,8.795906470626335,-9.05300774270399,21.97371287488199,175.9,179.88119999999998,177.13323076923078,174.70045,False,False,False,False,2.572738329123394,2.2377695122056074,-2.5737960144604526,12.34148413324434,1.7338041312870156,1147709166.62,205.49,135.3,46.545091893432094,-18.258796048469517,7.410409059173963,64,False,False,False,False,-3.1131411202589727,False,False,False,False,False,False,False,False,False,False,Monitor,[],0,"{'market_cap_inr': 1320613746094.0, 'relative_volume': 0.6697993032936592, 'gap_percent': -0.6352873231302305, 'eps_growth_percent': 27.40750956797572, 'revenue_growth_percent': 2.1666618180089157, 'fcf_growth_percent': 0.0}",['Eligible stock; no leadership setup currently qualifies']
NIACL,The New India Assurance Company Ltd.,Financial Services,Financial Services,Insurance,General Insurance,158.36,-1.1547344110854452,-6.759302873292505,-31.12087338523769,-11.762411545105023,21.871633061412975,-16.949863645898887,183.2615,184.0376,182.58215384615386,163.5058,False,False,False,False,4.827607981813588,4.920579588490578,-2.8901199741470625,47.11477488902982,3.6503503900156007,551429100.5699999,242.6,116.97,32.94595239990449,-34.72382522671062,-3.2546789948057473,41,False,True,False,False,-3.1484091625309905,False,False,False,False,False,False,False,False,False,False,Monitor,[],0,"{'market_cap_inr': 262444000000.0, 'relative_volume': 3.1880215838127652, 'gap_percent': 1.2932387469395457, 'eps_growth_percent': -160.6125473406883, 'revenue_growth_percent': 0.045131047812066935, 'fcf_growth_percent': 0.0}",['Eligible stock; no leadership setup currently qualifies']
CANHLIFE,Canara HSBC Life Insurance Company Ltd.,Financial Services,Financial Services,Insurance,Life Insurance,142.36,-1.0358011817865664,-5.5341738553417175,-7.744151383578501,-0.4823488290807365,-2.7130458552586556,0.0,151.04000000000002,150.9786,150.2673846153846,145.50879999999998,False,False,False,False,4.1775378316541545,3.901403378623121,-1.3664726370399312,16.818985849056588,1.329158124703206,90697075.19999999,166.69,106.0,59.91102323282257,-14.595956566080737,0.7814004032173794,51,False,True,False,False,-3.1900782781763453,False,False,False,False,False,False,False,False,False,True,200 DMA Setup,[],0,"{'market_cap_inr': 138510002899.0, 'relative_volume': 0.9341687152589029, 'gap_percent': 0.8421196768451251, 'eps_growth_percent': -69.9624784504614, 'revenue_growth_percent': 20.568490176173313, 'fcf_growth_percent': 0.0}",['Eligible stock; no leadership setup currently qualifies']
EIHOTEL,EIH Ltd.,Consumer Discretionary,Consumer Services,Leisure Services,Hotels & Resorts,298.3,0.15108275977839813,1.084378176889178,2.1925316889345847,-7.273857631333536,-3.1493506493506462,-24.144945963127775,296.72249999999997,302.265,309.27,319.1595,True,False,False,False,2.863847516881373,2.811902715050091,-0.4580421441306517,14.573671066714212,2.003765891235305,43876774.225,405.0,271.15,20.283899887934275,-26.34567901234568,-6.8003495636347875,32,False,False,False,False,-3.2574575084733497,False,False,False,False,False,False,False,False,False,False,Monitor,[],0,"{'market_cap_inr': 185483024581.0, 'relative_volume': 0.3284755285854102, 'gap_percent': -0.8431703204047217, 'eps_growth_percent': 245.99187292205391, 'revenue_growth_percent': 14.536769064472264, 'fcf_growth_percent': 0.0}",['Eligible stock; no leadership setup currently qualifies']
INDUSINDBK,IndusInd Bank Ltd.,Financial Services,Financial Services,Banks,Private Sector Bank,886.6,-0.02818966003269585,-2.539298669891177,-12.087258304412495,-10.863117679585777,8.845374746792722,18.62456515921864,941.515,983.169,991.3961538461539,925.4889999999999,False,False,False,False,2.309384164222874,1.8356092567803493,-4.253176192625054,15.03416856492028,1.525372120988241,1597389363.18,1077.85,726.3,45.59806570900301,-17.7436563529248,6.589637880847025,63,False,False,False,False,-3.2857558652410566,False,False,False,False,False,False,False,False,False,False,Monitor,[],0,"{'market_cap_inr': 682725555954.0, 'relative_volume': 0.6372609684688447, 'gap_percent': 0.12572865470339728, 'eps_growth_percent': 71.67801506241616, 'revenue_growth_percent': -9.183471097303894, 'fcf_growth_percent': 0.0}",['Eligible stock; no leadership setup currently qualifies']
NTPCGREEN,NTPC Green Energy Ltd.,Utilities,Power,Power,Power Generation,90.09,-1.0978153474585528,-2.2990998807070673,0.8169203222918586,-2.8155339805825186,-6.30265210608425,-7.694672131147529,90.21900000000001,90.678,91.32476923076922,95.36555,False,False,False,False,2.919302919302921,2.304823258071079,-0.22212438162295003,12.705495537811196,1.73765473949701,184602232.125,119.95,84.0,16.940194714881788,-24.893705710712798,-1.9030186433694494,44,False,False,False,False,-3.302267655064617,False,False,False,False,False,False,False,False,True,False,65 DMA Setup,[],0,"{'market_cap_inr': 746151554133.0, 'relative_volume': 2.4848179869072853, 'gap_percent': 0.0, 'eps_growth_percent': 38.249904470768065, 'revenue_growth_percent': 62.723276635156786, 'fcf_growth_percent': 0.0}",['Eligible stock; no leadership setup currently qualifies']
SCHAEFFLER,Schaeffler India Ltd.,Consumer Discretionary,Automobile and Auto Components,Auto Components,Auto Components & Equipments,3845.0,-1.0448862197630748,-4.059685106170619,-2.6730141580262767,-6.456790250505806,-1.0219579375498666,-8.06933652121936,3977.315025,4024.3379999999997,4047.7292507692314,4008.134011,False,False,False,False,2.8497122422441006,2.4509476364073723,-1.563784357253051,13.132386137299168,1.6776234465715414,177686615.21499997,4467.7002,3518.3999,34.404297565269914,-13.937824207631488,-1.865013949359226,45,False,True,False,False,-3.336913302203548,False,False,False,False,False,False,False,False,False,False,Monitor,[],0,"{'market_cap_inr': 592891055057.0, 'relative_volume': 0.6471714387898934, 'gap_percent': -0.0026336581511695826, 'eps_growth_percent': 13.469107775727188, 'revenue_growth_percent': 17.340888127553036, 'fcf_growth_percent': 0.0}",['Eligible stock; no leadership setup currently qualifies']
ALKEM,Alkem Laboratories Ltd.,Healthcare,Healthcare,Pharmaceuticals & Biotechnology,Pharmaceuticals,5192.5,-0.5268199233716464,-1.54531664770573,-0.009628345850187792,-8.381120423467136,-1.019824628288224,-4.285714285714281,5237.025,5376.97,5435.284615384616,5478.645,False,False,False,False,2.734713529128551,2.2513805084379412,-1.2545162615407768,8.226093842803394,1.4558927444804244,744506323.5,5933.5,5051.0,16.033994334277622,-12.488413246818908,-0.8108619573431284,46,False,False,False,False,-3.343729085991334,False,False,False,False,False,False,False,False,False,False,Monitor,[],0,"{'market_cap_inr': 640868413086.0, 'relative_volume': 1.8882584264759301, 'gap_percent': 1.0559760770021493, 'eps_growth_percent': -21.723509802650995, 'revenue_growth_percent': 10.946148780531214, 'fcf_growth_percent': 0.0}",['Eligible stock; no leadership setup currently qualifies']
NESTLEIND,Nestle India Ltd.,Fast Moving Consumer Goods,Fast Moving Consumer Goods,Food Products,Packaged Foods,1297.1,-0.8105834671560896,-4.806986643182154,-8.396892655367239,-11.86981926892241,6.871549806377186,11.205418381344302,1364.5,1435.33,1438.3584615384616,1365.465,False,False,False,False,2.1856449001619,1.8045938750909951,-4.40626833954733,9.451620388274407,1.1611615091107745,1434375461.4850001,1553.0,1154.4,35.800301053687875,-16.47778493238893,4.073625815382693,58,False,True,False,False,-3.505039985413778,False,False,False,False,False,False,False,False,False,False,Monitor,[],0,"{'market_cap_inr': 2547399741196.0, 'relative_volume': 1.1240227651703993, 'gap_percent': -0.33232628398792224, 'eps_growth_percent': 48.26876621633711, 'revenue_growth_percent': 25.156588490157294, 'fcf_growth_percent': 0.0}",['Eligible stock; no leadership setup currently qualifies']
EMBASSY,EMBASSY OFFICE PARKS REIT,Consumer Discretionary,Realty,Realty,Real Estate Investment Trusts (REITs),427.16,-0.361549765575786,-2.3991226065895876,-2.6282796507784423,-4.8980318817347985,-2.8983201109317847,-0.07485730326565188,437.2695,438.35519999999997,439.9778461538462,434.5378,False,False,False,False,1.1782135834013345,1.0192692764668254,-2.167612608259508,4.995885741154349,0.4400112914967634,217195104.055,462.0,410.15,32.806171648987544,-7.541125541125537,0.36682093229223867,49,False,True,False,False,-3.5307091156745036,False,False,False,False,False,False,False,False,True,True,65 DMA Setup,[],0,{},['Eligible stock; no leadership setup currently qualifies']
TATAINVEST,Tata Investment Corporation Ltd.,Financial Services,Financial Services,Finance,Investment Company,621.75,1.0893423298918847,-3.522383427729081,-1.8857503550576027,-6.242931463469803,-2.371044987045623,-37.837432513497305,654.9275,656.8430000000001,658.1846153846154,661.5175,False,False,False,False,4.020334309839738,3.4593788415760285,-1.3289136189770596,24.25496688741722,3.3081303203162093,285586979.59000003,1082.0,538.85,15.262818742520478,-42.536968576709796,-11.028614594687035,21,False,False,False,False,-3.604881595797081,False,False,False,False,False,False,False,False,False,False,Monitor,[],0,"{'market_cap_inr': 311338149221.0, 'relative_volume': 1.5508889492643, 'gap_percent': -0.20315293352836014, 'eps_growth_percent': -1.908977728593171, 'revenue_growth_percent': 4.063761373742903, 'fcf_growth_percent': 0.0}",['Eligible stock; no leadership setup currently qualifies']
KIMS,Krishna Institute of Medical Sciences Ltd.,Healthcare,Healthcare,Healthcare Services,Hospital,705.45,-4.183361629881144,-7.958770957009587,-7.675696898311735,-12.469756188349157,6.563444108761329,2.1872962989787803,769.4975000000001,781.1,785.54,722.86175,False,False,False,False,3.660277634336748,2.9168634135250926,-2.6459904135618912,16.991643454039007,1.7600192731241213,290160423.995,858.0,575.8,45.94259390503192,-17.77972027972028,1.2339526150899187,52,False,True,False,False,-3.6579612469956064,False,False,False,False,False,False,False,False,False,True,200 DMA Setup,[],0,"{'market_cap_inr': 291547501215.0, 'relative_volume': 0.6402592296390431, 'gap_percent': 0.050435910368169044, 'eps_growth_percent': -49.6970931120501, 'revenue_growth_percent': 35.32583754015604, 'fcf_growth_percent': 0.0}",['Eligible stock; no leadership setup currently qualifies']
UNOMINDA,UNO Minda Ltd.,Consumer Discretionary,Automobile and Auto Components,Auto Components,Auto Components & Equipments,1101.0,-0.9000900090008979,-9.605911330049267,-13.238770685579194,-2.4973432518597294,0.9906439185470406,-16.868015705225016,1200.3200000000002,1226.9260000000002,1207.8153846153846,1163.5539999999999,False,False,False,False,3.806280005190089,2.806733543864676,-2.6964744218025554,18.210274350948264,2.4622898230812256,598902240.385,1382.0,994.0,27.577319587628867,-20.332850940665704,-4.495838877203268,38,False,True,False,False,-3.7875052421268878,False,False,False,False,False,False,False,False,False,False,Monitor,[],0,"{'market_cap_inr': 639024540699.0, 'relative_volume': 0.7730303870372051, 'gap_percent': -0.43446777697320377, 'eps_growth_percent': 1.188118811881198, 'revenue_growth_percent': 23.78566702828413, 'fcf_growth_percent': 0.0}",['Eligible stock; no leadership setup currently qualifies']
ASIANPAINT,Asian Paints Ltd.,Consumer Discretionary,Consumer Durables,Consumer Durables,Paints,2366.0,-1.7033651848774367,-2.231404958677685,-6.382305226922014,-11.249480897613594,4.2474398904018384,0.3477818305199776,2436.82502,2578.440006,2601.4030753846155,2556.854499,False,False,False,False,1.692730346576503,1.4919874201616512,-4.867337867991502,6.945692643471579,1.155847129314429,1244657702.375,2985.7,2115.0,28.827380268749287,-20.75560170144354,0.48637458243677956,50,False,True,False,False,-3.833918664734526,False,False,False,False,False,False,False,False,False,False,Monitor,[],0,"{'market_cap_inr': 2273298676758.0, 'relative_volume': 0.9989441039628869, 'gap_percent': -0.32460688841110485, 'eps_growth_percent': 39.91805422369454, 'revenue_growth_percent': 17.937920579959837, 'fcf_growth_percent': 0.0}",['Eligible stock; no leadership setup currently qualifies']
RITES,RITES Ltd.,Industrials,Construction,Construction,Civil Construction,205.74,-1.7853733053274645,4.9105094079853195,-4.661723818350327,-7.7936628871061675,0.14115356534436518,-18.98724208536777,205.69549999999998,214.2516,215.84015384615387,215.2184,True,False,False,False,3.366940243580664,2.9362195338395125,-1.1799177200715842,14.457516339869292,2.21926115829823,68926949.61,259.7,175.0,36.292798110979945,-20.77782056218713,-5.423976775934177,35,False,False,False,False,-3.836751538936994,False,False,False,False,False,False,False,False,False,False,Monitor,[],0,"{'market_cap_inr': 96529274212.0, 'relative_volume': 0.0593679582696627, 'gap_percent': -0.36863604662748284, 'eps_growth_percent': 8.880355214208564, 'revenue_growth_percent': 8.669906480989912, 'fcf_growth_percent': 0.0}",['Eligible stock; no leadership setup currently qualifies']
BHARATFORG,Bharat Forge Ltd.,Consumer Discretionary,Automobile and Auto Components,Auto Components,Auto Components & Equipments,1833.0,-2.2399999999999975,-6.336228921819109,-6.288343558282206,-12.735063080219,5.3811659192825045,50.29517874713021,1943.39,2033.5279999999998,2060.0230815384616,1866.229001,False,False,False,False,2.6498324370664785,2.4210013164722377,-3.721400859520409,11.603456817306101,1.62045839534168,1277001708.075,2295.0,1179.4,58.58730727859448,-20.130718954248362,15.453410170728667,76,False,True,False,False,-3.876891599934199,False,False,False,False,False,False,False,False,False,True,200 DMA Setup,[],0,"{'market_cap_inr': 898274372868.0, 'relative_volume': 0.5397613222950591, 'gap_percent': -0.27690302964490765, 'eps_growth_percent': -131.61770901798204, 'revenue_growth_percent': 18.706547798285335, 'fcf_growth_percent': 0.0}",['Eligible stock; no leadership setup currently qualifies']
BANDHANBNK,Bandhan Bank Ltd.,Financial Services,Financial Services,Banks,Private Sector Bank,168.27,-4.392045454545446,-7.033149171270714,2.012731130645662,-14.165476433380931,1.4041219717970455,1.3919016630513426,177.613,173.717,179.33738461538462,176.98805000000002,False,False,False,False,3.7261543947227653,3.3047264678059265,-0.8415001707804317,18.18738518064911,2.641869630710766,2012326584.0,220.76,134.25,39.32493353369554,-23.77695234643956,0.4768717263080682,50,False,True,False,False,-3.8930851803030917,False,False,False,False,False,False,False,False,False,False,Monitor,[],0,"{'market_cap_inr': 262778140803.00003, 'relative_volume': 0.9514982982926324, 'gap_percent': 0.18406037180194057, 'eps_growth_percent': 34.865087270994856, 'revenue_growth_percent': 0.530354759069614, 'fcf_growth_percent': 0.0}",['Eligible stock; no leadership setup currently qualifies']
LEMONTREE,Lemon Tree Hotels Ltd.,Consumer Discretionary,Consumer Services,Leisure Services,Hotels & Resorts,107.86,0.17646512491873434,3.891350414178385,2.7727489280609863,-7.756777559223471,-4.927280740414286,-37.73955206649735,105.66300000000001,107.6366,109.08276923076923,117.73705,True,True,False,False,2.321130566077722,2.0986591138005606,0.08941772726612748,10.626486915146716,1.2972860801985944,211476965.39499998,174.2,99.61,11.060463869151363,-38.08266360505166,-11.445807818068277,19,False,False,False,False,-3.9925972098786824,False,False,False,False,False,False,False,False,True,False,65 DMA Setup,[],0,"{'market_cap_inr': 89088112005.0, 'relative_volume': 1.0238095130627183, 'gap_percent': 0.16885886953430299, 'eps_growth_percent': 20.078496178475536, 'revenue_growth_percent': 9.13182200363872, 'fcf_growth_percent': 0.0}",['Eligible stock; no leadership setup currently qualifies']
HOMEFIRST,Home First Finance Company India Ltd.,Financial Services,Financial Services,Finance,Housing Finance Company,1096.2,-2.6205916318735034,0.2010968921389411,-9.412445252458468,-8.634772462077,3.2786885245901676,-11.195722618276093,1169.05,1179.886,1190.1984615384615,1131.9265,False,False,False,False,4.117470743086509,3.4923812468213056,-1.7225912628550484,20.49754067347711,2.2175744889318256,210155546.145,1317.7,893.7,47.759433962264154,-16.80959247173105,-3.0681460568918624,42,False,False,False,False,-4.0638062650055,False,False,False,False,False,False,False,False,False,False,Monitor,[],0,"{'market_cap_inr': 113728102719.0, 'relative_volume': 0.5089276458782604, 'gap_percent': -0.15626436253332524, 'eps_growth_percent': 32.317073170731696, 'revenue_growth_percent': 18.57731211492208, 'fcf_growth_percent': 0.0}",['Eligible stock; no leadership setup currently qualifies']
TARIL,Transformers And Rectifiers (India) Ltd.,Industrials,Capital Goods,Electrical Equipment,Heavy Electrical Equipment,285.45,1.6559829059829,5.546311702717688,-5.150357202193057,-11.433447098976114,2.994768176077933,-42.57116990242431,281.91999999999996,291.908,299.4992307692308,298.6086,True,False,False,False,3.527012486550056,3.0812801768986766,-0.6272563204578042,12.715678919729934,1.8375890393909633,234533031.07999998,501.2,224.05,22.1540681941187,-43.04668794892259,-12.626311798374964,16,False,False,False,False,-4.09138851475873,False,False,False,False,False,False,False,False,False,False,Monitor,[],0,"{'market_cap_inr': 86687888768.0, 'relative_volume': 0.17210615366048732, 'gap_percent': -0.051876188829319485, 'eps_growth_percent': -8.659417060344046, 'revenue_growth_percent': 8.12536602875333, 'fcf_growth_percent': 0.0}",['Eligible stock; no leadership setup currently qualifies']
LT,Larsen & Toubro Ltd.,Industrials,Construction,Construction,Civil Construction,3750.0,1.5324660619609576,-0.43542641342996236,-5.400976125703794,-3.6509878047586763,-3.7523741081053275,0.45270417474205793,3845.6349849999997,3952.7579920000003,3929.1030707692307,3965.279993,False,False,False,False,1.6580960000000016,1.5201026642416449,-3.093627962261084,9.964717578837433,1.2251605604126734,5342963297.925,4440.0,3288.1001,40.098961724017855,-15.540540540540537,0.1647297245477164,48,False,False,False,False,-4.129039406333616,False,False,False,False,False,False,False,False,False,False,Monitor,[],0,"{'market_cap_inr': 5089435677246.0, 'relative_volume': 0.9251070640410267, 'gap_percent': -0.09455626097528029, 'eps_growth_percent': 13.959680486877147, 'revenue_growth_percent': 6.694240417394013, 'fcf_growth_percent': 0.0}",['Eligible stock; no leadership setup currently qualifies']
KAYNES,Kaynes Technology India Ltd.,Industrials,Capital Goods,Industrial Manufacturing,Industrial Products,3394.8,-0.12356575463371433,-7.195188627665383,-5.647581989994432,5.733952097673423,-11.857717772296505,-53.32325037811082,3506.59,3650.78001,3569.9738569230767,3637.9335045000003,False,False,False,False,4.0730360719756264,3.548312455862535,-1.7214805946332334,12.578196173701794,2.465000858112089,2875381635.5,7705.0,2995.0,8.488322717622085,-55.940298507462686,-16.090415644601073,10,False,False,False,False,-4.1480993722315125,False,False,False,False,False,False,False,False,False,False,Monitor,[],0,"{'market_cap_inr': 226203673477.0, 'relative_volume': 1.0880473563393973, 'gap_percent': 0.17830609212481427, 'eps_growth_percent': -27.430555555555557, 'revenue_growth_percent': 40.469897515242046, 'fcf_growth_percent': 0.0}",['Eligible stock; no leadership setup currently qualifies']
SHRIRAMFIN,Shriram Finance Ltd.,Financial Services,Financial Services,Finance,Non Banking Financial Company (NBFC),971.4,2.7936507936507926,-0.5018949093516301,-6.685878962536029,-4.238958990536279,-2.4992472146943667,50.41808609476619,996.0799999999999,1055.438,1050.9046153846155,1009.548,False,False,False,False,2.1963881290626204,2.1000913848179614,-3.625216048720498,11.634615384615387,1.7320174403132518,3925436077.0,1153.7,646.5,64.05757097791796,-15.801334835745863,15.190554146609006,76,False,False,False,False,-4.154804273199452,False,False,False,False,False,False,False,False,False,False,Monitor,[],0,"{'market_cap_inr': 2228333541016.0, 'relative_volume': 1.3457480048059411, 'gap_percent': 0.21097046413502107, 'eps_growth_percent': 29.468177855274618, 'revenue_growth_percent': 16.237641261293106, 'fcf_growth_percent': 0.0}",['Eligible stock; no leadership setup currently qualifies']
OLAELEC,Ola Electric Mobility Ltd.,Consumer Discretionary,Automobile and Auto Components,Automobiles,2/3 Wheelers,36.68,-1.0787486515641764,-3.1167459059693647,-3.9790575916230475,-10.514759697487197,0.9911894273127775,-32.06149286904982,38.015499999999996,38.476,38.68338461538462,36.07905,False,False,False,True,5.14098769278704,4.454229522137485,-0.907966556090061,23.68128817323707,3.6120039151764134,1956044665.67,57.95,22.25,40.42016806722689,-36.70405522001726,-9.669115521034435,24,False,False,False,False,-4.278454521101169,False,False,False,False,False,False,False,False,False,True,200 DMA Setup,[],0,"{'market_cap_inr': 168011231967.0, 'relative_volume': 1.146293509569583, 'gap_percent': -0.825991189427305, 'eps_growth_percent': 26.65895061728395, 'revenue_growth_percent': -45.04830917874396, 'fcf_growth_percent': 0.0}",['Eligible stock; no leadership setup currently qualifies']
NAVA,Nava Ltd.,Utilities,Power,Power,Power Generation,556.7,0.7601809954751237,0.9520355426602567,-0.08973438621679986,-7.785323836342551,-4.033787278055501,-13.856866537717593,552.865,561.159,567.3869230769232,586.3705,True,False,False,False,2.822756550078267,2.538991238216599,-0.28149981637030425,8.63457576325155,1.3492926150870175,142151664.355,739.4,501.65,23.154574132492144,-24.70922369488774,-4.449463187148149,38,False,False,False,False,-4.360811850496293,False,False,False,False,False,False,False,False,True,False,65 DMA Setup,[],0,"{'market_cap_inr': 161601509138.0, 'relative_volume': 1.6413630905734096, 'gap_percent': -0.07888509071786229, 'eps_growth_percent': -10.106114199090447, 'revenue_growth_percent': 1.5564811155260423, 'fcf_growth_percent': 0.0}",['Eligible stock; no leadership setup currently qualifies']
JMFINANCIL,JM Financial Ltd.,Financial Services,Financial Services,Finance,Holding Company,123.1,-0.2431118314424774,-1.716566866267466,-6.7847947902468615,-1.472706899311671,-5.540208717004291,-26.848110292369864,125.33,126.6946,126.2506153846154,129.6565,False,False,False,False,2.4933271440176408,2.4057020938455578,-1.1379238505406166,11.656077933079212,1.698694832227573,225692687.67000002,182.5,112.0,15.744680851063823,-32.54794520547946,-8.224867571575258,28,False,False,False,False,-4.427729599122516,False,False,False,False,False,False,False,False,True,False,65 DMA Setup,[],0,"{'market_cap_inr': 119482065779.0, 'relative_volume': 1.029369699131717, 'gap_percent': -0.4723022734550139, 'eps_growth_percent': -35.64345991561182, 'revenue_growth_percent': 9.224690741417907, 'fcf_growth_percent': 0.0}",['Eligible stock; no leadership setup currently qualifies']
THANGAMAYL,Thangamayil Jewellery Ltd.,Consumer Discretionary,Consumer Durables,Consumer Durables,Gems Jewellery And Watches,4747.0,-2.345196461633414,-7.546986074593431,-10.349386213408874,-25.513886709555944,17.575670420955824,134.02681916781697,5073.55,5325.71,5601.546153846154,4532.205012,False,False,False,True,4.555508742363598,3.844454419518293,-2.3853196636931355,16.649015039186608,2.968450256270188,362541113.5,7430.0,1939.5,51.13377652308533,-36.110363391655454,40.427391341833456,93,False,True,False,False,-4.486938733314469,False,False,False,False,False,False,False,False,False,False,Monitor,[],0,"{'market_cap_inr': 149223238215.0, 'relative_volume': 0.978937179565815, 'gap_percent': 0.7703518634186967, 'eps_growth_percent': 86.15277909997144, 'revenue_growth_percent': 71.15658659956607, 'fcf_growth_percent': 0.0}",['Eligible stock; no leadership setup currently qualifies']
BLUESTARCO,Blue Star Ltd.,Consumer Discretionary,Consumer Durables,Consumer Durables,Household Appliances,1510.0,3.4530008221430597,-4.151326647200715,1.7520215633423097,-4.114808229616451,-8.794394781348148,-20.49283909014322,1519.215,1532.558,1564.963076923077,1693.1979999999999,False,False,False,False,2.955534531693473,3.1574205016978185,-0.4980209758650786,11.254625427633869,2.4672670090436073,955689279.0,2032.9,1432.3,12.937062937062944,-25.721875153721285,-6.674544909748241,32,False,False,False,False,-4.519935402069439,False,False,False,False,False,False,False,False,False,False,Monitor,[],0,"{'market_cap_inr': 316286930122.0, 'relative_volume': 0.3506908733682202, 'gap_percent': 0.17645905496373085, 'eps_growth_percent': -15.251240905691166, 'revenue_growth_percent': 13.267499371280062, 'fcf_growth_percent': 0.0}",['Eligible stock; no leadership setup currently qualifies']
BHARTIARTL,Bharti Airtel Ltd.,Telecommunication,Telecommunication,Telecom - Services,Telecom - Cellular & Fixed line services,1779.9,2.2284762506461497,0.4798464491362786,-3.2663043478260767,-5.7306286743286865,-4.275572765408198,-6.158064005904995,1808.905,1877.854,1887.9584615384615,1903.355,False,False,False,False,1.6662252293467552,1.371962977458272,-3.130593258184249,9.673868968313727,1.3742948940302142,8249258493.68,2174.5,1726.3,11.958946898705964,-18.146700390894456,-2.1751697775481054,43,False,False,False,False,-4.532525229134839,False,False,False,False,False,False,False,False,False,False,Monitor,[],0,"{'market_cap_inr': 11432700246094.0, 'relative_volume': 0.9736904493688867, 'gap_percent': 0.7579475434865512, 'eps_growth_percent': 34.0442742463958, 'revenue_growth_percent': 18.350228253266103, 'fcf_growth_percent': 22.290356191872803}",['Eligible stock; no leadership setup currently qualifies']
CHOLAFIN,Cholamandalam Investment and Finance Company Ltd.,Financial Services,Financial Services,Finance,Non Banking Financial Company (NBFC),1605.4,1.607594936708856,-1.7623301921429468,-12.702555736813482,-9.268678648129313,4.715935033592089,2.196193265007329,1730.6650000000002,1811.104,1803.9153846153847,1681.358,False,False,False,False,2.778123832066776,2.333357015690104,-4.088346975401805,19.51125895598771,1.6669820407640838,2370622768.38,1952.5,1299.4,46.85346807533303,-17.777208706786162,0.7286095416274103,51,False,False,False,False,-4.533302447611794,False,False,False,False,False,False,False,False,False,False,Monitor,[],0,"{'market_cap_inr': 1341267558594.0, 'relative_volume': 0.8239354247552206, 'gap_percent': -0.9394772160797626, 'eps_growth_percent': 43.703703703703695, 'revenue_growth_percent': 21.80838259833621, 'fcf_growth_percent': 0.0}",['Eligible stock; no leadership setup currently qualifies']
ATGL,Adani Total Gas Ltd.,Energy,Oil Gas & Consumable Fuels,Gas,LPG/CNG/PNG/LNG Supplier,583.25,0.03430237543950998,-1.8840945411725207,-4.752184208377564,-16.517569598511418,6.064739043462453,-8.473911337779516,603.42,628.547,644.6899999999999,615.377,False,False,False,False,3.456003918927196,2.9847045703301167,-2.0852467629218805,17.96171663316144,3.1806262948823507,359716196.92999995,859.85,462.8,30.336229693993193,-32.168401465371865,-2.6874476445776727,42,False,False,False,False,-4.543299794188406,False,False,False,False,False,False,False,False,False,False,Monitor,[],0,"{'market_cap_inr': 640309429539.0, 'relative_volume': 1.1844872920607126, 'gap_percent': 0.5327375837772852, 'eps_growth_percent': -14.230564430244941, 'revenue_growth_percent': 27.19827648740008, 'fcf_growth_percent': 0.0}",['Eligible stock; no leadership setup currently qualifies']
EICHERMOT,Eicher Motors Ltd.,Consumer Discretionary,Automobile and Auto Components,Automobiles,2/3 Wheelers,7021.5,1.4667630057803471,-2.66167602412144,-7.981128366424217,-5.351486149491135,-1.762854144805881,1.1597752485232649,7385.65,7725.16,7675.469230769231,7412.055,False,False,False,False,1.6678365428632467,1.4715574505319684,-5.4613737144541235,13.808479532163753,1.1264461021446732,2481474205.5,8230.0,6442.0,32.41051454138702,-14.684082624544349,0.1615596133807342,48,False,False,False,False,-4.573443901850304,False,False,False,False,False,False,False,False,False,False,Monitor,[],0,"{'market_cap_inr': 1910671230469.0, 'relative_volume': 0.9464872875772218, 'gap_percent': -0.3448275862068966, 'eps_growth_percent': 21.257689678742306, 'revenue_growth_percent': 31.54760960284341, 'fcf_growth_percent': 0.0}",['Eligible stock; no leadership setup currently qualifies']
JUBLINGREA,Jubilant Ingrevia Ltd.,Commodities,Chemicals,Chemicals & Petrochemicals,Specialty Chemicals,632.2,-0.9090909090909038,-3.6427373875933533,-8.44978640214321,-7.430997876857748,0.34124275851123986,-2.6860617255445085,646.0975000000001,690.7639999999999,699.0276923076924,668.22875,False,False,False,False,3.89908256880734,3.326804252140898,-2.1743958181682492,11.919934640522879,1.8096396100312033,161294153.24,795.0,537.3,36.825766395033014,-20.477987421383638,-0.9511390450439638,45,False,False,False,False,-4.576798754031518,False,False,False,False,False,False,False,False,False,False,Monitor,[],0,"{'market_cap_inr': 102146995182.0, 'relative_volume': 0.5658422597948017, 'gap_percent': -0.09337794724144567, 'eps_growth_percent': 40.64934518044385, 'revenue_growth_percent': 25.28254983764826, 'fcf_growth_percent': 0.0}",['Eligible stock; no leadership setup currently qualifies']
UTIAMC,UTI Asset Management Company Ltd.,Financial Services,Financial Services,Capital Markets,Asset Management Company,890.3,0.7468597940477384,-0.4027296118134016,1.1072625063880626,-8.358208955223889,-5.468252282862607,-32.26567255021303,900.9200000000001,898.6139999999999,910.4784615384615,969.9355,False,False,False,False,2.3615635179153105,2.139956398681945,-0.39177544145953935,7.57427734038274,1.2137899190689034,56476454.95,1409.0,866.0,4.475138121546953,-36.81334279630944,-10.36611623816852,22,False,False,False,False,-4.835858420876388,False,False,False,False,False,False,False,False,True,False,65 DMA Setup,[],0,"{'market_cap_inr': 114921384060.0, 'relative_volume': 1.1039635836391963, 'gap_percent': 0.5155216855317745, 'eps_growth_percent': 23.995656894679684, 'revenue_growth_percent': 6.675051493775178, 'fcf_growth_percent': 0.0}",['Eligible stock; no leadership setup currently qualifies']
ULTRACEMCO,UltraTech Cement Ltd.,Commodities,Construction Materials,Cement & Cement Products,Cement & Cement Products,10850.0,1.3071895424836555,-1.5873015873015928,-4.891304347826086,-4.430546991984496,-5.223619846261352,-9.726266744321489,10930.45,11395.28,11475.430769230768,11697.415,False,False,False,False,1.7096774193548387,1.613150549393173,-2.7988549512654926,5.682246513381073,1.3104238016226835,3171426573.0,13110.0,10325.0,18.850987432675044,-17.238749046529367,-3.4487743027429536,40,False,False,False,False,-4.862965472655636,False,False,False,False,False,False,False,False,False,False,Monitor,[],0,"{'market_cap_inr': 3148322781194.0, 'relative_volume': 0.6965823195045442, 'gap_percent': 0.018765246762994934, 'eps_growth_percent': 16.796720010580614, 'revenue_growth_percent': 15.852778672131496, 'fcf_growth_percent': 0.0}",['Eligible stock; no leadership setup currently qualifies']
HINDALCO,Hindalco Industries Ltd.,Commodities,Metals & Mining,Non - Ferrous Metals,Aluminium,938.4,-0.3663003663003761,-1.8307354325766245,-7.181008902077157,-3.4220140997272663,-4.79379089940648,20.25373229960914,975.165,1004.6139999999999,993.7853846153847,983.27825,False,False,False,False,2.062781634392885,1.8218790849260025,-3.195194811729089,11.79209528965892,1.4853948992212231,3314276541.88,1176.0,754.45,43.63657929071284,-20.204081632653057,5.5828516344193435,61,False,True,False,False,-4.910473520186425,False,False,False,False,False,False,False,False,False,False,Monitor,[],0,"{'market_cap_inr': 2049470625000.0, 'relative_volume': 0.9090245213282218, 'gap_percent': -0.09331942690893372, 'eps_growth_percent': 75.05555555555557, 'revenue_growth_percent': 32.06034375389214, 'fcf_growth_percent': 0.0}",['Eligible stock; no leadership setup currently qualifies']
TIMKEN,Timken India Ltd.,Industrials,Capital Goods,Industrial Products,Abrasives & Bearings,3132.3,1.0810636375371052,-2.301865122676605,0.2400153609831035,-3.943693579799845,-9.074281084335711,4.066583742535768,3183.604985,3189.050002,3184.176926153846,3291.411502,False,False,False,False,3.4322102425876007,3.241607690135127,-0.5184784014246266,8.35236541598694,2.103237232707589,125810647.62,3925.0,2800.5,29.506447309915533,-20.196178343949043,0.4252937812594568,50,False,False,False,False,-4.950001346418454,False,False,False,False,False,False,False,False,True,False,65 DMA Setup,[],0,"{'market_cap_inr': 235675336018.0, 'relative_volume': 0.5202614173145647, 'gap_percent': 0.40229885057470977, 'eps_growth_percent': 10.361022851830777, 'revenue_growth_percent': 14.734139402733454, 'fcf_growth_percent': 0.0}",['Eligible stock; no leadership setup currently qualifies']
JSWENERGY,JSW Energy Ltd.,Utilities,Power,Power,Power Generation,491.8,1.4020618556701114,-0.6464646464646395,-8.900620542743354,-8.408604153086884,0.5417561075334865,-8.909057232820883,510.87749999999994,533.783,537.7984615384615,525.435,False,False,False,False,2.1858479056527025,2.007687734256719,-3.598228929280515,14.018101452325826,1.5834806353053588,802540535.35,617.35,427.75,33.78164556962025,-20.336923949137443,-3.0699103826675076,42,False,False,False,False,-4.951464146252853,False,False,False,False,False,False,False,False,False,False,Monitor,[],0,"{'market_cap_inr': 889239152222.0, 'relative_volume': 0.848813127224131, 'gap_percent': -0.28839221341023324, 'eps_growth_percent': -39.529411764705884, 'revenue_growth_percent': 1.2396541567104835, 'fcf_growth_percent': 0.0}",['Eligible stock; no leadership setup currently qualifies']
NSLNISP,NMDC Steel Ltd.,Commodities,Metals & Mining,Ferrous Metals,Iron & Steel,40.5,-1.098901098901106,-3.063666826232647,-11.994784876140818,-4.929577464788737,-0.7596177407498184,-14.194915254237294,42.45,43.1026,43.023384615384614,42.43225,False,False,False,False,3.1746031746031758,3.079682667355265,-1.9020175117046312,15.193026151930255,1.7707525034341474,162405780.07,53.75,33.01,36.113789778206375,-24.65116279069768,-4.640447921512505,37,False,True,False,False,-5.02789542801119,False,False,False,False,False,False,False,False,False,False,Monitor,[],0,"{'market_cap_inr': 118777445966.0, 'relative_volume': 0.7122694545354954, 'gap_percent': -0.09864364981504105, 'eps_growth_percent': 97.70642201834863, 'revenue_growth_percent': 8.814282572907578, 'fcf_growth_percent': 0.0}",['Eligible stock; no leadership setup currently qualifies']
BAJAJFINSV,Bajaj Finserv Ltd.,Financial Services,Financial Services,Finance,Holding Company,1751.4,1.0850744545769508,-0.0342465753424559,-11.096446700507611,-5.579815623483741,-0.9221021666572349,-12.469388775051227,1826.5900000000001,1936.014,1922.9076923076923,1879.7265005,False,False,False,False,1.8915479861009141,1.6850135945965896,-5.041256272869343,14.675988484812885,1.3666257317954165,1305071039.25,2195.0,1597.0,25.81939799331105,-20.20956719817767,-4.19934411885768,39,False,False,False,False,-5.095888010009106,False,False,False,False,False,False,False,False,False,False,Monitor,[],0,"{'market_cap_inr': 2789188899780.0, 'relative_volume': 1.0775218778630777, 'gap_percent': -0.9177995755176964, 'eps_growth_percent': 12.65895953757224, 'revenue_growth_percent': 17.002299652403984, 'fcf_growth_percent': 0.0}",['Eligible stock; no leadership setup currently qualifies']
CDSL,Central Depository Services (India) Ltd.,Financial Services,Financial Services,Capital Markets,Depositories Clearing Houses and Other Intermediaries,1250.0,0.6036217303822866,-3.025601241272302,-10.36856446292843,-4.682019216104938,-2.29031501602438,-16.113012549493323,1322.05,1346.578,1353.7815384615385,1319.1254999999999,False,False,False,False,2.5228571428571427,2.3599126567058213,-2.842850577760897,15.777432796797108,1.7480809694910289,1393096843.5,1673.7,1116.3,23.986365267312525,-25.315169982673126,-5.369263668518874,36,False,False,False,False,-5.146973847778588,False,False,False,False,False,False,False,False,False,False,Monitor,[],0,"{'market_cap_inr': 266475000000.0, 'relative_volume': 0.6665684525438401, 'gap_percent': -0.35294117647058826, 'eps_growth_percent': -20.02375346404684, 'revenue_growth_percent': 4.928653169994961, 'fcf_growth_percent': 0.0}",['Eligible stock; no leadership setup currently qualifies']
IGIL,International Gemological Institute Ltd.,Services,Services,Commercial Services & Supplies,Diversified Commercial Services,316.25,1.3784260298124629,-2.1352313167259718,-2.2411128284389514,-6.365655070318288,-6.157270029673589,-11.389745026618092,319.22249999999997,334.23800000000006,336.57384615384615,337.61875,False,False,False,False,2.964426877470353,2.706891894707554,-1.8154584457781653,10.047223579221608,1.7463736118780864,130013216.59,388.3,287.0,28.874629812438297,-18.555240793201133,-4.314161134130984,39,False,False,False,False,-5.251165493590574,False,False,False,False,False,False,False,False,False,False,Monitor,[],0,"{'market_cap_inr': 137189101560.00002, 'relative_volume': 0.916672621993773, 'gap_percent': 0.5204226462702971, 'eps_growth_percent': 32.02846975088968, 'revenue_growth_percent': 23.217419046099856, 'fcf_growth_percent': 0.0}",['Eligible stock; no leadership setup currently qualifies']
ZENTEC,Zen Technologies Ltd.,Industrials,Capital Goods,Aerospace & Defense,Aerospace & Defense,1599.5,1.4846773681872927,-2.6357438519600707,-11.207949372710125,-12.04772902232486,4.324289068614662,7.529411764705873,1671.705,1743.878,1757.6353846153847,1590.7495000000001,False,False,False,True,2.8160585897378647,2.8722788682368785,-2.939972284546754,20.309677419354834,1.7385614404418517,376467094.3,2043.7,1223.0,45.87547215791397,-21.735088320203555,1.7405096631103618,54,False,False,False,False,-5.2889768735453675,False,False,False,False,False,False,False,False,False,True,200 DMA Setup,[],0,"{'market_cap_inr': 142690367427.0, 'relative_volume': 2.804216118787186, 'gap_percent': 0.05062650297430417, 'eps_growth_percent': -27.850150602409645, 'revenue_growth_percent': -10.47935547441611, 'fcf_growth_percent': 0.0}",['Eligible stock; no leadership setup currently qualifies']
BANKINDIA,Bank of India,Financial Services,Financial Services,Banks,Public Sector Bank,133.5,3.104726598702512,2.7002077082852516,-7.931034482758625,-1.1989342806394299,-7.477995703097918,6.349079901218824,136.51500000000001,140.003,140.63092307692307,147.00504999999998,False,False,False,False,2.3344034242910667,1.9735095877909579,-1.9897591042256002,12.61737552276494,1.6630035154041434,615185322.01,178.36,122.2,20.12108262108261,-25.151379233011895,1.0494605914645558,52,False,False,False,False,-5.393583900152624,False,False,False,False,False,False,False,False,False,False,Monitor,[],0,"{'market_cap_inr': 609146988112.0, 'relative_volume': 0.8256814223145243, 'gap_percent': 0.3369524522650607, 'eps_growth_percent': 80.51560244861393, 'revenue_growth_percent': 9.839913877902775, 'fcf_growth_percent': 0.0}",['Eligible stock; no leadership setup currently qualifies']
SRF,SRF Ltd.,Commodities,Chemicals,Chemicals & Petrochemicals,Commodity Chemicals,2460.0,-1.0538170702276473,-3.149606299212604,-5.999235766144439,-12.474207910260882,1.022541126748755,-15.379590816291467,2504.375,2563.89199,2616.43538,2685.4499975000003,False,False,False,False,2.204413182346109,1.72636401582425,-1.838185517297978,6.286447176742094,1.2359223921715914,438752620.5,3210.0,2355.0,12.280701754385964,-23.364485981308412,-5.448028174747765,35,False,False,False,False,-5.456765259427916,False,False,False,False,False,False,False,False,False,False,Monitor,[],0,"{'market_cap_inr': 727752566936.0, 'relative_volume': 1.547287483589491, 'gap_percent': -0.22357723577235775, 'eps_growth_percent': 75.54527066406115, 'revenue_growth_percent': 31.808349613211057, 'fcf_growth_percent': 0.0}",['Eligible stock; no leadership setup currently qualifies']
ITC,ITC Ltd.,Fast Moving Consumer Goods,Fast Moving Consumer Goods,Diversified FMCG,Diversified FMCG,268.9,5.080109417741285,1.3951734539969785,1.8174933737220567,-4.18670942455015,-11.25412541254126,-33.48998268612418,263.3825,270.211,272.78076923076924,300.24325,True,False,False,False,1.917866439993625,1.7036331244653635,-0.2529771568378698,6.440212055762817,1.6179060341389353,3009435629.25,426.4,254.65,8.296943231441032,-36.93714821763603,-11.319761705076925,20,False,False,False,False,-5.512625120178543,False,False,False,False,False,False,False,False,True,False,65 DMA Setup,[],0,"{'market_cap_inr': 3324345901434.0, 'relative_volume': 2.6737364528334377, 'gap_percent': -0.6398193451260777, 'eps_growth_percent': -16.100478468899514, 'revenue_growth_percent': -11.074404541751745, 'fcf_growth_percent': 0.0}",['Eligible stock; no leadership setup currently qualifies']
ANGELONE,Angel One Ltd.,Financial Services,Financial Services,Capital Markets,Stockbroking & Allied,285.2,3.0346820809248554,2.148997134670494,-4.869913275517024,-13.888888888888884,1.2065294535131166,29.55980556943625,291.245,292.635,300.6723076923077,288.47805,False,False,False,False,2.5207874173512317,2.662495120464581,-1.0079024078212353,15.7580283793876,1.6907603434991827,845616907.78,360.45,208.63,50.43472533263075,-20.876681925371066,7.904715367936969,66,False,False,False,False,-5.5959776485851185,False,False,False,False,False,False,False,False,False,True,200 DMA Setup,[],0,"{'market_cap_inr': 276710623357.0, 'relative_volume': 1.3477457652857956, 'gap_percent': -0.596026490066229, 'eps_growth_percent': 100.0, 'revenue_growth_percent': 25.424440531085395, 'fcf_growth_percent': 0.0}",['Eligible stock; no leadership setup currently qualifies']
LICI,Life Insurance Corporation of India,Financial Services,Financial Services,Insurance,Life Insurance,388.7,-0.8038790353451675,-2.9826531885685736,-6.416275430359941,-9.16101892965646,-2.0166372573733327,-14.123170394918539,400.605,408.006,413.6307692307692,412.5265,False,False,False,False,2.406372891322724,2.0005755517290367,-1.966359069688305,8.378728923475997,1.337509916133704,2792902892.75,468.475,360.75,25.945695056857726,-17.028656811996377,-5.217114268053733,36,False,True,False,False,-5.617080385919079,False,False,False,False,False,False,False,False,False,False,Monitor,[],0,"{'market_cap_inr': 4884163191956.0, 'relative_volume': 0.46869540505269164, 'gap_percent': 0.0, 'eps_growth_percent': 23.97681748386576, 'revenue_growth_percent': 7.219264348119765, 'fcf_growth_percent': 0.0}",['Eligible stock; no leadership setup currently qualifies']
SIGNATURE,Signatureglobal (India) Ltd.,Consumer Discretionary,Realty,Realty,Residential Commercial Projects,738.2,0.1017018102922318,-5.401422438649317,-7.0511206245278295,-5.619126765965598,-4.7975238586535855,-31.93176579068695,763.1650000000001,785.2289999999999,789.0653846153846,854.37725,False,False,False,False,4.016526686534813,3.5863042699782723,-1.4911411553141867,16.129032258064523,1.4346247137349062,163780995.305,1153.9,705.2,7.354579897481613,-36.025652136233646,-10.603712605370799,22,False,False,False,False,-5.648484067681351,False,False,False,False,False,False,False,False,False,False,Monitor,[],0,"{'market_cap_inr': 100302110482.0, 'relative_volume': 2.186014278123847, 'gap_percent': 0.2666666666666635, 'eps_growth_percent': -147.96293272371, 'revenue_growth_percent': -36.235558856791684, 'fcf_growth_percent': 0.0}",['Eligible stock; no leadership setup currently qualifies']
RAINBOW,Rainbow Childrens Medicare Ltd.,Healthcare,Healthcare,Healthcare Services,Hospital,1269.3,-0.8204406938584152,-7.633532236937857,-11.423586880669923,-11.951997780244172,3.42214617452945,-5.311450951137642,1411.4850000000001,1454.644,1458.5246153846156,1331.0835,False,False,False,False,3.555390485194318,2.9992687505381332,-3.5837235920903554,19.104146881924677,1.3497757864232582,143221827.875,1610.0,1084.0,35.22813688212927,-21.16149068322981,-2.3908048355420535,43,False,True,False,False,-5.67023747344116,False,False,False,False,False,False,False,False,False,False,Monitor,[],0,"{'market_cap_inr': 128842369634.0, 'relative_volume': 0.7040711837796036, 'gap_percent': -0.2911780908160892, 'eps_growth_percent': 13.203750806727149, 'revenue_growth_percent': 33.1670109285437, 'fcf_growth_percent': 0.0}",['Eligible stock; no leadership setup currently qualifies']
INDUSTOWER,Indus Towers Ltd.,Telecommunication,Telecommunication,Telecom - Services,Telecom - Infrastructure,380.2,1.0498338870431834,5.6111111111111,0.9023354564755781,-2.149015570711621,-13.285437336070249,7.674879637496446,376.95500000000004,379.18199999999996,383.6792307692308,413.25375,True,True,False,False,2.3032990155557242,2.312019786189089,0.11656005484047238,9.928280129377033,1.7247592025542204,1482280252.6599998,481.5,337.8,29.50591510090465,-21.038421599169265,0.7924531908232262,52,False,False,False,False,-5.840746520058272,False,False,False,False,False,False,False,False,True,False,65 DMA Setup,[],0,"{'market_cap_inr': 1015511755371.0, 'relative_volume': 0.4127118771300314, 'gap_percent': 0.0, 'eps_growth_percent': 0.5177806796440898, 'revenue_growth_percent': 4.635375297855441, 'fcf_growth_percent': 0.0}",['Eligible stock; no leadership setup currently qualifies']
CUMMINSIND,Cummins India Ltd.,Industrials,Capital Goods,Industrial Products,Compressors Pumps & Diesel Engines,4832.2998,-0.5699629629629666,-0.4675633367662302,-4.025823237338633,-12.116035282349735,-1.5303440015149494,22.87486459684187,4968.18999,5163.425996,5253.0353815384615,5021.5454825,False,False,False,False,2.06393858261857,2.2122552479469713,-3.1071256295140666,10.461927863319964,1.5365303802504018,1795752750.0,6100.0,3882.5,42.83200901916572,-20.781970491803282,5.647997947011783,62,False,False,False,False,-5.859205758763045,False,False,False,False,False,False,False,False,False,False,Monitor,[],0,"{'market_cap_inr': 1349977865308.0, 'relative_volume': 0.4329318688970598, 'gap_percent': 0.0, 'eps_growth_percent': 0.8941645207636236, 'revenue_growth_percent': 17.86109907046188, 'fcf_growth_percent': 0.0}",['Eligible stock; no leadership setup currently qualifies']
ASTERDM,Aster DM Quality Care Ltd.,Healthcare,Healthcare,Healthcare Services,Hospital,691.5,-2.454506982649174,-8.94126942322886,-12.134688691232531,-12.374073370081728,3.7509377344336015,9.614012839819285,751.575,781.936,787.0138461538462,710.67875,False,False,False,False,3.6008676789587866,2.893215234506017,-3.211907091031146,16.740957252466202,1.7255453184764236,745977606.745,891.3,519.1,46.319183234819995,-22.416694715583972,1.9732876006724898,55,False,True,False,False,-5.864222758563297,False,False,False,False,False,False,False,False,False,True,200 DMA Setup,[],0,"{'market_cap_inr': 592868020680.0, 'relative_volume': 0.8353074697664575, 'gap_percent': -0.4703807143907, 'eps_growth_percent': -81.38922155688623, 'revenue_growth_percent': 21.599079666379062, 'fcf_growth_percent': 0.0}",['Eligible stock; no leadership setup currently qualifies']
INDIANB,Indian Bank,Financial Services,Financial Services,Banks,Public Sector Bank,810.0,2.124440521969362,0.9408685899432889,-7.923155621234512,4.8679440704298305,-13.999044433827045,5.75102813499575,831.14,855.745,849.1438461538461,863.1402499999999,False,False,False,False,2.0039682539682517,1.895278519922622,-2.667524545371823,10.548389146597192,1.1711931278036225,735798942.0,1000.9,754.9,22.398373983739848,-19.072834448995902,0.4316318593748276,50,False,False,False,False,-5.876626254189006,False,False,False,False,False,False,False,False,False,False,Monitor,[],0,"{'market_cap_inr': 1114680032868.0, 'relative_volume': 2.2004451316881726, 'gap_percent': 0.3138959314258147, 'eps_growth_percent': 47.45562130177517, 'revenue_growth_percent': 11.064340724441434, 'fcf_growth_percent': 0.0}",['Eligible stock; no leadership setup currently qualifies']
LTM,LTM Ltd.,Information Technology,Information Technology,IT - Software,Computers - Software & Consulting,4010.0,0.0748689792862578,-1.9895366375699441,-11.94554238032499,5.693199789140757,-12.292213473315838,-21.6796875,4181.3349849999995,4416.508008000001,4324.683076923077,4595.2725035,False,False,False,False,3.2627358389739936,2.9010008510601883,-2.8210330211569086,16.079773882113834,1.5518393866438724,1453318770.0,6429.5,3528.0,16.612097191108045,-37.6312310444047,-7.682577627156374,29,False,False,False,False,-5.910651058208318,False,False,False,False,False,False,False,False,False,False,Monitor,[],0,"{'market_cap_inr': 1163155992634.0, 'relative_volume': 1.0039172134522474, 'gap_percent': -0.007633587786264171, 'eps_growth_percent': 16.887417218543046, 'revenue_growth_percent': 17.96028697437148, 'fcf_growth_percent': 25.37227161377336}",['Eligible stock; no leadership setup currently qualifies']
CCL,CCL Products (I) Ltd.,Fast Moving Consumer Goods,Fast Moving Consumer Goods,Agricultural Food & other Products,Tea & Coffee,1051.9,-0.4448230172250489,1.9678169833268866,-4.9086964382570875,-10.946495089739239,-2.2306905846268266,22.620504750247726,1060.9450000000002,1098.74,1122.3984615384616,1077.4360000000001,False,False,False,False,2.665245202558635,2.6756142835763854,-1.599501974989531,14.686302198910628,1.5434176948673892,135762876.765,1242.2,815.5,55.401921724865254,-15.319594268233772,5.5215400861148325,61,False,False,False,False,-5.950723624823736,False,False,False,False,False,False,False,False,False,True,200 DMA Setup,[],0,"{'market_cap_inr': 140705049477.0, 'relative_volume': 0.3063491745917419, 'gap_percent': -0.16155088852989125, 'eps_growth_percent': 61.45382162670254, 'revenue_growth_percent': 13.717503210614918, 'fcf_growth_percent': 0.0}",['Eligible stock; no leadership setup currently qualifies']
HINDCOPPER,Hindustan Copper Ltd.,Commodities,Metals & Mining,Non - Ferrous Metals,Copper,478.65,3.570269393054204,-0.1980817347789876,-8.243074858621679,-1.7650076962544947,-8.357265939115443,41.44503546099292,496.15500000000003,516.342,510.1115384615385,529.465,False,False,False,False,2.8204324663115012,2.5158712002318326,-2.588189223421686,21.111111111111104,2.2376343594798307,3152682347.04,760.05,308.5,37.68131989812867,-37.02388000789421,11.126141778308302,70,False,False,False,False,-6.021427783990671,False,False,False,False,False,False,False,False,False,False,Monitor,[],0,"{'market_cap_inr': 464123174277.0, 'relative_volume': 0.6681546581437229, 'gap_percent': 0.4271278258151915, 'eps_growth_percent': 162.4720881653821, 'revenue_growth_percent': 81.36220152216434, 'fcf_growth_percent': 0.0}",['Eligible stock; no leadership setup currently qualifies']
CAMS,Computer Age Management Services Ltd.,Financial Services,Financial Services,Capital Markets,Depositories Clearing Houses and Other Intermediaries,683.85,0.9745293466223659,-1.1134408213433478,-8.673878205128194,-8.795678847692711,-2.174379515056135,-10.286516411723035,702.0575,743.3330000000001,749.1384615384616,739.502,False,False,False,False,2.2488223190131484,2.3399504805100633,-3.558396245978007,11.119464701902126,1.4403815863388962,865711573.1,844.9,611.4,31.02783725910066,-19.061427387856543,-4.360746146124223,38,False,False,False,False,-6.116708953996951,False,False,False,False,False,False,False,False,False,False,Monitor,[],0,"{'market_cap_inr': 172228460333.0, 'relative_volume': 0.7783024676367477, 'gap_percent': -0.4319032536711776, 'eps_growth_percent': 16.977696859353653, 'revenue_growth_percent': 11.542391838078519, 'fcf_growth_percent': 0.0}",['Eligible stock; no leadership setup currently qualifies']
AXISBANK,Axis Bank Ltd.,Financial Services,Financial Services,Banks,Private Sector Bank,1222.2,0.41902883904363364,1.0166129432184423,-3.9905734485467415,-6.666666666666665,-7.3037542662116035,3.4885690093141353,1231.575,1240.876,1251.2523076923076,1285.1275,False,False,False,False,2.00925731117189,1.778553078674705,-0.7490657208235694,7.651063829787241,1.4846663656541244,6370845483.555,1418.3,1150.3,26.828358208955255,-13.8264119015723,-0.5322841864159824,46,False,False,False,False,-6.25247840195466,False,False,False,False,False,False,False,False,True,False,65 DMA Setup,[],0,"{'market_cap_inr': 3873118690447.0, 'relative_volume': 1.0517713806665518, 'gap_percent': 0.1770623742454765, 'eps_growth_percent': 21.80638722554891, 'revenue_growth_percent': 6.959778223311304, 'fcf_growth_percent': 0.0}",['Eligible stock; no leadership setup currently qualifies']
IOC,Indian Oil Corporation Ltd.,Energy,Oil Gas & Consumable Fuels,Petroleum Products,Refineries & Marketing,130.5,-0.6395614435815489,-2.115211521152105,-5.159883720930225,-5.180556564702465,-7.884520364226722,-13.225613405146607,134.5185,137.4016,138.08446153846154,147.89115,False,False,False,False,1.991242474001096,1.7467836385990734,-2.5225155241927886,7.318952234206466,1.378473966249036,1020894175.23,188.96,129.8,1.183231913455018,-30.937764606265883,-5.524637755525212,35,False,True,False,True,-6.256973873569107,False,False,False,False,False,False,False,False,False,False,Monitor,[],0,"{'market_cap_inr': 1842821595703.0, 'relative_volume': 1.4750962213585805, 'gap_percent': 0.2307692307692395, 'eps_growth_percent': -123.93233219475717, 'revenue_growth_percent': 38.50804809071821, 'fcf_growth_percent': 0.0}",['Eligible stock; no leadership setup currently qualifies']
LICHSGFIN,LIC Housing Finance Ltd.,Financial Services,Financial Services,Finance,Housing Finance Company,505.0,-0.7858546168958758,-10.48480014180625,-10.150342496219189,-4.82472672446288,-5.128686830734541,-12.697726683377997,548.8375,531.564,534.6715384615385,533.85775,False,False,False,False,3.2248939179632266,3.035200374135416,-1.5496102398654876,15.513269904857285,1.91613245109843,1592035388.0,598.2,458.9,33.09404163675521,-15.580073553995321,-5.199133035180424,36,False,True,False,False,-6.277714709910621,False,False,False,False,False,False,False,False,False,False,Monitor,[],0,"{'market_cap_inr': 284877635060.0, 'relative_volume': 5.146363532289252, 'gap_percent': 0.8731082654249126, 'eps_growth_percent': 9.895060334258236, 'revenue_growth_percent': -2.041245586053671, 'fcf_growth_percent': 0.0}",['Eligible stock; no leadership setup currently qualifies']
ICICIGI,ICICI Lombard General Insurance Company Ltd.,Financial Services,Financial Services,Insurance,General Insurance,1600.0,2.3672424824056293,3.8961038961038863,5.96026490066226,-11.318035694490636,-9.532963926269355,-16.30048127223268,1507.345,1570.2779999999998,1602.3107692307692,1760.6795000000002,True,True,False,False,2.8174107142857148,2.55453815058068,0.6718175144992207,12.992762279530613,2.2451069363555027,1114430571.175,2064.8999,1423.1,27.56310806530199,-22.51440372484884,-6.807978673471995,32,True,False,False,False,-6.2844318384139,False,False,False,False,False,False,False,False,True,False,65 DMA Setup,[],0,"{'market_cap_inr': 796685710587.0, 'relative_volume': 0.8106249139435926, 'gap_percent': 0.06289308176100629, 'eps_growth_percent': -46.17962466487936, 'revenue_growth_percent': 10.818064644989342, 'fcf_growth_percent': 0.0}",['Eligible stock; no leadership setup currently qualifies']
TRENT,Trent Ltd.,Consumer Discretionary,Consumer Services,Retailing,Speciality Retail,2580.0,0.0,-1.7517136329017524,-9.568874868559407,-11.764705882352944,0.5012088776223722,-46.42523635503723,2725.704995,2863.02,2870.1646169230767,2833.6434999999997,False,False,False,False,2.114893964562568,1.9187176297014652,-4.674166160660824,11.866599890014907,1.105374992075492,1707642795.1100001,4908.0,2183.6667,14.547900581768017,-47.432762836185816,-15.276191869494667,12,False,True,False,False,-6.309382224914433,False,False,False,False,False,False,False,False,False,False,Monitor,[],0,"{'market_cap_inr': 1539974529297.0, 'relative_volume': 0.8911838469392893, 'gap_percent': -0.5777946925924738, 'eps_growth_percent': 20.787520786279824, 'revenue_growth_percent': 17.840351552581357, 'fcf_growth_percent': 0.0}",['Eligible stock; no leadership setup currently qualifies']
HDFCLIFE,HDFC Life Insurance Company Ltd.,Financial Services,Financial Services,Insurance,Life Insurance,531.0,-0.5990265818045737,-0.11286681715576563,-2.8184480234260567,-4.444844340471487,-10.18267929634642,-30.057955742887255,535.0975000000001,540.15,544.9446153846154,616.4325,False,False,False,False,3.0817863868711313,2.67992156027137,-0.549672716888016,11.539217613524677,2.357454721588753,2156186183.685,788.5,508.7,7.969978556111512,-32.6569435637286,-10.728644725799947,21,False,False,False,False,-6.333379243560103,False,False,False,False,False,False,False,False,True,False,65 DMA Setup,[],0,"{'market_cap_inr': 1184278271543.0, 'relative_volume': 0.431007365963124, 'gap_percent': -0.17397674205657576, 'eps_growth_percent': 11.41732283464567, 'revenue_growth_percent': 14.983337836010138, 'fcf_growth_percent': 0.0}",['Eligible stock; no leadership setup currently qualifies']
ESCORTS,Escorts Kubota Ltd.,Industrials,Capital Goods,Agricultural Commercial & Construction Vehicles,Tractors,2820.8999,5.758628575713254,2.9262560659685466,-4.981814201023993,-3.387221727515588,-9.794707725761064,-20.97212774898446,2822.31499,2963.292002,2957.9199999999996,3154.6160035000003,False,False,False,False,2.7463358665894426,2.5053913043908627,-1.7496766802174342,19.054150070422725,1.9105550629675188,143154646.72,3987.8,2550.1001,18.835627657760828,-29.261750840062195,-7.946604129854217,29,False,False,False,False,-6.34886424519088,False,False,False,False,False,False,False,False,False,False,Monitor,[],0,"{'market_cap_inr': 306694128077.0, 'relative_volume': 0.34537248725383723, 'gap_percent': 0.6964638305510713, 'eps_growth_percent': -72.37712665406426, 'revenue_growth_percent': 28.299434011319775, 'fcf_growth_percent': 0.0}",['Eligible stock; no leadership setup currently qualifies']
EMAMILTD,Emami Ltd.,Fast Moving Consumer Goods,Fast Moving Consumer Goods,Personal Products,Personal Care,377.75,1.3685764121830202,-2.9543994861913947,2.593699076588818,-9.271045994956173,-9.477594057033311,-30.310856932017337,376.3675,388.585,394.24538461538464,432.385,True,False,False,False,3.427247801834168,2.8555396742515584,-0.8135745918103379,12.548315847598012,1.5705827124864888,761420693.765,560.0,361.15,8.348001005783265,-32.54464285714286,-10.987717859363979,21,False,False,False,False,-6.38747895190078,False,False,False,False,False,False,False,False,False,False,Monitor,[],0,"{'market_cap_inr': 164874557877.0, 'relative_volume': 0.2236446553833028, 'gap_percent': -0.4261552803302613, 'eps_growth_percent': -16.382769525125568, 'revenue_growth_percent': 14.94541472640998, 'fcf_growth_percent': 0.0}",['Eligible stock; no leadership setup currently qualifies']
ASTRAL,Astral Ltd.,Industrials,Capital Goods,Industrial Products,Plastic Products - Industrial,1362.1,1.3467261904761774,-2.637598284488929,-8.901819154628154,0.1912467819050967,-10.711242215667005,-1.0389421679744437,1406.73,1459.51,1440.5907692307692,1503.905,False,False,False,False,2.2512506948304636,2.0876306350109686,-2.9646443999343255,14.535369652761965,1.3825209034444745,693229163.98,1768.7,1311.6,11.047910741632025,-22.98863572115114,-1.9349924182084477,44,False,False,False,False,-6.443015301257057,False,False,False,False,False,False,False,False,False,False,Monitor,[],0,"{'market_cap_inr': 384169709473.0, 'relative_volume': 1.334929379673522, 'gap_percent': 0.021012817818866325, 'eps_growth_percent': 47.95627691288506, 'revenue_growth_percent': 15.927123126652953, 'fcf_growth_percent': 0.0}",['Eligible stock; no leadership setup currently qualifies']
NH,Narayana Hrudayalaya Ltd.,Healthcare,Healthcare,Healthcare Services,Hospital,1722.4,-1.0910761456299545,-5.367836932036695,-7.323110034974434,-12.948549479429893,-0.3356093044786457,-1.745579007415854,1851.2450000000001,1877.8060020000003,1908.1261553846155,1853.4505004999999,False,False,False,False,3.1658483179616512,2.567964264504737,-2.6141286802859183,13.476836686944328,1.5531780125405676,249515773.9,2093.3,1589.0,26.45250842752331,-17.718435006926867,-2.0824362940700527,44,False,True,False,False,-6.497013548335529,False,False,False,False,False,False,False,False,False,False,Monitor,[],0,"{'market_cap_inr': 352328236990.0, 'relative_volume': 0.7538363411889837, 'gap_percent': 0.16248839368616264, 'eps_growth_percent': 5.352956364575265, 'revenue_growth_percent': 78.04612182695989, 'fcf_growth_percent': 0.0}",['Eligible stock; no leadership setup currently qualifies']
SBILIFE,SBI Life Insurance Company Ltd.,Financial Services,Financial Services,Insurance,Life Insurance,1709.5,-0.7028345724906959,-1.0763266014698125,-3.690140845070422,-4.443823365008381,-10.215336134453779,-4.235056859559682,1719.1,1772.614,1787.5184615384615,1875.9,False,False,False,False,2.4886140475494094,2.1920648884951865,-1.4307178060361023,8.37921229354468,1.56010222748791,1663223931.5,2132.0,1652.9,11.81381757461906,-19.817073170731703,-3.122070791614761,41,False,False,False,False,-6.5640078428020505,False,False,False,False,False,False,False,False,False,False,Monitor,[],0,"{'market_cap_inr': 1719936640841.0, 'relative_volume': 0.8725659981153354, 'gap_percent': -0.121661549157054, 'eps_growth_percent': 21.85739822590981, 'revenue_growth_percent': 19.732743415896962, 'fcf_growth_percent': 0.0}",['Eligible stock; no leadership setup currently qualifies']
SBIN,State Bank of India,Financial Services,Financial Services,Banks,Public Sector Bank,958.0,0.4087621842574052,-0.4158004158004158,-5.7179411475248525,-5.792113285475464,-7.9686824535280305,10.457742419001503,982.2450000000001,1021.3860000000001,1023.3538461538461,1042.06925,False,False,False,False,1.5258723531166127,1.4152317982583407,-4.067103657558638,7.020511736096435,1.1379455912117145,7118188918.5,1234.7,857.25,26.69227712279772,-22.41030209767555,1.3185225707463832,52,False,False,False,False,-6.644197918208838,False,False,False,False,False,False,False,False,False,False,Monitor,[],0,"{'market_cap_inr': 8795074305288.0, 'relative_volume': 0.7384437067112014, 'gap_percent': -0.010482180293503432, 'eps_growth_percent': 9.96203096454821, 'revenue_growth_percent': 7.826754627861413, 'fcf_growth_percent': 0.0}",['Eligible stock; no leadership setup currently qualifies']
AIAENG,AIA Engineering Ltd.,Industrials,Capital Goods,Industrial Products,Castings & Forgings,3863.2,1.0145408695361624,-1.4338904279708742,-7.127922344018933,-19.73405360482028,4.963999456595558,25.841236712636785,3985.0949800000003,4279.277992,4378.783070769231,4134.243003,False,False,False,False,3.1548605153388762,2.77406864499417,-3.081939307739539,14.014214219548426,1.7911888181106883,122280274.28,5180.0,3045.0,38.32318501170959,-25.42084942084942,6.116393172563729,62,False,False,False,False,-6.703299565053607,False,False,False,False,False,False,False,False,False,False,Monitor,[],0,"{'market_cap_inr': 360067290697.0, 'relative_volume': 0.5466262970281931, 'gap_percent': -0.18144116122343182, 'eps_growth_percent': -0.2241875135285507, 'revenue_growth_percent': 12.423722054761017, 'fcf_growth_percent': 0.0}",['Eligible stock; no leadership setup currently qualifies']
HINDPETRO,Hindustan Petroleum Corporation Ltd.,Energy,Oil Gas & Consumable Fuels,Petroleum Products,Refineries & Marketing,342.35,-0.7681159420289796,-0.02920134326177548,-3.96914446002804,-11.503166602042135,-4.371508379888267,-23.291507954290836,350.5775,366.81199999999995,373.2361538461538,395.17900000000003,False,False,False,False,2.2783700890901133,2.22923514502913,-2.927009664980333,8.303677342823246,1.4250061478508977,1136847908.675,508.45,316.2,13.602080624187273,-32.66791228242698,-8.892544145166534,26,False,True,False,False,-6.766997777677064,False,False,False,False,False,False,False,False,False,False,Monitor,[],0,"{'market_cap_inr': 729949486001.0, 'relative_volume': 3.195599806343035, 'gap_percent': -0.18942153577152188, 'eps_growth_percent': -398.34264152505966, 'revenue_growth_percent': 26.85209238718261, 'fcf_growth_percent': 0.0}",['Eligible stock; no leadership setup currently qualifies']
JKCEMENT,J.K. Cement Ltd.,Commodities,Construction Materials,Cement & Cement Products,Cement & Cement Products,4981.5,0.5957189014539566,-0.24031240612796267,-2.006491590439663,-6.5735183795949,-10.064993681169888,-21.153846153846157,4968.85,5175.42,5248.746153846154,5394.1825,True,False,False,False,3.3774967379303424,3.014923817380358,-1.1093844251777334,11.826347305389229,2.346517083024279,177494959.5,6764.5,4671.5,14.811275680840899,-26.35819351023727,-8.432481209367552,27,False,False,False,False,-6.828351802936086,False,False,False,False,False,False,False,False,False,False,Monitor,[],0,"{'market_cap_inr': 389799157439.0, 'relative_volume': 1.019249298187182, 'gap_percent': -0.5944125222904696, 'eps_growth_percent': -14.47189790931306, 'revenue_growth_percent': 20.259028256272117, 'fcf_growth_percent': 0.0}",['Eligible stock; no leadership setup currently qualifies']
TATACHEM,Tata Chemicals Ltd.,Commodities,Chemicals,Chemicals & Petrochemicals,Commodity Chemicals,617.4,1.5794669299111552,-3.749317951516107,-1.2318029115341633,-13.091216216216218,-4.949580478793003,-33.29011345218801,650.9875,652.221,663.4253846153846,703.079,False,False,False,False,6.220209172104213,4.124317506972748,-0.8583046628222051,38.66666666666667,5.504697427205562,734010491.675,944.5,580.3,10.186710598572219,-34.632080465854955,-12.051958595476545,18,False,False,False,False,-6.869708595076418,False,False,False,False,False,False,False,False,False,False,Monitor,[],0,"{'market_cap_inr': 155388590827.0, 'relative_volume': 0.568850917721211, 'gap_percent': 0.36077402427026, 'eps_growth_percent': -106.74599162943043, 'revenue_growth_percent': 14.412476472169939, 'fcf_growth_percent': 0.0}",['Eligible stock; no leadership setup currently qualifies']
BALKRISIND,Balkrishna Industries Ltd.,Consumer Discretionary,Automobile and Auto Components,Auto Components,Tyres & Rubber Products,2066.5,-0.8159347252219784,-5.436324532100867,-11.20611867829675,-8.359201773835922,-2.8626446771949143,-9.948579396897339,2174.965015,2285.76201,2249.700006153846,2276.9895014999997,False,False,False,False,2.56437592893436,2.271656684376522,-3.7406811316534876,12.52379874682996,1.502929825131832,338232406.43,2775.0,1970.0,11.987577639751553,-25.531531531531527,-4.736561392829234,37,False,True,False,False,-6.872308161294726,False,False,False,False,False,False,False,False,False,False,Monitor,[],0,"{'market_cap_inr': 387997264486.0, 'relative_volume': 1.3223636515726076, 'gap_percent': 0.40865145021429505, 'eps_growth_percent': 56.35439507017226, 'revenue_growth_percent': 25.190034854819892, 'fcf_growth_percent': 0.0}",['Eligible stock; no leadership setup currently qualifies']
TECHNOE,Techno Electric & Engineering Company Ltd.,Industrials,Construction,Construction,Civil Construction,978.6,-2.0028039254956886,-2.7429934406678624,0.508396240949005,-9.831383027734264,-9.237618252643298,-26.888307807246914,988.86,992.773,1002.8161538461538,1070.838,False,False,False,False,3.910469767306063,3.329395254510362,-0.36507567526021534,12.954059829059839,1.884263355567252,124442508.705,1389.6,870.0,20.90069284064666,-29.5768566493955,-10.341840064156344,23,False,False,False,False,-7.00893230052706,False,False,False,False,False,False,False,False,True,False,65 DMA Setup,[],0,"{'market_cap_inr': 114869084907.0, 'relative_volume': 1.5627404690525009, 'gap_percent': 0.2833147829606464, 'eps_growth_percent': -31.435723928162535, 'revenue_growth_percent': 19.84261579469708, 'fcf_growth_percent': 0.0}",['Eligible stock; no leadership setup currently qualifies']
IOB,Indian Overseas Bank,Financial Services,Financial Services,Banks,Public Sector Bank,31.35,3.19289005924952,-1.2287334593572674,-6.557377049180313,-6.334030475052277,-7.956547269524372,-21.40887440461269,31.991500000000002,32.891799999999996,33.17446153846154,34.0394,False,False,False,False,1.950330371383005,1.8459358339721663,-2.403434088875819,11.240438975723311,1.1769787820248772,55538582.7,41.8,30.07,10.912190963341871,-24.99999999999999,-8.499216603779299,27,False,False,False,False,-7.038873836373124,False,False,False,False,False,False,False,False,False,False,Monitor,[],0,"{'market_cap_inr': 596954285156.0, 'relative_volume': 0.48185006884989934, 'gap_percent': 0.0, 'eps_growth_percent': 45.63725490196078, 'revenue_growth_percent': 23.341768269304502, 'fcf_growth_percent': 0.0}",['Eligible stock; no leadership setup currently qualifies']
CENTRALBK,Central Bank of India,Financial Services,Financial Services,Banks,Public Sector Bank,30.31,1.0333333333333306,-0.9153318077803285,-2.4774774774774744,-3.0079999999999996,-13.449457452884072,-19.814814814814806,30.754,30.9096,31.13123076923077,33.9411,False,False,False,False,2.017250318141113,1.7527098477055147,-0.9616309810532241,8.870967741935477,1.3690063553402154,134312581.685,40.92,29.32,8.534482758620674,-25.928641251221908,-8.225379227329348,28,False,False,False,False,-7.051952350522997,False,False,False,False,False,False,False,False,True,False,65 DMA Setup,[],0,"{'market_cap_inr': 275434146366.0, 'relative_volume': 1.101088497304732, 'gap_percent': -0.06570302233902618, 'eps_growth_percent': 3.2125962013697733, 'revenue_growth_percent': 2.9229278076792657, 'fcf_growth_percent': 0.0}",['Eligible stock; no leadership setup currently qualifies']
NHPC,NHPC Ltd.,Utilities,Power,Power,Power Generation,72.0,0.34843205574912606,-3.3557046979865723,-5.573770491803276,-8.641035401598785,-6.626896641161972,-17.174738295180035,75.1115,76.2726,77.01753846153846,77.73325,False,False,False,False,1.7787698412698407,1.657110976694692,-3.1492267207787354,10.87544483985765,0.9784316426204236,708194751.185,88.12,70.25,9.792949076664799,-18.293236495687704,-7.259290830470853,30,False,False,False,False,-7.068563669975182,False,False,False,False,False,False,False,False,False,False,Monitor,[],0,"{'market_cap_inr': 728064111064.0, 'relative_volume': 1.4972353186544383, 'gap_percent': 0.0, 'eps_growth_percent': 2.905112242973018, 'revenue_growth_percent': 18.4997681850288, 'fcf_growth_percent': 0.0}",['Eligible stock; no leadership setup currently qualifies']
KSB,KSB Ltd.,Industrials,Capital Goods,Industrial Products,Compressors Pumps & Diesel Engines,803.95,-0.3100006200012384,-1.8495910145281402,-0.8203799654576849,-13.22719913653534,-5.667351129363441,-1.1496372802163868,807.4125,811.0110000000001,834.6892307692308,818.85225,False,False,False,False,4.070526774053115,3.4810607439302133,-0.21388919753074914,18.265440210249672,2.5488329175539692,101184919.62,1028.3,666.65,37.96488317433985,-21.817562968005433,-2.5974292272245005,42,False,False,False,False,-7.101555140897167,False,False,False,False,False,False,False,False,False,True,200 DMA Setup,[],0,"{'market_cap_inr': 139535940697.0, 'relative_volume': 0.12356467975360931, 'gap_percent': 0.06238303181534623, 'eps_growth_percent': -18.75108155546216, 'revenue_growth_percent': 3.59982000899955, 'fcf_growth_percent': 0.0}",['Eligible stock; no leadership setup currently qualifies']
DALBHARAT,Dalmia Bharat Ltd.,Commodities,Construction Materials,Cement & Cement Products,Cement & Cement Products,1673.7,-0.4993757802746468,-1.5586401599811839,-5.5047425474254785,-6.434481216457955,-8.82000435824798,-24.85183189655171,1711.105,1784.418,1788.743076923077,1883.7139965000001,False,False,False,False,2.9895270529792852,2.8613142267998426,-2.075482848847962,11.30605484326117,1.7026984605989748,97177444.97999999,2319.8999,1605.0,9.609736971567635,-27.854645797432898,-9.658358488066282,24,False,False,False,False,-7.156255805915846,False,False,False,False,False,False,False,False,False,False,Monitor,[],0,"{'market_cap_inr': 307598768062.0, 'relative_volume': 1.0347968889553525, 'gap_percent': -0.24388756783122983, 'eps_growth_percent': -52.16320569664054, 'revenue_growth_percent': 6.985698569856985, 'fcf_growth_percent': 0.0}",['Eligible stock; no leadership setup currently qualifies']
ANURAS,Anupam Rasayan India Ltd.,Commodities,Chemicals,Chemicals & Petrochemicals,Specialty Chemicals,1164.4,0.06015296038497375,-1.9122230646112182,-5.998223944457893,-7.5652933238072535,-7.6459390862944066,9.302543884351833,1191.5,1213.9180000000001,1224.5846153846153,1273.5495,False,False,False,False,2.63287039309025,2.641131634159656,-1.5493311885212695,11.623946943896769,1.630123595001555,253156258.18,1415.0,1047.9,31.73522201035141,-17.710247349823316,0.5834485913986658,51,False,False,False,False,-7.205784283964775,False,False,False,False,False,False,False,False,False,False,Monitor,[],0,"{'market_cap_inr': 132777382764.99998, 'relative_volume': 2.7315118893886092, 'gap_percent': 0.008582954252865541, 'eps_growth_percent': 9.618552372339398, 'revenue_growth_percent': 34.817537930168555, 'fcf_growth_percent': 0.0}",['Eligible stock; no leadership setup currently qualifies']
HCLTECH,HCL Technologies Ltd.,Information Technology,Information Technology,IT - Software,Computers - Software & Consulting,1201.9,-3.3142949078915462,-4.047581031454561,-7.074377609401572,4.914455307262577,-17.953443921086766,-13.749551489056323,1242.135,1296.1019999999999,1275.2353846153846,1341.2035,False,False,False,False,2.616095943327826,2.4772080625670254,-2.7782241058819235,7.886593627163996,1.7474332675298203,3134008126.925,1780.1,1030.0,22.91694440741236,-32.481321274085715,-6.465917363035583,33,False,True,False,False,-7.229912613243197,False,False,False,False,False,False,False,False,False,False,Monitor,[],0,"{'market_cap_inr': 3212436805745.0, 'relative_volume': 0.8829591895752493, 'gap_percent': 0.0, 'eps_growth_percent': 20.395201129146077, 'revenue_growth_percent': 13.937856272035324, 'fcf_growth_percent': 0.0}",['Eligible stock; no leadership setup currently qualifies']
PGEL,PG Electroplast Ltd.,Consumer Discretionary,Consumer Durables,Consumer Durables,Consumer Electronics,487.7,1.3718561629598724,-3.806706114398428,-13.266939356215534,-13.3285942775902,1.6465193830762725,-5.144413109014878,519.145,566.35,572.2492307692307,552.32875,False,False,False,False,2.7739535428688624,2.6414131651829975,-5.006274268367932,18.04242806133165,1.695841077693858,416819381.84000003,644.4,436.55,24.609093095982672,-24.317194289261323,-3.4940335160095266,40,False,False,False,False,-7.323135082979944,False,False,False,False,False,False,False,False,False,False,Monitor,[],0,"{'market_cap_inr': 149902263611.0, 'relative_volume': 1.3025491144334942, 'gap_percent': -0.3448275862068878, 'eps_growth_percent': 13.733905579399133, 'revenue_growth_percent': 35.24998231207041, 'fcf_growth_percent': 0.0}",['Eligible stock; no leadership setup currently qualifies']
ARE&M,Amara Raja Energy & Mobility Ltd.,Consumer Discretionary,Automobile and Auto Components,Auto Components,Auto Components & Equipments,741.6,-0.7760235483007749,-4.303503451835599,-14.186530895626015,-11.196263920488569,0.1959062352225871,-25.769481006956607,790.9625,864.687,869.6461538461539,849.9835,False,False,False,False,2.308714748035138,2.047793253828428,-6.1657083775398585,15.034370108214802,1.0171847767740463,293967635.85,1023.0,670.0,20.283286118980175,-27.507331378299117,-9.721593971384316,24,False,True,False,False,-7.386962601988468,False,False,False,False,False,False,False,False,False,False,Monitor,[],0,"{'market_cap_inr': 134258250673.0, 'relative_volume': 1.0574021849642339, 'gap_percent': -0.02727582679850603, 'eps_growth_percent': 15.861486861686751, 'revenue_growth_percent': 23.91769673162641, 'fcf_growth_percent': 0.0}",['Eligible stock; no leadership setup currently qualifies']
ASHOKLEY,Ashok Leyland Ltd.,Industrials,Capital Goods,Agricultural Commercial & Construction Vehicles,Commercial Vehicles,152.6,1.408825093035615,-1.6879268135549519,-9.704142011834326,-2.31724491102292,-10.4354971240756,9.163745618427654,159.1285,167.00599999999997,164.34461538461537,171.3752,False,False,False,False,2.3314922299194922,2.167098219919905,-3.6997924664651918,14.59259259259258,1.7008288532769387,1564068920.655,215.42,134.21,22.64499445881048,-29.1616377309442,0.46106609337667326,50,False,False,False,False,-7.411270071446843,False,False,False,False,False,False,False,False,False,False,Monitor,[],0,"{'market_cap_inr': 877260204259.0, 'relative_volume': 1.3409525944499738, 'gap_percent': 0.20107238605898886, 'eps_growth_percent': 0.7592503604036538, 'revenue_growth_percent': 11.624421149007476, 'fcf_growth_percent': 0.0}",['Eligible stock; no leadership setup currently qualifies']
TATAPOWER,Tata Power Co. Ltd.,Utilities,Power,Power,Integrated Power Utilities,351.5,0.38554905040697474,-2.873722022658187,-4.483695652173914,-5.536146197258807,-10.94502153534329,-10.990124082046082,363.24249999999995,368.88800000000003,370.9769230769231,386.31300000000005,False,False,False,False,1.9619995935785433,1.7583324738028316,-2.4024601388262896,9.021362586605086,1.180329770239462,1053953889.875,464.9,342.5,7.35294117647059,-24.392342439234238,-5.7596105077556645,34,False,False,False,False,-7.436583696221377,False,False,False,False,False,False,False,False,False,False,Monitor,[],0,"{'market_cap_inr': 1102392161865.0, 'relative_volume': 1.466234098614006, 'gap_percent': 0.5359988410835934, 'eps_growth_percent': 10.645482227380986, 'revenue_growth_percent': 5.634522072828107, 'fcf_growth_percent': 0.0}",['Eligible stock; no leadership setup currently qualifies']
ZYDUSWELL,Zydus Wellness Ltd.,Fast Moving Consumer Goods,Fast Moving Consumer Goods,Food Products,Packaged Foods,483.8,-1.9158641662442966,-7.742181540808534,-9.008839571186765,-13.59171280585818,-1.1644535240040832,4.166218107438913,529.4575,529.021,540.3623076923077,488.92900000000003,False,False,False,False,3.631961259079902,3.0687624171974757,-2.3535641622292225,18.599585062240664,1.8736713404985539,87236856.245,611.85,367.55,47.584936553417926,-20.9283321075427,-0.9712006875101755,45,False,True,False,False,-7.475090784448687,False,False,False,False,False,False,False,False,False,True,200 DMA Setup,[],0,"{'market_cap_inr': 161593820415.0, 'relative_volume': 0.5942462972331882, 'gap_percent': -0.7683972022460908, 'eps_growth_percent': -7.037313432835815, 'revenue_growth_percent': 66.91834127076316, 'fcf_growth_percent': 0.0}",['Eligible stock; no leadership setup currently qualifies']
GMRAIRPORT,GMR Airports Ltd.,Services,Services,Transport Infrastructure,Airport & Airport services,92.79,-0.3971661657363623,-2.0686015831134497,-4.7819394561313455,-16.412935771552107,-1.8406854966677155,3.931451612903225,96.1545,99.44879999999999,102.16107692307693,99.79764999999999,False,False,False,False,2.501809000354103,2.389204558639332,-2.6763460898008216,11.016113120683979,2.0381004809357495,977150173.915,115.64,84.11,27.529337139232496,-19.759598754756137,-1.3157709518351401,45,False,False,False,False,-7.67628658274316,False,False,False,False,False,False,False,False,False,False,Monitor,[],0,"{'market_cap_inr': 966146266113.0, 'relative_volume': 4.300835092503021, 'gap_percent': -0.9650180940892592, 'eps_growth_percent': 0.0, 'revenue_growth_percent': 23.672560159489333, 'fcf_growth_percent': 0.0}",['Eligible stock; no leadership setup currently qualifies']
IGL,Indraprastha Gas Ltd.,Energy,Oil Gas & Consumable Fuels,Gas,LPG/CNG/PNG/LNG Supplier,142.1,-0.4832271167448665,-0.9341885108756331,-10.086054163502912,-5.342392752464697,-8.381689232753065,-32.01932736927714,147.6225,149.907,150.40492307692307,162.12825,False,False,False,False,2.0765054790389033,1.7710823188870262,-2.508009545115915,11.458333333333348,0.9060520284800658,151117777.08499998,223.5,139.2,3.4400948991696385,-36.42058165548099,-12.091287218648738,18,False,False,False,False,-7.7440266973395975,False,False,False,False,False,False,False,False,False,False,Monitor,[],0,"{'market_cap_inr': 204890240790.0, 'relative_volume': 0.9454780149565088, 'gap_percent': -0.9224461906388756, 'eps_growth_percent': -43.96658617764145, 'revenue_growth_percent': 17.187787429739394, 'fcf_growth_percent': 0.0}",['Eligible stock; no leadership setup currently qualifies']
COLPAL,Colgate Palmolive (India) Ltd.,Fast Moving Consumer Goods,Fast Moving Consumer Goods,Personal Products,Personal Care,1775.0,2.3054755043227626,-3.8409447965761956,-2.9630439536409425,-12.133062719667343,-6.90722190171501,-19.824740043576494,1822.9599999999998,1901.278002,1938.26462,2031.4884984999999,False,False,False,False,2.455533199195171,2.0172239094646036,-2.704806915485201,11.753394324340082,1.6514078040622202,589899553.7,2329.8999,1716.1,9.595961159328976,-23.816469540172093,-8.619786781948493,27,False,False,False,False,-7.750221700979809,False,False,False,False,False,False,False,False,False,False,Monitor,[],0,"{'market_cap_inr': 478694702148.0, 'relative_volume': 0.7105881383425771, 'gap_percent': 0.15932627745532915, 'eps_growth_percent': 7.0053698221087295, 'revenue_growth_percent': 11.801458795308426, 'fcf_growth_percent': 0.0}",['Eligible stock; no leadership setup currently qualifies']
TATACAP,Tata Capital Ltd.,Financial Services,Financial Services,Finance,Non Banking Financial Company (NBFC),317.6,-0.5324146570623189,-3.2002438281011902,-15.317957605652577,-8.274368231046925,-2.621493177985579,0.0,343.28499999999997,357.522,356.21846153846155,340.68550000000005,False,False,False,False,2.984436847786973,2.4248966829100262,-3.7415118560776404,17.748365491947048,1.71961550334326,427894268.375,390.2,296.0,22.92993630573251,-18.605843157355196,-2.275209577403356,43,False,True,False,False,-7.774115553473799,False,False,False,False,False,False,False,False,False,False,Monitor,[],0,"{'market_cap_inr': 1352212964007.0, 'relative_volume': 0.8996986123190477, 'gap_percent': -0.7955077211043554, 'eps_growth_percent': 38.73052071455721, 'revenue_growth_percent': 14.73975024864626, 'fcf_growth_percent': 0.0}",['Eligible stock; no leadership setup currently qualifies']
CANBK,Canara Bank,Financial Services,Financial Services,Banks,Public Sector Bank,118.5,0.1182832037850634,-1.7820140903439752,-5.5776892430278835,-2.1873710276516745,-14.074396345442675,-5.877680698967436,122.646,125.9628,126.01969230769231,135.8194,False,False,False,False,1.8722121760096435,1.6571388566295966,-3.164495129482225,9.5184962664149,1.0859188406605536,1401233279.755,162.89,116.51,4.290642518326856,-27.251519430290372,-4.491595182088199,38,False,False,False,False,-7.789760708612127,False,False,False,False,False,False,False,False,False,False,Monitor,[],0,"{'market_cap_inr': 1079407512695.0, 'relative_volume': 1.0292602664039558, 'gap_percent': 0.0, 'eps_growth_percent': 3.038011221157838, 'revenue_growth_percent': -4.212684335102654, 'fcf_growth_percent': 0.0}",['Eligible stock; no leadership setup currently qualifies']
BANKBARODA,Bank of Baroda,Financial Services,Financial Services,Banks,Public Sector Bank,232.8,0.8578112815180727,2.3296703296703303,-2.5941422594142227,-3.181534622582649,-15.110851808634774,-11.801477552566764,233.7045,239.81119999999999,241.4893846153846,269.1434,False,False,False,False,1.7783505154639156,1.5929620085631402,-1.6440140640105443,6.987758019837376,1.1872918982616432,1619293039.19,325.5,223.82,8.83162863886705,-28.479262672811057,-6.380679728316322,33,False,False,False,False,-7.806413406211393,False,False,False,False,False,False,False,False,False,False,Monitor,[],0,"{'market_cap_inr': 1212942929820.0, 'relative_volume': 2.131925652296286, 'gap_percent': 0.0, 'eps_growth_percent': -48.59579035239401, 'revenue_growth_percent': 7.583944031063301, 'fcf_growth_percent': 0.0}",['Eligible stock; no leadership setup currently qualifies']
IFCI,IFCI Ltd.,Financial Services,Financial Services,Finance,Financial Institution,64.28,-1.3202333435677005,-8.887313961729259,-36.59498914973367,-13.017591339648183,14.724254863466001,10.541702493551174,76.029,79.443,78.0706153846154,67.08445,False,False,False,False,5.2004622633122946,5.189082336422621,-3.6701815665072335,62.03660253402159,3.3291561325371974,4890745860.450001,107.5,46.23,29.45976823894239,-40.2046511627907,1.7136650743349913,54,False,True,False,False,-7.8152023109238815,False,False,False,False,False,False,False,False,False,False,Monitor,[],0,"{'market_cap_inr': 172489986615.0, 'relative_volume': 5.280508129435376, 'gap_percent': -0.04685303763860868, 'eps_growth_percent': -16.059379217273957, 'revenue_growth_percent': -19.585937148765904, 'fcf_growth_percent': 0.0}",['Eligible stock; no leadership setup currently qualifies']
AAVAS,Aavas Financiers Ltd.,Financial Services,Financial Services,Finance,Housing Finance Company,1219.5,2.401545049962195,-3.8021613946517374,-6.033287101248264,-19.03465675209136,0.843463160506075,-25.540359018195137,1272.6399999999999,1321.0420000000001,1357.8507692307692,1353.2625,False,False,False,False,3.411819832484042,2.774907746254772,-2.252905619899101,15.027416038382446,1.5201782780667292,102157767.72,1771.9,1060.4,22.361208713984524,-31.175574242338733,-10.195201935914863,23,False,False,False,False,-7.8330663743416125,False,False,False,False,False,False,False,False,False,False,Monitor,[],0,"{'market_cap_inr': 97535990530.0, 'relative_volume': 0.41734669187218454, 'gap_percent': -0.1867337825769225, 'eps_growth_percent': 23.266475644699156, 'revenue_growth_percent': 12.925034107835065, 'fcf_growth_percent': 0.0}",['Eligible stock; no leadership setup currently qualifies']
AADHARHFC,Aadhar Housing Finance Ltd.,Financial Services,Financial Services,Finance,Housing Finance Company,453.7,1.1819803746654811,3.8333905481176433,-6.1730948195636515,-13.613861386138627,-3.8771186440678007,-11.030493185606428,454.575,473.963,484.12615384615384,481.288,False,False,False,False,2.742529676627097,2.6417768618621484,-1.558863071401036,13.023636789141113,1.5059897187499611,106470898.62,563.0,427.3,19.45467943994103,-19.413854351687387,-5.9241890437695375,34,False,False,False,False,-7.858972647666552,False,False,False,False,False,False,False,False,False,False,Monitor,[],0,"{'market_cap_inr': 199973036327.0, 'relative_volume': 0.5791232267377434, 'gap_percent': 0.0, 'eps_growth_percent': 18.435754189944138, 'revenue_growth_percent': 17.13181572579698, 'fcf_growth_percent': 0.0}",['Eligible stock; no leadership setup currently qualifies']
BSE,BSE Ltd.,Financial Services,Financial Services,Capital Markets,Exchange and Data Platform,3179.6001,4.386083388049911,2.650527845036321,-6.751126165757526,-14.96349348871403,-2.388401866163248,51.88689461578746,3226.815,3341.24201,3420.4553907692307,3330.9660074999997,False,False,False,False,3.084843683869013,2.8999944420695445,-1.5682412680823048,15.090000000000003,2.2476410992027307,12546228305.0,4446.7998,2102.0,45.9570194436216,-28.496891180034677,12.973529602447062,73,False,False,False,False,-7.880365008954591,False,False,False,False,False,False,False,False,False,False,Monitor,[],0,"{'market_cap_inr': 1366895686523.0, 'relative_volume': 0.5435357357801892, 'gap_percent': -0.02979737783075089, 'eps_growth_percent': 61.33627472386818, 'revenue_growth_percent': 63.408492508018576, 'fcf_growth_percent': 0.0}",['Eligible stock; no leadership setup currently qualifies']
ZENSARTECH,Zensar Technolgies Ltd.,Information Technology,Information Technology,IT - Software,Computers - Software & Consulting,451.5,3.948428686543104,3.3890542706663584,-2.1774455638609025,0.08867213478163105,-18.516513264753655,-40.607734806629836,434.9625,467.055,475.44692307692304,537.935,True,False,False,False,3.1561461794019925,3.4400955714662516,-1.0552245340202813,15.318995554487568,2.0002303331120106,427485394.635,822.0,416.15,8.710114574350134,-45.07299270072993,-15.164199147696841,12,True,False,False,False,-7.919931449693117,False,False,False,False,False,False,False,False,False,False,Monitor,[],0,"{'market_cap_inr': 100033102256.0, 'relative_volume': 1.7518052546807945, 'gap_percent': 1.1837013430457521, 'eps_growth_percent': 0.8838383838383874, 'revenue_growth_percent': 8.902527075812275, 'fcf_growth_percent': 0.0}",['Eligible stock; no leadership setup currently qualifies']
HDFCAMC,HDFC Asset Management Company Ltd.,Financial Services,Financial Services,Capital Markets,Asset Management Company,2346.0,1.6420388353174165,1.8981018981018893,-4.568197534881834,-11.77797833935017,-6.7196819085487025,-16.079413342872474,2378.440005,2484.2120019999998,2521.256923076923,2587.9510025,False,False,False,False,2.159298197539886,1.779641976694514,-2.576585033964252,10.475419421580522,1.551369006428425,1287710429.145,2967.25,2205.6001,18.433653047154593,-20.936894430870336,-7.591928715894235,29,False,False,False,False,-7.952214565912499,False,False,False,False,False,False,False,False,False,False,Monitor,[],0,"{'market_cap_inr': 989893796367.0, 'relative_volume': 1.1552561859279211, 'gap_percent': -0.4665629860031183, 'eps_growth_percent': 11.774842044801842, 'revenue_growth_percent': 13.437010889473507, 'fcf_growth_percent': 0.0}",['Eligible stock; no leadership setup currently qualifies']
SUMICHEM,Sumitomo Chemical India Ltd.,Commodities,Chemicals,Fertilizers & Agrochemicals,Pesticides & Agrochemicals,414.7,-0.6944444444444531,-4.39193083573487,-15.950547223348199,-11.218154570755734,-0.1083945561845101,-22.961174066505663,452.23999999999995,497.199,502.83,456.759,False,False,False,False,3.1184332908470833,2.9403536545606257,-5.320861808641851,21.496815286624194,1.646813197410634,116368269.785,572.05,362.6,24.87467175936977,-27.50633685866619,-9.24046723839628,24,False,True,False,False,-7.9573487280753605,False,False,False,False,False,False,False,False,False,False,Monitor,[],0,"{'market_cap_inr': 211038804930.0, 'relative_volume': 0.4553329844754148, 'gap_percent': -0.011849745230480239, 'eps_growth_percent': 20.46236950376445, 'revenue_growth_percent': 0.6214165875741285, 'fcf_growth_percent': 0.0}",['Eligible stock; no leadership setup currently qualifies']
MRF,MRF Ltd.,Consumer Discretionary,Automobile and Auto Components,Auto Components,Tyres & Rubber Products,123330.0,-0.31119912702582964,-0.5683879550126947,-5.5014941383802025,-11.049404976559686,-7.305524239007887,-15.423124399945143,125620.75,129994.6,130675.30769230769,134245.875,False,False,False,False,1.5061217870753263,1.3283684840657306,-3.4039932156701544,6.155036865045416,0.7237441307162842,355722575.0,163600.0,122000.0,3.197115384615384,-24.61491442542787,-7.528645881980926,30,False,False,False,False,-8.164874971994095,False,False,False,False,False,False,False,False,False,False,Monitor,[],0,"{'market_cap_inr': 522137546684.0, 'relative_volume': 0.9714536992927553, 'gap_percent': 0.4143814747105424, 'eps_growth_percent': -1.2893135234159572, 'revenue_growth_percent': 9.639065928052904, 'fcf_growth_percent': 0.0}",['Eligible stock; no leadership setup currently qualifies']
APOLLOTYRE,Apollo Tyres Ltd.,Consumer Discretionary,Automobile and Auto Components,Auto Components,Tyres & Rubber Products,401.6,-0.7782581840642289,3.0800821355236208,-6.506809451751828,-8.633830053463765,-8.799818326331332,-15.12205431681284,407.7975,425.543,426.99538461538464,439.0015,False,False,False,False,3.0520774046670462,2.8357288554356854,-1.8434848415555405,11.19596168780741,1.6696998833809051,205638944.35,540.5,365.3,20.71917808219179,-25.698427382053644,-7.433516649470031,30,False,False,False,False,-8.168470212182807,False,False,False,False,False,False,False,False,False,False,Monitor,[],0,"{'market_cap_inr': 258803638000.0, 'relative_volume': 0.4187412924256438, 'gap_percent': -0.33120706575074155, 'eps_growth_percent': 2619.428007889546, 'revenue_growth_percent': 12.758142769761852, 'fcf_growth_percent': 0.0}",['Eligible stock; no leadership setup currently qualifies']
BEL,Bharat Electronics Ltd.,Industrials,Capital Goods,Aerospace & Defense,Aerospace & Defense,384.85,0.45679979117723146,-0.16861219195849486,-5.057357838904652,-5.581452404317955,-12.484366117111989,-6.7369441415242814,393.9125,399.941,402.0876923076923,418.35900000000004,False,False,False,False,1.664841589487553,1.742064512679097,-2.266465822660901,10.344827586206895,1.5480938832071471,3821309803.42,473.45,377.0,8.138932089165394,-18.713697328123345,-5.042835779904131,37,False,False,False,False,-8.211594248082243,False,False,False,False,False,False,False,False,False,False,Monitor,[],0,"{'market_cap_inr': 2769309746251.0, 'relative_volume': 1.3599221339014118, 'gap_percent': -0.07930214115781427, 'eps_growth_percent': 8.704499208681886, 'revenue_growth_percent': 24.939298247194657, 'fcf_growth_percent': 0.0}",['Eligible stock; no leadership setup currently qualifies']
HDBFS,HDB Financial Services Ltd.,Financial Services,Financial Services,Finance,Non Banking Financial Company (NBFC),622.55,0.7036557748301364,-3.94970300084857,-10.224241113274225,-15.586440677966106,-0.5352292698514227,-19.102072639854462,662.3824999999999,675.232,688.2592307692307,690.1242500000001,False,False,False,False,2.5270488887869003,2.1164840900627326,-3.087419154704895,16.420511118486548,1.2312709699543551,196007529.99,796.7,555.3,27.858326429163206,-21.85891803690223,-8.44391283479249,27,False,False,False,False,-8.22540622354726,False,False,False,False,False,False,False,False,False,False,Monitor,[],0,"{'market_cap_inr': 499473623618.0, 'relative_volume': 0.5689828409952974, 'gap_percent': 0.37493751041493084, 'eps_growth_percent': 32.63009845288325, 'revenue_growth_percent': 10.58135889282035, 'fcf_growth_percent': 0.0}",['Eligible stock; no leadership setup currently qualifies']
ATUL,Atul Ltd.,Commodities,Chemicals,Chemicals & Petrochemicals,Specialty Chemicals,5856.0,-0.08530967411704005,-2.25338007010516,-8.299404948324462,-7.14342345199398,-9.3007047161775,-4.532116074339743,6094.8,6419.64,6378.415384615385,6439.7575,False,False,False,False,1.992461943793911,1.9193289167865522,-4.4065742948297135,10.296654018627116,1.1252374498133604,133667814.5,7180.0,5560.5,18.246372337141093,-18.440111420612816,-4.303088767800402,39,False,True,False,False,-8.295331331750008,False,False,False,False,False,False,False,False,False,False,Monitor,[],0,"{'market_cap_inr': 176612263237.0, 'relative_volume': 0.8218441800481511, 'gap_percent': 0.2666888907408951, 'eps_growth_percent': 91.98527107489815, 'revenue_growth_percent': 25.030446549391066, 'fcf_growth_percent': 0.0}",['Eligible stock; no leadership setup currently qualifies']
CONCOR,Container Corporation of India Ltd.,Services,Services,Transport Services,Logistics Solution Provider,441.45,-0.12443438914027105,-4.344528710725893,-13.245553699518531,-6.620835536753045,-6.80810639645345,-16.161807995442025,477.735,500.532,495.5415384615385,492.15375,False,False,False,False,3.099364108538421,2.5314694098967427,-3.8084717703746134,18.020713463751427,1.7231719487887551,425272617.47,557.0,421.45,14.754703061600885,-20.745062836624772,-7.655492182082748,29,False,True,False,False,-8.351923421324578,False,False,False,False,False,False,False,False,False,False,Monitor,[],0,"{'market_cap_inr': 335873502686.0, 'relative_volume': 1.1689084604120141, 'gap_percent': 0.46617396247868365, 'eps_growth_percent': 0.07429208217847695, 'revenue_growth_percent': 0.28463570808356126, 'fcf_growth_percent': 0.0}",['Eligible stock; no leadership setup currently qualifies']
TCS,Tata Consultancy Services Ltd.,Information Technology,Information Technology,IT - Software,Computers - Software & Consulting,2114.3999,1.898790361445779,2.1103926208528634,-8.229171006944448,2.7654872417983034,-18.331405948242573,-27.137393677845335,2135.72001,2268.38401,2249.3215523076924,2487.621999,False,False,False,False,2.716743480198395,2.3780208891111885,-2.4986803214016833,14.29836646329463,1.4679218282687834,6503828192.075,3350.0,1976.8,10.020383046897752,-36.883585074626865,-11.306119653816529,20,False,False,False,False,-8.421934596403736,False,False,False,False,False,False,False,False,False,False,Monitor,[],0,"{'market_cap_inr': 7540094146484.0, 'relative_volume': 1.414535694055823, 'gap_percent': 1.1392587607556515, 'eps_growth_percent': 4.616187278831322, 'revenue_growth_percent': 13.931932468433248, 'fcf_growth_percent': 0.0}",['Eligible stock; no leadership setup currently qualifies']
ZFCVINDIA,ZF Commercial Vehicle Control Systems India Ltd.,Consumer Discretionary,Automobile and Auto Components,Auto Components,Auto Components & Equipments,2201.3,-1.7715305667112768,-5.637002743484221,-13.738779487392893,-6.075862951742961,-7.300675080001751,-2.661950033163818,2392.69499,2494.4239900000002,2460.2138492307695,2449.967166,False,False,False,False,2.589053221797508,2.434629927659666,-4.53879022509989,16.68185961713764,1.5018010696779676,210497968.26999998,3044.0,2050.3333,15.192891137440789,-27.68396846254927,-3.691046120392409,40,False,True,False,False,-8.481516936958961,False,False,False,False,False,False,False,False,False,False,Monitor,[],0,"{'market_cap_inr': 247111608454.0, 'relative_volume': 0.8404546657512495, 'gap_percent': -0.009207255317181572, 'eps_growth_percent': -14.625549841441066, 'revenue_growth_percent': 9.289225107759174, 'fcf_growth_percent': 0.0}",['Eligible stock; no leadership setup currently qualifies']
TATASTEEL,Tata Steel Ltd.,Commodities,Metals & Mining,Ferrous Metals,Iron & Steel,178.14,0.07865168539324952,-4.380032206119178,-5.641188622278726,-5.345377258235917,-13.18713450292398,2.8462559898389195,184.654,185.8368,186.03507692307693,194.62965,False,False,False,False,2.5068565654621593,2.2974814610580307,-1.652148184158715,9.132290184921764,1.570441362177527,4881869602.825,224.4,160.06,28.10071495181844,-20.6149732620321,-2.4072620872243706,43,False,False,False,False,-8.556032997121845,False,False,False,False,False,False,False,False,False,False,Monitor,[],0,"{'market_cap_inr': 2190859905762.0, 'relative_volume': 1.2288832030155905, 'gap_percent': 0.37576861762697855, 'eps_growth_percent': 11.585329251455674, 'revenue_growth_percent': 14.321999348604288, 'fcf_growth_percent': 0.0}",['Eligible stock; no leadership setup currently qualifies']
MMTC,MMTC Ltd.,Services,Services,Commercial Services & Supplies,Trading & Distributors,56.33,0.07106057914372244,-0.12411347517730098,-12.23122468058586,-11.193441589153396,-4.135466303607894,-19.100962228924313,59.411500000000004,61.8176,62.22446153846154,63.39770000000001,False,False,False,False,2.8112398873982385,2.5392925509689737,-3.157711154005164,16.766467065868262,1.3051351780932976,54615294.120000005,78.35,50.1,22.053097345132738,-28.104658583280152,-8.726448584533955,26,False,False,False,False,-8.629697247793311,False,False,False,False,False,False,False,False,False,False,Monitor,[],0,"{'market_cap_inr': 84330001831.0, 'relative_volume': 0.9426854065101165, 'gap_percent': 1.1032028469750843, 'eps_growth_percent': 135.4794984750932, 'revenue_growth_percent': -50.0, 'fcf_growth_percent': 0.0}",['Eligible stock; no leadership setup currently qualifies']
TEJASNET,Tejas Networks Ltd.,Telecommunication,Telecommunication,Telecom - Equipment & Accessories,Telecom - Equipment & Accessories,463.2,-0.3442340791738441,-5.681124007330485,-24.57868598876496,-13.485244676877095,5.452475811041535,-21.584560690705946,516.5,524.388,526.9484615384615,473.24725,False,False,False,False,3.405656303972367,3.656016277081366,-3.4261998836660648,31.1971372804164,1.8659136245519887,596990002.625,644.75,294.0,48.23948681397006,-28.158200853043812,-9.020215456831405,25,False,True,False,False,-8.683516809681608,False,False,False,False,False,False,False,False,False,True,200 DMA Setup,[],0,"{'market_cap_inr': 83191857147.0, 'relative_volume': 1.2422281803482307, 'gap_percent': 0.2678380115706021, 'eps_growth_percent': -3.4576888080072705, 'revenue_growth_percent': 99.10882265570848, 'fcf_growth_percent': 0.0}",['Eligible stock; no leadership setup currently qualifies']
MAXHEALTH,Max Healthcare Institute Ltd.,Healthcare,Healthcare,Healthcare Services,Hospital,917.0,-2.545299962803549,-8.309169083091694,-6.884646628757107,-15.468289085545717,-3.9740300539295337,-14.234942012719799,1011.985,1025.516,1042.1738461538462,1031.5355,False,False,False,False,3.0775821779093318,2.513470167008416,-3.438283459327726,18.906934205420978,1.9632336215969788,2383251140.655,1221.9,902.05,4.674065968422711,-24.952942139291277,-7.484936811092859,30,False,True,False,True,-8.724674858702091,False,False,False,False,False,False,False,False,False,False,Monitor,[],0,"{'market_cap_inr': 881916386241.0, 'relative_volume': 0.5954354313757967, 'gap_percent': -0.8259911894273128, 'eps_growth_percent': 4.761904761904759, 'revenue_growth_percent': 16.69979334868833, 'fcf_growth_percent': 0.0}",['Eligible stock; no leadership setup currently qualifies']
GODFRYPHLP,Godfrey Phillips India Ltd.,Fast Moving Consumer Goods,Fast Moving Consumer Goods,Cigarettes & Tobacco Products,Cigarettes & Tobacco Products,1876.0,1.421852192247397,-2.8734144447320698,-8.532423208191132,-9.91596638655462,-7.8042068016512705,-45.232671957513624,1939.1299999999999,2063.317998,2073.91692,2159.3910020000003,False,False,False,False,2.5849070971672257,2.2160305847502757,-3.5121123650522112,11.30601092896175,1.694287696024008,308533356.0,3486.0,1830.0,2.7777777777777777,-46.18473895582329,-16.792394631014858,8,False,False,False,False,-8.725376758002408,False,False,False,False,False,False,False,False,False,False,Monitor,[],0,"{'market_cap_inr': 291233551018.0, 'relative_volume': 1.5767957725388062, 'gap_percent': -0.02147766323024543, 'eps_growth_percent': -44.3207984940682, 'revenue_growth_percent': -18.88642174673664, 'fcf_growth_percent': 0.0}",['Eligible stock; no leadership setup currently qualifies']
CEATLTD,Ceat Ltd.,Consumer Discretionary,Automobile and Auto Components,Auto Components,Tyres & Rubber Products,3283.0,-0.1095387297042949,-2.0643159716007387,-0.974270805055355,-16.143039591315457,-7.307019029871819,-5.888083530790144,3328.2150049999996,3461.453996,3507.9261569230766,3545.800013,False,False,False,False,2.686784300073972,2.2562754640089002,-1.918822981564308,10.384735689709101,1.334353026073825,155749109.325,4438.0,3061.2,16.109819872167357,-26.02523659305994,-5.262907212183821,36,False,False,False,False,-8.816439170172977,False,False,False,False,False,False,False,False,False,False,Monitor,[],0,"{'market_cap_inr': 133582380913.0, 'relative_volume': 1.0782786125023187, 'gap_percent': -0.009085677943008023, 'eps_growth_percent': -96.44276736799317, 'revenue_growth_percent': 22.343394505030588, 'fcf_growth_percent': 0.0}",['Eligible stock; no leadership setup currently qualifies']
GILLETTE,Gillette India Ltd.,Fast Moving Consumer Goods,Fast Moving Consumer Goods,Personal Products,Personal Care,6979.0,1.1595883461371193,-1.3150452488687736,-4.931208282250377,-11.214299344825395,-9.180818530808777,-27.286934778078763,7170.125,7404.34,7501.030769230769,7844.57,False,False,False,False,2.0940372136818617,1.8585412350397845,-2.7432505721440372,10.262390670553945,1.2063884345631783,134064744.5,9714.0,6860.0,4.16958654519972,-28.155239859995884,-11.606057996608232,19,False,False,False,False,-8.830134253574993,False,False,False,False,False,False,False,False,False,False,Monitor,[],0,"{'market_cap_inr': 235283178795.0, 'relative_volume': 1.6283331089911985, 'gap_percent': -0.04845296601370527, 'eps_growth_percent': 9.444537636573056, 'revenue_growth_percent': 10.79635499207607, 'fcf_growth_percent': 0.0}",['Eligible stock; no leadership setup currently qualifies']
BHARTIHEXA,Bharti Hexacom Ltd.,Telecommunication,Telecommunication,Telecom - Services,Telecom - Cellular & Fixed line services,1383.1,0.28277262180973484,-3.042411496670183,-7.509696402300403,-9.000592144220022,-9.636743760616751,-15.613178767541191,1485.085,1536.5539999999999,1551.3815384615384,1571.4285,False,False,False,False,2.602848673270194,2.2077199621304486,-3.8369087111665245,14.777387229056838,1.6768858341453614,118814701.72,1955.6,1365.6,2.9661016949152543,-29.2749028431172,-8.074055180245512,28,False,False,False,False,-8.882328855298809,False,False,False,False,False,False,False,False,False,False,Monitor,[],0,"{'market_cap_inr': 739625000000.0, 'relative_volume': 1.2458716599795117, 'gap_percent': -0.5345422559036532, 'eps_growth_percent': 23.186925434116443, 'revenue_growth_percent': 10.910296067167478, 'fcf_growth_percent': -6.052985151755262}",['Eligible stock; no leadership setup currently qualifies']
RAMCOCEM,The Ramco Cements Ltd.,Commodities,Construction Materials,Cement & Cement Products,Cement & Cement Products,837.1,0.752241680207022,-3.509884156532761,-3.152658066755365,-10.799722947413294,-11.380478509421977,-16.02969204534055,864.0899999999999,893.341,901.2553846153846,967.22925,False,False,False,False,2.5376725770943893,2.401201426504175,-2.4808481424867965,10.028793726643382,0.9689731780756563,174734625.8,1214.5,816.15,5.259194175975912,-31.07451626183615,-8.51835653869345,27,False,False,False,False,-9.120258952052286,False,False,False,False,False,False,False,False,False,False,Monitor,[],0,"{'market_cap_inr': 199454386835.0, 'relative_volume': 0.39044116434777615, 'gap_percent': -0.05325443786982787, 'eps_growth_percent': -63.27080728081144, 'revenue_growth_percent': 9.596339475993481, 'fcf_growth_percent': 0.0}",['Eligible stock; no leadership setup currently qualifies']
IREDA,Indian Renewable Energy Development Agency Ltd.,Financial Services,Financial Services,Finance,Financial Institution,109.0,-1.8018018018018056,-5.068803344365092,-4.083069341781065,-10.043740199719409,-11.475676114675547,-29.262119540528264,111.28599999999999,114.9906,116.58153846153846,124.2546,False,False,False,False,2.8931847968545212,2.3717986419803814,-1.8006603756093327,9.301675977653634,1.8549922753111123,360375679.65,158.7,107.4,3.118908382066267,-31.316950220541894,-12.46721007315622,17,False,False,False,False,-9.126346851217278,False,False,False,False,False,False,False,False,False,False,Monitor,[],0,"{'market_cap_inr': 301992354126.0, 'relative_volume': 0.9240617054826329, 'gap_percent': 0.15839001211217899, 'eps_growth_percent': 32.50137438152832, 'revenue_growth_percent': 17.169174856140277, 'fcf_growth_percent': 0.0}",['Eligible stock; no leadership setup currently qualifies']
M&M,Mahindra & Mahindra Ltd.,Consumer Discretionary,Automobile and Auto Components,Automobiles,Passenger Cars & Utility Vehicles,2857.6001,-0.08391258741258234,-4.587642737896491,-9.854886435331222,-7.893630942788066,-9.763796261210056,-17.458113807047948,3024.9350050000003,3226.606006,3209.99692,3263.6340015,False,False,False,False,2.040922880906753,1.7567269347141825,-5.60351817228891,12.482219061166422,1.1108216598483882,6269594690.0,3839.8999,2812.0,4.4362393653312076,-25.58139080656764,-8.740689646872166,26,False,True,False,True,-9.132010943292652,False,False,False,False,False,False,False,False,False,False,Monitor,[],0,"{'market_cap_inr': 3488036413347.0, 'relative_volume': 1.1306497078946465, 'gap_percent': 0.0, 'eps_growth_percent': 33.379083173208905, 'revenue_growth_percent': 27.80277883265659, 'fcf_growth_percent': 0.0}",['Eligible stock; no leadership setup currently qualifies']
APTUS,Aptus Value Housing Finance India Ltd.,Financial Services,Financial Services,Finance,Housing Finance Company,223.65,-1.2146643109540611,-5.819682486208777,-13.598609233146618,-19.521410579345076,2.6718082908690155,-31.427257396903265,241.1615,251.7884,260.61876923076926,257.2508,False,False,False,False,3.3972086487177013,2.8604179136273933,-3.28958762999699,16.95601331294414,1.788542298451421,306076766.145,326.15,193.03,23.00180288461539,-31.427257396903265,-12.6692546870166,16,False,True,False,False,-9.163422694709825,False,False,False,False,False,False,False,False,False,False,Monitor,[],0,"{'market_cap_inr': 109957285382.0, 'relative_volume': 1.1829483242573542, 'gap_percent': 0.20049211701448905, 'eps_growth_percent': 18.963470319634716, 'revenue_growth_percent': 15.186700639903062, 'fcf_growth_percent': 0.0}",['Eligible stock; no leadership setup currently qualifies']
POWERGRID,Power Grid Corporation of India Ltd.,Utilities,Power,Power,Power - Transmission,257.0,0.9624828128069085,-1.852205461141887,-3.383458646616544,-8.11583839828387,-13.787319691378741,-11.2875388332758,264.46500000000003,268.568,272.39384615384614,284.40225,False,False,False,False,1.889938854919399,1.721071077950611,-2.279062636344041,8.59916782246879,1.4109056157071578,2176015893.855,324.95,250.0,9.339559706470983,-20.910909370672403,-7.181411879357876,31,False,False,False,False,-9.201335977604987,False,False,False,False,False,False,False,False,False,False,Monitor,[],0,"{'market_cap_inr': 2356772874093.0, 'relative_volume': 1.5328886028429791, 'gap_percent': 0.35566093657379066, 'eps_growth_percent': -0.886361307511009, 'revenue_growth_percent': 2.6839415445570025, 'fcf_growth_percent': 0.0}",['Eligible stock; no leadership setup currently qualifies']
NLCINDIA,NLC India Ltd.,Utilities,Power,Power,Power Generation,252.45,-0.2962085308056861,-1.655629139072845,-7.5444057864859975,-14.205607476635517,-6.08258928571429,-10.873786407766994,262.5025,273.96,279.70153846153846,285.17130000000003,False,False,False,False,2.513934866876042,2.37318114329115,-3.123195939945146,12.402946446346807,1.5543697754170203,300802636.53,387.8,230.0,14.22686945500633,-34.90201134605467,-6.8924513705742285,31,False,True,False,False,-9.291099777729645,False,False,False,False,False,False,False,False,False,False,Monitor,[],0,"{'market_cap_inr': 346728485231.0, 'relative_volume': 0.9062753438622662, 'gap_percent': 0.19972039145196727, 'eps_growth_percent': -39.28372739916551, 'revenue_growth_percent': 23.29406290761473, 'fcf_growth_percent': 0.0}",['Eligible stock; no leadership setup currently qualifies']
RELIANCE,Reliance Industries Ltd.,Energy,Oil Gas & Consumable Fuels,Petroleum Products,Refineries & Marketing,1186.4,1.6014387257000884,-0.9352037408149494,-10.257186081694392,-7.01465632102829,-10.796992481203006,-12.982250256711158,1228.895,1275.688,1280.1707692307693,1356.2879999999998,False,False,False,False,1.5900443117233387,1.3408865993374897,-4.40189214565375,12.577532736044116,1.1600140359893094,14398177876.125,1611.8,1160.8,5.676274944567658,-26.392852711254488,-7.548490739283544,29,False,False,False,False,-9.338223225264702,False,False,False,False,False,False,False,False,False,False,Monitor,[],0,"{'market_cap_inr': 16329038590150.0, 'relative_volume': 0.9279698362042544, 'gap_percent': 0.0, 'eps_growth_percent': -22.410932259891815, 'revenue_growth_percent': 27.022722795035136, 'fcf_growth_percent': 0.0}",['Eligible stock; no leadership setup currently qualifies']
DOMS,DOMS Industries Ltd.,Fast Moving Consumer Goods,Fast Moving Consumer Goods,Household Products,Stationary,2079.8,-0.8438617401668513,-0.15362457993277623,-5.733581108643426,-10.772659091881199,-10.542385072148686,-17.244946681521554,2120.505,2187.974006,2212.2569246153844,2298.827999,False,False,False,False,2.2560538101191048,2.1256679959929534,-2.191448662074836,10.148514851485157,1.252718228126387,51470120.94,2755.0,2020.0,8.136054421768732,-24.508166969146995,-9.01187739076595,25,False,False,False,False,-9.42077998817875,False,False,False,False,False,False,False,False,False,False,Monitor,[],0,"{'market_cap_inr': 124984589415.0, 'relative_volume': 0.6332892830416992, 'gap_percent': -0.1894215357715329, 'eps_growth_percent': -22.505307855626327, 'revenue_growth_percent': 19.24869085924167, 'fcf_growth_percent': 0.0}",['Eligible stock; no leadership setup currently qualifies']
HDFCBANK,HDFC Bank Ltd.,Financial Services,Financial Services,Banks,Private Sector Bank,704.8,-2.273987798114263,-1.981781517279746,-1.0251369189720694,-13.019869184252741,-11.645982198821624,-26.97508159353469,717.9975000000001,723.438,739.1769230769231,809.2047500000001,False,False,False,False,2.059854872709581,1.8439546296689535,-1.2507236643945518,9.884147235665042,1.449045363323899,21902430942.075,1020.5,681.9,6.7631423508564605,-30.93581577658011,-12.117532897013952,17,False,False,False,False,-9.471631323760127,False,False,False,False,False,False,False,False,False,False,Monitor,[],0,"{'market_cap_inr': 10851523616474.0, 'relative_volume': 0.7969755806253892, 'gap_percent': 0.1849875489149704, 'eps_growth_percent': 18.08712121212121, 'revenue_growth_percent': 0.04162941076158222, 'fcf_growth_percent': 0.0}",['Eligible stock; no leadership setup currently qualifies']
NTPC,NTPC Ltd.,Utilities,Power,Power,Power Generation,321.8,2.126309108219604,0.21800062285892707,-3.218045112781953,-7.7143676512761665,-15.01386504687705,-5.906432748538004,326.48,333.73699999999997,336.9146153846154,358.4575,False,False,False,False,1.5981532451389515,1.4412878995752976,-2.2380635550348433,7.810253953042645,1.04507332704325,2271618931.0,414.4,313.05,8.633448445979283,-22.345559845559837,-5.8098639437589155,34,False,False,False,False,-9.510085974892966,False,False,False,False,False,False,False,False,False,False,Monitor,[],0,"{'market_cap_inr': 3073843126953.0, 'relative_volume': 1.4897937625494857, 'gap_percent': -0.23677979479084454, 'eps_growth_percent': 11.820411060562067, 'revenue_growth_percent': 7.811878842478437, 'fcf_growth_percent': 0.0}",['Eligible stock; no leadership setup currently qualifies']
DABUR,Dabur India Ltd.,Fast Moving Consumer Goods,Fast Moving Consumer Goods,Personal Products,Personal Care,378.65,1.1756847027388106,-1.840570317563195,-0.5907062221055415,-13.263085557209953,-11.818816953889144,-23.682354126776172,381.435,394.164,403.0615384615385,446.66125,False,False,False,False,1.7053064458319969,1.6565808583146413,-2.3080456638910394,7.44464067382149,1.1730323148799735,714380857.475,534.0,368.05,6.387466104248247,-29.09176029962547,-11.177204572215977,20,False,False,False,False,-9.517283282105527,False,False,False,False,False,False,False,False,False,False,Monitor,[],0,"{'market_cap_inr': 682529967773.0, 'relative_volume': 0.3942352149120314, 'gap_percent': -0.19554165037152915, 'eps_growth_percent': 15.256055363321803, 'revenue_growth_percent': 10.568410787821099, 'fcf_growth_percent': 0.0}",['Eligible stock; no leadership setup currently qualifies']
UCOBANK,UCO Bank,Financial Services,Financial Services,Banks,Public Sector Bank,23.16,1.003052769297863,-0.7286755250750065,-6.537530266343827,-11.298353121409422,-9.848189957181786,-24.731881702957427,23.6385,24.9328,25.254615384615384,26.4789,False,False,False,False,1.872070071551937,1.7257325564172166,-3.7981016993447745,7.189829022358607,1.0015279791264804,81407636.19,34.2,22.22,7.846410684474131,-32.280701754385966,-11.301715243743757,20,False,False,False,False,-9.52808214195197,False,False,False,False,False,False,False,False,False,False,Monitor,[],0,"{'market_cap_inr': 293300267854.0, 'relative_volume': 0.9834474867708238, 'gap_percent': 0.0, 'eps_growth_percent': 3.13300492610838, 'revenue_growth_percent': 22.779126711287535, 'fcf_growth_percent': 0.0}",['Eligible stock; no leadership setup currently qualifies']
VTL,Vardhman Textiles Ltd.,Consumer Discretionary,Textiles,Textiles & Apparels,Other Textile Products,529.9,0.12281530467641577,-1.970215521228369,-11.417586091608168,-15.073323182947362,-3.6282622533418296,29.893369285451655,555.55,580.913,592.6523076923077,558.9775,False,False,False,False,3.454155770630579,2.989138649932932,-2.5423061623811436,15.497047720453017,2.0001090045430594,110967158.525,688.0,385.5,47.73553719008264,-22.979651162790702,5.2760874747568165,60,False,False,False,False,-9.581364538270352,False,False,False,False,False,False,False,False,False,False,Monitor,[],0,"{'market_cap_inr': 155343484731.0, 'relative_volume': 0.2775170312017793, 'gap_percent': -0.25167785234899753, 'eps_growth_percent': 47.0084883114029, 'revenue_growth_percent': 13.305332696193087, 'fcf_growth_percent': 0.0}",['Eligible stock; no leadership setup currently qualifies']
AMBER,Amber Enterprises India Ltd.,Consumer Discretionary,Consumer Durables,Consumer Durables,Household Appliances,6585.0,1.3076923076922986,-5.3879310344827624,-11.133603238866396,-13.639344262295083,-5.169930875576034,-20.0994964508888,7010.775,7225.15,7325.861538461539,7250.4525,False,False,False,False,2.9916476841305997,2.430432904537013,-2.961586591338046,16.210542683874984,1.775104802622655,783630180.0,8974.0,5400.5,33.14677487057507,-26.621350568308443,-9.783180674741246,23,False,False,False,False,-9.625143651750292,False,False,False,False,False,False,False,False,False,False,Monitor,[],0,"{'market_cap_inr': 243347578812.0, 'relative_volume': 1.7507905068157885, 'gap_percent': -1.2346570397111913, 'eps_growth_percent': -79.30285152409047, 'revenue_growth_percent': 12.716018829315964, 'fcf_growth_percent': 0.0}",['Eligible stock; no leadership setup currently qualifies']
CREDITACC,CreditAccess Grameen Ltd.,Financial Services,Financial Services,Finance,Microfinance Institutions,1251.5,1.0088781275221947,-3.64182322143517,-12.93307360512036,-20.90127670332449,1.3032216286223086,-10.658195316961738,1351.25,1443.628,1461.0184615384615,1349.0815,False,False,False,False,3.3080303635637227,2.822768173092831,-4.023146782270203,19.799851128938894,1.930907033853536,199207714.15,1634.0,1113.0,26.58349328214971,-23.408812729498162,-7.0942482484990705,31,False,False,False,False,-10.027426595994738,False,False,False,False,False,False,False,False,False,False,Monitor,[],0,"{'market_cap_inr': 199106745978.0, 'relative_volume': 1.498322174819573, 'gap_percent': 0.10487253952889497, 'eps_growth_percent': 715.1595744680851, 'revenue_growth_percent': 21.6934525241004, 'fcf_growth_percent': 0.0}",['Eligible stock; no leadership setup currently qualifies']
SUNDARMFIN,Sundaram Finance Ltd.,Financial Services,Financial Services,Finance,Non Banking Financial Company (NBFC),4268.3999,-2.9004300120664683,-4.154129522480121,-8.180787825379653,-8.2754937144085,-12.804385405932939,-3.263530125635261,4585.77998,4577.774004,4561.415384615385,4772.873501,False,False,False,False,2.9074125143977927,2.5918850876860766,-2.3244646958496196,15.42762074829458,1.2092629450588104,167090284.73000002,5642.0,4000.0,16.34591352009746,-24.34597837646224,-5.238842187277597,36,False,True,False,False,-10.063373918761064,False,False,False,False,False,False,False,False,False,False,Monitor,[],0,"{'market_cap_inr': 477685508053.0, 'relative_volume': 1.5717222052207607, 'gap_percent': -0.26039244861898586, 'eps_growth_percent': 33.87008493090955, 'revenue_growth_percent': 12.866932815268676, 'fcf_growth_percent': 0.0}",['Eligible stock; no leadership setup currently qualifies']
JIOFIN,Jio Financial Services Ltd.,Financial Services,Financial Services,Finance,Investment Company,212.0,-0.23529411764705577,-3.8548752834467126,-11.48225469728601,-7.822079220835687,-11.237648635069508,-29.731521378853166,225.1395,238.5092,238.21907692307693,247.59994999999998,False,False,False,False,1.9572102425876001,1.665152805877882,-5.67876642715658,12.589928057553967,1.0778074990277653,2642650610.715,316.85,208.5,3.23027226580526,-33.09136815527853,-13.091084939376689,15,False,True,False,True,-10.103350855641796,False,False,False,False,False,False,False,False,False,False,Monitor,[],0,"{'market_cap_inr': 1431561119370.0, 'relative_volume': 0.7240576887117195, 'gap_percent': -0.2956939567547525, 'eps_growth_percent': 148.53228962818002, 'revenue_growth_percent': 223.5947438091241, 'fcf_growth_percent': 0.0}",['Eligible stock; no leadership setup currently qualifies']
NATIONALUM,National Aluminium Co. Ltd.,Commodities,Metals & Mining,Non - Ferrous Metals,Aluminium,340.0,1.5228426395939243,-2.5787965616045794,-9.115209836941995,-2.7877055039313814,-17.545774220928823,53.734852595406046,354.41999999999996,369.717,364.86,373.72475,False,False,False,False,2.4611344537815096,2.350510341367086,-3.265879853374052,17.147192716236724,1.6759391793330642,1435717574.54,445.15,216.0,54.11302640192015,-23.621251263619,11.670039735420955,71,False,False,False,False,-10.272809073983012,False,False,False,False,False,False,False,False,False,False,Monitor,[],0,"{'market_cap_inr': 591395411865.0, 'relative_volume': 0.8791281624561456, 'gap_percent': 0.031123560535314624, 'eps_growth_percent': 90.86836302544536, 'revenue_growth_percent': 39.281942977824706, 'fcf_growth_percent': 0.0}",['Eligible stock; no leadership setup currently qualifies']
SOBHA,Sobha Ltd.,Consumer Discretionary,Realty,Realty,Residential Commercial Projects,1198.2,-1.2282581815184157,-2.3153432251752704,-4.836788182034779,-17.604180992985828,-7.295938104448741,-22.270515731430418,1219.7350000000001,1276.6,1318.5107692307693,1373.9065,False,False,False,False,3.0176216706011414,2.7275369319950316,-2.0351500395564948,8.87372013651877,1.0989173071545422,81512798.7,1732.0,1130.0,11.328903654485059,-30.819861431870667,-11.118975551713486,20,False,False,False,False,-10.289035634833231,False,False,False,False,False,False,False,False,False,False,Monitor,[],0,"{'market_cap_inr': 128146739458.0, 'relative_volume': 0.9050708383553027, 'gap_percent': -0.00834794223225114, 'eps_growth_percent': 273.331239202136, 'revenue_growth_percent': 50.02946237619346, 'fcf_growth_percent': 0.0}",['Eligible stock; no leadership setup currently qualifies']
IRCTC,Indian Railway Catering And Tourism Corporation Ltd.,Consumer Discretionary,Consumer Services,Leisure Services,Tour Travel Related Services,452.8,-0.28628055494385185,-0.15435501653803252,-4.883940762524941,-9.167502507522563,-14.815163201956539,-36.0,461.3625,481.236,485.41,542.6835,False,False,False,False,2.2581713780918737,1.9219661002365585,-2.616697375082306,7.502799552071671,1.1899818619552753,285954406.19,735.75,446.5,2.178046672428699,-38.45735643900782,-15.39149162724441,12,False,False,False,False,-10.35567634904675,False,False,False,False,False,False,False,False,False,False,Monitor,[],0,"{'market_cap_inr': 362719995117.0, 'relative_volume': 0.9965375019654542, 'gap_percent': 0.06613027664499314, 'eps_growth_percent': -0.16449755672746963, 'revenue_growth_percent': 18.095346910055436, 'fcf_growth_percent': 0.0}",['Eligible stock; no leadership setup currently qualifies']
BRITANNIA,Britannia Industries Ltd.,Fast Moving Consumer Goods,Fast Moving Consumer Goods,Food Products,Packaged Foods,4770.0,-0.1674340728338164,-2.9501525940996975,-6.498088797412526,-10.262440033863228,-12.876712328767127,-20.400500625782225,4931.125,5216.39,5254.715384615384,5535.5075,False,False,False,False,1.5028453129679553,1.42059531371044,-5.694165977626375,8.003630932941208,0.8284763267875551,1028942270.75,6271.0,4734.1001,2.335864554353887,-23.93557646308404,-10.645963139840555,22,False,True,False,True,-10.367061142712114,False,False,False,False,False,False,False,False,False,False,Monitor,[],0,"{'market_cap_inr': 1152265733153.0, 'relative_volume': 0.6791763650130402, 'gap_percent': 0.46025104602510464, 'eps_growth_percent': 13.56437109129259, 'revenue_growth_percent': 8.172479890615332, 'fcf_growth_percent': 0.0}",['Eligible stock; no leadership setup currently qualifies']
TATACONSUM,Tata Consumer Products Ltd.,Fast Moving Consumer Goods,Fast Moving Consumer Goods,Agricultural Food & other Products,Tea & Coffee,953.75,-0.3396029258098232,-0.651041666666663,-5.569306930693074,-12.483942007707839,-11.525974025974028,-16.153846153846153,984.3025,1032.305,1047.366923076923,1110.81775,False,False,False,False,1.8228796105598193,1.5758921265005266,-4.174532195517487,7.968253968253958,1.0718013731554659,995338806.2,1282.7,945.0,2.591057151317737,-25.645123567474858,-9.38280352087504,24,False,False,False,False,-10.372096045760623,False,False,False,False,False,False,False,False,False,False,Monitor,[],0,"{'market_cap_inr': 956441456194.0, 'relative_volume': 0.6736596540742896, 'gap_percent': -0.2168301497160581, 'eps_growth_percent': 28.0326409495549, 'revenue_growth_percent': 11.926778282076874, 'fcf_growth_percent': 0.0}",['Eligible stock; no leadership setup currently qualifies']
CHAMBLFERT,Chambal Fertilizers & Chemicals Ltd.,Commodities,Chemicals,Fertilizers & Agrochemicals,Fertilizers,397.6,-0.42574505384422867,-4.982674154618227,-5.118720916358432,-11.840354767184035,-12.644183236295714,-23.494323648258607,413.6525,426.901,431.73846153846154,445.76050000000004,False,False,False,False,1.974346076458753,1.6991362791455267,-3.476417994971519,7.215189873417716,0.8304135971869282,181961744.98,522.0,395.0,2.047244094488207,-23.831417624521066,-11.691924820014133,19,False,True,False,True,-10.481477692122304,False,False,False,False,False,False,False,False,False,False,Monitor,[],0,"{'market_cap_inr': 158831682907.0, 'relative_volume': 1.7653414657059776, 'gap_percent': 0.012615112905249028, 'eps_growth_percent': -4.618405015436051, 'revenue_growth_percent': -11.769671844861266, 'fcf_growth_percent': 0.0}",['Eligible stock; no leadership setup currently qualifies']
COCHINSHIP,Cochin Shipyard Ltd.,Industrials,Capital Goods,Industrial Manufacturing,Ship Building & Allied Services,1283.8,-0.2486402486402528,-3.4010534236267875,-14.361950503635512,-8.56776582864468,-9.839174099304737,-31.03411227504701,1374.7450000000001,1438.326,1430.533846153846,1486.2125,False,False,False,False,2.983330736874905,3.1762007824668403,-3.6011634122288263,24.194058154235144,2.825790959408346,1120232550.9850001,1882.3,1187.0,13.922048036818635,-31.79620676831536,-13.680695870410084,15,False,True,False,False,-10.524875305656412,False,False,False,False,False,False,False,False,False,False,Monitor,[],0,"{'market_cap_inr': 330429459717.0, 'relative_volume': 1.2603082639462149, 'gap_percent': 0.0, 'eps_growth_percent': -19.36663118381982, 'revenue_growth_percent': 2.3974943542678666, 'fcf_growth_percent': 0.0}",['Eligible stock; no leadership setup currently qualifies']
PREMIERENE,Premier Energies Ltd.,Industrials,Capital Goods,Electrical Equipment,Other Electrical Equipment,891.95,1.5830533568703453,-1.5507726269315625,-10.983033932135722,-14.555991953252235,-6.7436875947514245,-14.515046961855472,916.8825,980.363,1000.3299999999999,933.783,False,False,False,False,3.172823588766185,2.856416661308745,-2.842387531085741,16.9165885660731,1.8909199025514936,937861396.0,1134.0,666.9,48.18026118604155,-21.344797178130502,-8.78654937051355,26,False,False,False,False,-10.537830704572782,False,False,False,False,False,False,False,False,False,False,Monitor,[],0,"{'market_cap_inr': 414003774902.0, 'relative_volume': 1.0829703008905012, 'gap_percent': 0.3076923076923027, 'eps_growth_percent': 50.447415825778776, 'revenue_growth_percent': 35.25222134712112, 'fcf_growth_percent': 0.0}",['Eligible stock; no leadership setup currently qualifies']
SYNGENE,Syngene International Ltd.,Healthcare,Healthcare,Healthcare Services,Healthcare Research Analytics & Technology,357.4,-1.0794353722668237,-4.9468085106383,-9.656218402426708,-13.1681243926142,-9.081658611040455,-43.76081825334383,376.195,392.07099999999997,397.41153846153844,449.71574999999996,False,False,False,False,2.843952354304901,2.3988467972652847,-3.109419597160784,10.571752052080384,1.420882259175089,126994651.525,678.95,353.3,1.2590204206970568,-47.359893953899416,-17.715682843230905,6,False,True,False,True,-10.65556158243783,False,False,False,False,False,False,False,False,False,False,Monitor,[],0,"{'market_cap_inr': 145462183886.0, 'relative_volume': 0.9352413141750533, 'gap_percent': 0.9436580627255001, 'eps_growth_percent': -110.39999999999999, 'revenue_growth_percent': -15.837621497998859, 'fcf_growth_percent': 0.0}",['Eligible stock; no leadership setup currently qualifies']
ICICIPRULI,ICICI Prudential Life Insurance Company Ltd.,Financial Services,Financial Services,Insurance,Life Insurance,454.9,1.5288472268719877,-1.749460043196549,-8.11029188970812,-6.754125243414988,-16.00812407680946,-23.751257123700974,468.41,491.713,493.76846153846157,550.1080000000001,False,False,False,False,3.269164337531011,2.9458909172077807,-2.290091146453836,13.501584427342683,2.16429051292716,558285992.985,706.8,441.8,4.943396226415082,-35.63950198075835,-11.95536537986116,18,False,False,False,False,-10.794766438346059,False,False,False,False,False,False,False,False,False,False,Monitor,[],0,"{'market_cap_inr': 664591122683.0, 'relative_volume': 0.791338595749544, 'gap_percent': 0.1092896174863388, 'eps_growth_percent': 61.50943396226417, 'revenue_growth_percent': -73.1523846600347, 'fcf_growth_percent': 0.0}",['Eligible stock; no leadership setup currently qualifies']
SBICARD,SBI Cards and Payment Services Ltd.,Financial Services,Financial Services,Finance,Non Banking Financial Company (NBFC),566.0,0.49715909090908283,-4.23011844331641,-14.01443220660843,-3.2643992479918005,-15.383465390940342,-36.55064178016927,620.845,638.475,635.5923076923077,683.28275,False,False,False,False,2.806032306915695,2.5205724607705013,-4.045308623918559,20.503436579487634,1.8514129539683262,804379890.4449999,965.0,560.15,1.4449796220822582,-41.347150259067355,-15.620972719720164,11,False,False,False,False,-10.799533944825374,False,False,False,False,False,False,False,False,False,False,Monitor,[],0,"{'market_cap_inr': 530065595946.99994, 'relative_volume': 0.9366396676731412, 'gap_percent': -0.4305705059203404, 'eps_growth_percent': 19.50092421441773, 'revenue_growth_percent': 3.375508153291006, 'fcf_growth_percent': 0.0}",['Eligible stock; no leadership setup currently qualifies']
LTF,L&T Finance Ltd.,Financial Services,Financial Services,Finance,Non Banking Financial Company (NBFC),263.75,-0.2269718176659774,-6.088659426740262,-16.003184713375795,-16.083359847279677,-3.097215078257043,0.5413029390462398,292.6825,306.095,307.78153846153845,292.71115000000003,False,False,False,False,3.4949221394719023,2.5031861179489576,-3.958297178379142,20.11461318051575,2.5486975495180415,1183995680.625,338.6,234.9,27.820636451301823,-22.105729474305967,-4.310567235987595,39,False,True,False,False,-10.868858156194653,False,False,False,False,False,False,False,False,False,False,Monitor,[],0,"{'market_cap_inr': 651401009605.0, 'relative_volume': 0.626897114338177, 'gap_percent': -0.8645533141210375, 'eps_growth_percent': 28.21428571428572, 'revenue_growth_percent': 21.2465166696244, 'fcf_growth_percent': 0.0}",['Eligible stock; no leadership setup currently qualifies']
SWIGGY,Swiggy Ltd.,Consumer Discretionary,Consumer Services,Retailing,E-Retail/ E-Commerce,238.8,0.3361344537815114,-6.718749999999996,-13.509597971749365,-8.649248307256807,-12.173593232806168,-42.297934034070316,266.5525,275.1486,273.2363076923077,288.20965,False,False,False,False,3.752392916965782,3.038741570735406,-3.520562618916083,22.993630573248392,2.052451874060241,3368129150.92,459.95,235.5,1.4702606371129479,-48.081313186215894,-17.652685878037616,6,False,False,False,False,-11.27407369359969,False,False,False,False,False,False,False,False,False,False,Monitor,[],0,"{'market_cap_inr': 678347036865.0, 'relative_volume': 0.6492919353951773, 'gap_percent': 0.0, 'eps_growth_percent': 40.09722222222222, 'revenue_growth_percent': 37.31102600282201, 'fcf_growth_percent': 0.0}",['Eligible stock; no leadership setup currently qualifies']
TORNTPOWER,Torrent Power Ltd.,Utilities,Power,Power,Integrated Power Utilities,1234.2,-0.6999758629012809,-0.2424830261881672,-4.995766299745963,-11.905781584582442,-14.647302904564308,1.0728032102202967,1264.4299999999998,1288.014,1320.0246153846156,1410.1954999999998,False,False,False,False,2.364747551913329,2.196673800128784,-1.7668102343457515,9.525381758151052,1.13950894063847,197143248.79500002,1824.1,1188.0,7.263008960855219,-32.33923578751165,-4.920636174808772,37,False,False,False,False,-11.27488629136607,False,False,False,False,False,False,False,False,False,False,Monitor,[],0,"{'market_cap_inr': 623026341660.0, 'relative_volume': 2.4510119529501404, 'gap_percent': -0.4124545086938867, 'eps_growth_percent': -12.658881884881671, 'revenue_growth_percent': 2.7544878370225527, 'fcf_growth_percent': 0.0}",['Eligible stock; no leadership setup currently qualifies']
EIDPARRY,E.I.D. Parry (India) Ltd.,Fast Moving Consumer Goods,Fast Moving Consumer Goods,Food Products,Other Food Products,691.95,2.57949744273962,-2.052516101634938,-11.441735457861391,-4.162049861495842,-17.71805695939116,-33.14492753623188,706.3925,757.176,758.2576923076923,817.83575,False,False,False,False,2.363403631558848,2.4176275090881783,-3.6449032741430107,16.778224007139684,1.39567568738528,206827114.42000002,1118.0,672.3,4.408795153690844,-38.108228980322004,-15.138144058138145,13,False,False,False,False,-11.404374099745358,False,False,False,False,False,False,False,False,False,False,Monitor,[],0,"{'market_cap_inr': 124417723943.0, 'relative_volume': 0.9566963524658948, 'gap_percent': 0.06432706740047824, 'eps_growth_percent': -42.433019551049966, 'revenue_growth_percent': 3.4148914819805616, 'fcf_growth_percent': 0.0}",['Eligible stock; no leadership setup currently qualifies']
RAILTEL,Railtel Corporation Of India Ltd.,Telecommunication,Telecommunication,Telecom - Services,Other Telecom Services,252.3,-1.9051321928460263,-1.5030255709545082,-6.917542888765915,-15.51983927674534,-10.661803760490074,-34.898722745452204,260.1975,273.933,279.54076923076923,306.85305,False,False,False,False,3.681841345337178,3.047952894623168,-2.144901367984093,13.306451612903224,1.766901662565057,122303616.63,400.8,245.0,4.685494223363293,-37.05089820359281,-15.708225129681969,11,False,True,False,False,-11.426050973248376,False,False,False,False,False,False,False,False,False,False,Monitor,[],0,"{'market_cap_inr': 81662778852.0, 'relative_volume': 0.48782465735944974, 'gap_percent': 0.0, 'eps_growth_percent': -0.48553117110119587, 'revenue_growth_percent': 20.09384116911577, 'fcf_growth_percent': 0.0}",['Eligible stock; no leadership setup currently qualifies']
BATAINDIA,Bata India Ltd.,Consumer Discretionary,Consumer Durables,Consumer Durables,Footwear,611.05,-0.31810766721044326,-2.9771355986027315,-9.794803661056983,-10.8346709470305,-13.221614712774265,-48.56914401144685,636.9725000000001,677.643,679.6838461538462,739.8235000000001,False,False,False,False,2.274188457806822,1.948634101932294,-4.321168213079879,11.358574610244986,0.6909542441289136,69588708.1,1238.0,605.0,0.9557661927330102,-50.64216478190631,-19.83759182858057,4,False,True,False,False,-11.529481631834628,False,False,False,False,False,False,False,False,False,False,Monitor,[],0,"{'market_cap_inr': 79082995094.0, 'relative_volume': 0.9784263662130153, 'gap_percent': 0.32515038205169894, 'eps_growth_percent': 23.046121904196955, 'revenue_growth_percent': 3.9382961690453087, 'fcf_growth_percent': 0.0}",['Eligible stock; no leadership setup currently qualifies']
TMPV,Tata Motors Passenger Vehicles Ltd.,Consumer Discretionary,Automobile and Auto Components,Automobiles,Passenger Cars & Utility Vehicles,288.65,3.3106657122405236,2.4489795918367196,-7.335473515248802,-13.0703207348291,-13.383345836459126,-59.69138388493227,295.8175,315.16,319.25384615384615,344.11025,False,False,False,False,2.89153943233278,2.5392351327583684,-2.9090388195483268,17.615723732549583,1.7732682425104522,2981923757.75,718.5,272.2,3.685861528120096,-59.82602644398052,-23.41279605281008,2,False,False,False,False,-11.761818970586036,False,False,False,False,False,False,False,False,False,False,Monitor,[],0,"{'market_cap_inr': 1045233137854.0, 'relative_volume': 0.5700965511849151, 'gap_percent': 0.15901060070670975, 'eps_growth_percent': -80.23849765258217, 'revenue_growth_percent': 9.263546882306649, 'fcf_growth_percent': 0.0}",['Eligible stock; no leadership setup currently qualifies']
TENNIND,Tenneco Clean Air India Ltd.,Consumer Discretionary,Automobile and Auto Components,Auto Components,Auto Components & Equipments,487.0,-1.6955995155429893,-3.0170267848252497,-5.9028113225775165,-15.399982628333186,-12.402194441946223,0.0,511.08500000000004,530.644,538.5846153846154,553.6295,False,False,False,False,2.9128776767380478,2.6779460145420497,-2.8235731394590444,11.598681499793994,1.6400803474186785,258183566.39499998,657.0,438.05,22.35670244348024,-25.8751902587519,-5.578551613451856,35,False,True,False,False,-11.826574527339483,False,False,False,False,False,False,False,False,False,False,Monitor,[],0,"{'market_cap_inr': 193931870514.0, 'relative_volume': 1.2873360800755818, 'gap_percent': 0.1248959200666159, 'eps_growth_percent': -1.6546416546416647, 'revenue_growth_percent': 20.156173553481157, 'fcf_growth_percent': 0.0}",['Eligible stock; no leadership setup currently qualifies']
ACC,ACC Ltd.,Commodities,Construction Materials,Cement & Cement Products,Cement & Cement Products,1184.4,0.1352722353737068,-2.3980222496909676,-7.742639040348953,-11.287544004194427,-14.90768014943602,-35.947217565302026,1230.02,1286.682,1305.1738461538462,1434.149,False,False,False,False,1.9268345636126831,1.7660245387230986,-4.125566177847406,9.793328187977025,0.9685841486465301,108069137.355,1987.0,1166.1,2.229260567669653,-40.39255158530447,-16.362227096920428,9,False,False,False,False,-11.849372221329695,False,False,False,False,False,False,False,False,False,False,Monitor,[],0,"{'market_cap_inr': 219006894264.0, 'relative_volume': 0.9169277147912708, 'gap_percent': -0.12012012012012792, 'eps_growth_percent': -60.832497492477444, 'revenue_growth_percent': -7.758483351919707, 'fcf_growth_percent': 0.0}",['Eligible stock; no leadership setup currently qualifies']
TRIDENT,Trident Ltd.,Consumer Discretionary,Textiles,Textiles & Apparels,Other Textile Products,21.84,-1.4440433212996373,-4.75359790667248,-9.60264900662252,-13.12649164677805,-12.394705174488562,-23.66305487591751,23.0135,23.9316,24.255692307692307,25.07275,False,False,False,False,2.057169021454734,1.7674313995897717,-4.24851271274165,10.412844036697244,0.8436154573826811,51409574.445,30.94,21.8,0.4376367614879556,-29.41176470588236,-12.661824203207775,16,False,True,False,True,-11.952816397823373,False,False,False,False,False,False,False,False,False,False,Monitor,[],0,"{'market_cap_inr': 113690765965.0, 'relative_volume': 0.9332149880022502, 'gap_percent': -0.6723442402510021, 'eps_growth_percent': 11.57856886012226, 'revenue_growth_percent': 4.683371511931044, 'fcf_growth_percent': 0.0}",['Eligible stock; no leadership setup currently qualifies']
GRAVITA,Gravita India Ltd.,Commodities,Metals & Mining,Minerals & Mining,Industrial Minerals,1423.5,0.771626787484081,-3.5176901179341247,-14.329561868078954,-17.616760229179928,-5.603448275862066,-9.670664382257765,1561.035,1672.504,1702.763076923077,1649.524,False,False,False,False,2.8139896633047328,2.5130026653980875,-5.2907429358928235,24.20749279538905,1.0150202641051898,313620080.195,1913.6,1266.9,24.215246636771294,-25.611413043478258,-8.25833406034084,28,False,False,False,False,-11.98963585757754,False,False,False,False,False,False,False,False,False,False,Monitor,[],0,"{'market_cap_inr': 110443281963.0, 'relative_volume': 0.5605992357359676, 'gap_percent': 0.0, 'eps_growth_percent': 14.048018739020113, 'revenue_growth_percent': 41.840875435121255, 'fcf_growth_percent': 0.0}",['Eligible stock; no leadership setup currently qualifies']
LINDEINDIA,Linde India Ltd.,Commodities,Chemicals,Chemicals & Petrochemicals,Industrial Gases,6041.0,-3.30532212885154,-2.422871910838309,-4.806177119445321,-12.897411866484031,-15.904503375791744,-3.598499960105317,6219.575,6504.82,6613.107692307693,6741.7125,False,False,False,False,2.6793104263721714,2.4645674376440763,-2.6612835780708974,8.337506259389095,1.323483871690987,111231324.75,8049.0,5673.0,15.488215488215488,-24.947198409740345,-6.918656460704989,31,False,True,False,False,-12.077439783447439,False,False,False,False,False,False,False,False,False,False,Monitor,[],0,"{'market_cap_inr': 519487538357.0, 'relative_volume': 0.5128516613327524, 'gap_percent': 0.07384312438464063, 'eps_growth_percent': -2.421908565790934, 'revenue_growth_percent': 21.58769349303075, 'fcf_growth_percent': 0.0}",['Eligible stock; no leadership setup currently qualifies']
SHREECEM,Shree Cement Ltd.,Commodities,Construction Materials,Cement & Cement Products,Cement & Cement Products,21990.0,0.4109589041095818,-2.3534635879218446,-8.030112923462983,-17.671284163234745,-9.729064039408863,-24.93599590373784,22404.25,24071.0,24665.076923076922,25191.5,False,False,False,False,2.561229130124082,2.1306794229730643,-3.3754331767464394,12.01123858581128,1.4061788608076116,370956905.0,30285.0,21355.0,7.110862262038074,-27.38979692917286,-13.144331887670209,15,False,False,False,False,-12.084103303761452,False,False,False,False,False,False,False,False,False,False,Monitor,[],0,"{'market_cap_inr': 784334102374.0, 'relative_volume': 0.4688719283130416, 'gap_percent': -0.3673094582185491, 'eps_growth_percent': -17.65635210973448, 'revenue_growth_percent': 18.032032540031206, 'fcf_growth_percent': 0.0}",['Eligible stock; no leadership setup currently qualifies']
HINDUNILVR,Hindustan Unilever Ltd.,Fast Moving Consumer Goods,Fast Moving Consumer Goods,Diversified FMCG,Diversified FMCG,1838.4,0.13071895424836555,-3.037974683544298,-6.840985101854669,-13.924524768236735,-13.81961372585786,-27.7614023247044,1917.605,1993.241996,2027.932310769231,2178.9625005,False,False,False,False,1.591445977868955,1.3774531197591178,-4.881314964543441,8.97148174503255,1.0807865658917812,2334483090.19,2667.2,1826.9,1.3685588480304658,-31.073785242951402,-14.104059697904125,14,False,False,False,False,-12.11167543468967,False,False,False,False,False,False,False,False,False,False,Monitor,[],0,"{'market_cap_inr': 4389036564453.0, 'relative_volume': 1.596173338126407, 'gap_percent': -0.28948214860084115, 'eps_growth_percent': -3.012012242427335, 'revenue_growth_percent': 10.052675001586596, 'fcf_growth_percent': 0.0}",['Eligible stock; no leadership setup currently qualifies']
VMM,Vishal Mega Mart Ltd.,Consumer Discretionary,Consumer Services,Retailing,Diversified Retail,98.25,-1.2562814070351758,-2.5394306120424592,-7.433578292820808,-15.235958933655425,-12.331578477737127,-34.495633042202826,102.143,105.58840000000001,107.38923076923078,116.21485000000001,False,False,False,False,2.979280261723008,2.3188946971246014,-2.3327801553781127,10.43877551020409,1.6321543190255747,889489563.0899999,152.18,98.0,0.46142488002953114,-35.438296753844135,-16.09466585871703,10,False,True,False,True,-12.123611591079452,False,False,False,False,False,False,False,False,False,False,Monitor,[],0,"{'market_cap_inr': 469183587813.0, 'relative_volume': 1.342212356170971, 'gap_percent': -0.39800995024876185, 'eps_growth_percent': 25.772727272727273, 'revenue_growth_percent': 18.682528749467807, 'fcf_growth_percent': 0.0}",['Eligible stock; no leadership setup currently qualifies']
WIPRO,Wipro Ltd.,Information Technology,Information Technology,IT - Software,Computers - Software & Consulting,162.14,1.7508628804518311,0.35899975241395765,-8.083900226757379,-6.125521074571571,-20.076896534726686,-32.716408000663954,164.526,174.95159999999998,175.1036923076923,199.35575,False,False,False,False,2.0705210664505076,1.7741178827345983,-3.5367616974479503,10.56189808023471,1.2506884696745828,1727937241.58,273.1,156.79,4.5997764594617765,-40.629805931893095,-15.704432588671756,11,False,False,False,False,-12.195666046680069,False,False,False,False,False,False,False,False,False,False,Monitor,[],0,"{'market_cap_inr': 1577318667338.0, 'relative_volume': 0.6725351463016083, 'gap_percent': -0.03132832080199433, 'eps_growth_percent': 0.8065024258080868, 'revenue_growth_percent': 10.58975540556414, 'fcf_growth_percent': -15.507374230908432}",['Eligible stock; no leadership setup currently qualifies']
COROMANDEL,Coromandel International Ltd.,Commodities,Chemicals,Fertilizers & Agrochemicals,Fertilizers,1801.4,2.1433431617146947,-8.274352054585265,-6.726039455289179,-13.160427745874836,-14.867674858223056,-19.97334517992003,1913.89,1976.588,1990.9584630769232,2053.291001,False,False,False,False,3.2613522815587883,2.706555398422741,-2.717630998683351,18.747795414462075,2.00446676345314,177054751.225,2499.0,1701.0,12.581453634085223,-27.915166066426565,-11.873794791603077,19,False,False,False,False,-12.23472951816771,False,False,False,False,False,False,False,False,False,False,Monitor,[],0,"{'market_cap_inr': 515028823792.0, 'relative_volume': 0.9698641302370262, 'gap_percent': -0.3150959610426812, 'eps_growth_percent': -24.532710280373838, 'revenue_growth_percent': 15.938968802805901, 'fcf_growth_percent': 0.0}",['Eligible stock; no leadership setup currently qualifies']
NCC,NCC Ltd.,Industrials,Construction,Construction,Civil Construction,128.79,-0.9764723973550771,-1.1512779184895239,-13.967935871743487,-10.506566604127588,-12.950321054410274,-38.78220363152391,135.658,141.0182,141.12938461538462,148.41535,False,False,False,False,2.894523754062536,2.80797922159007,-2.9957822854341494,20.410580339518347,1.1363427309243075,272645128.16,217.25,126.65,2.362030905077248,-40.718066743383204,-17.36406536297174,8,False,False,False,False,-12.349410701144638,False,False,False,False,False,False,False,False,False,False,Monitor,[],0,"{'market_cap_inr': 79673729120.0, 'relative_volume': 0.6972497925578404, 'gap_percent': 0.0, 'eps_growth_percent': 12.626213116361146, 'revenue_growth_percent': 12.219370958430119, 'fcf_growth_percent': 0.0}",['Eligible stock; no leadership setup currently qualifies']
JWL,Jupiter Wagons Ltd.,Industrials,Capital Goods,Industrial Manufacturing,Railway Wagons,223.44,-0.2188183807439903,0.5444809431669917,-8.140108534780467,-10.229007633587795,-16.909003012160206,-34.224315572564024,230.823,243.41819999999998,245.38400000000001,273.81635,False,False,False,False,3.330072630555983,2.8392315983142415,-2.46461793252786,13.481345845731308,2.0061842991676477,143144765.875,358.25,218.45,3.5693848354792626,-37.63014654570831,-16.24073968942935,9,False,False,False,False,-12.378781010314928,False,False,False,False,False,False,False,False,False,False,Monitor,[],0,"{'market_cap_inr': 95517275757.0, 'relative_volume': 0.21661279176855858, 'gap_percent': -0.47414564322776986, 'eps_growth_percent': -14.187435098650047, 'revenue_growth_percent': 46.020662563993604, 'fcf_growth_percent': 0.0}",['Eligible stock; no leadership setup currently qualifies']
BSOFT,Birlasoft Ltd.,Information Technology,Information Technology,IT - Software,Computers - Software & Consulting,276.0,2.3169601482854407,0.7115489874110592,-5.882352941176472,-2.006035860110056,-25.516124679530428,-21.21039109334856,278.40999999999997,294.688,292.41,346.32175,False,False,False,False,2.8856107660455486,2.4493866905009476,-2.1976707325208755,13.405729264182732,1.3246106277936198,269840091.325,474.0,267.05,4.3247161150036195,-41.77215189873418,-12.524292563465746,17,False,False,False,False,-12.379150658144809,False,False,False,False,False,False,False,False,False,False,Monitor,[],0,"{'market_cap_inr': 77747440796.0, 'relative_volume': 2.833785557358064, 'gap_percent': -0.017982377270279216, 'eps_growth_percent': 50.793650793650805, 'revenue_growth_percent': 7.354513743503375, 'fcf_growth_percent': 0.0}",['Eligible stock; no leadership setup currently qualifies']
JBMA,JBM Auto Ltd.,Consumer Discretionary,Automobile and Auto Components,Auto Components,Auto Components & Equipments,544.55,-0.018360414945384207,-7.16842823048075,-13.439834684469886,-19.007957165166967,-6.15252046531668,-20.07778674689955,590.97,622.855,634.7746153846153,617.84775,False,False,False,False,3.0615055681624423,2.6763760498724976,-4.1064589437874535,18.634703623934822,1.438517056374781,119533351.72999999,738.5,477.0,25.831739961759066,-26.262694651320253,-11.759532583025159,19,False,True,False,False,-12.473751865052582,False,False,False,False,False,False,False,False,False,False,Monitor,[],0,"{'market_cap_inr': 129338718042.0, 'relative_volume': 0.8752053759200841, 'gap_percent': -0.34734917733089166, 'eps_growth_percent': 14.671293618662034, 'revenue_growth_percent': 15.03891919481928, 'fcf_growth_percent': 0.0}",['Eligible stock; no leadership setup currently qualifies']
NMDC,NMDC Ltd.,Commodities,Metals & Mining,Minerals & Mining,Industrial Minerals,73.74,-1.205787781350487,-4.765594730724542,-12.939787485242038,-11.941724385001196,-12.671719564187589,-4.357976653696493,79.8695,83.0974,83.29923076923076,84.12,False,False,False,False,2.4458522220930696,2.0840229017220637,-4.6040236471160485,17.87571858746235,1.4238232811980494,863192199.7049999,97.49,72.24,5.9405940594059405,-24.361472971586828,-7.157784009799894,31,False,True,False,False,-12.483238231735964,False,False,False,False,False,False,False,False,False,False,Monitor,[],0,"{'market_cap_inr': 640571891030.0, 'relative_volume': 1.870540546356328, 'gap_percent': -0.06868131868131479, 'eps_growth_percent': 0.43338396926101524, 'revenue_growth_percent': 0.8367884182190939, 'fcf_growth_percent': 0.0}",['Eligible stock; no leadership setup currently qualifies']
PATANJALI,Patanjali Foods Ltd.,Fast Moving Consumer Goods,Fast Moving Consumer Goods,Agricultural Food & other Products,Edible Oil,355.7,0.15486414191188125,-8.981576253838286,3.854014598540134,-13.095528951869051,-22.62345007613661,-39.55306313195685,366.96999999999997,357.499,360.23230769230764,442.978,False,False,False,False,4.247158520422505,3.21448921907081,-0.11848349629532172,22.978406552494413,3.1377778827318825,1028477491.025,614.05,328.2,9.620430295609586,-42.073121081345164,-18.471209936012343,5,False,False,False,False,-12.669311513973778,False,False,False,False,False,False,False,False,True,False,65 DMA Setup,[],0,"{'market_cap_inr': 393650046289.0, 'relative_volume': 0.8025765777721574, 'gap_percent': -0.19393267765618194, 'eps_growth_percent': 86.0441282855076, 'revenue_growth_percent': 29.334000439172815, 'fcf_growth_percent': 0.0}",['Eligible stock; no leadership setup currently qualifies']
OLECTRA,Olectra Greentech Ltd.,Consumer Discretionary,Automobile and Auto Components,Automobiles,Passenger Cars & Utility Vehicles,1078.4,-1.6237912789636932,-8.127449309933542,-12.253864930838077,-22.678712267871227,-4.676036418279839,-30.205164714257972,1182.2,1264.512,1288.9276923076923,1208.3777499999999,False,False,False,False,3.6310406952098377,3.039745135227744,-4.053407854890946,21.058042807739042,1.9548217782029746,384358070.015,1578.0,866.6,29.772280011245446,-31.660329531051957,-15.094594071752926,13,False,True,False,False,-12.871430093776384,False,False,False,False,False,False,False,False,False,False,Monitor,[],0,"{'market_cap_inr': 88946789677.0, 'relative_volume': 0.9885997290837156, 'gap_percent': 0.08301817175538151, 'eps_growth_percent': -0.29959003468936046, 'revenue_growth_percent': 65.74523325754161, 'fcf_growth_percent': 0.0}",['Eligible stock; no leadership setup currently qualifies']
FACT,Fertilisers and Chemicals Travancore Ltd.,Commodities,Chemicals,Fertilizers & Agrochemicals,Fertilizers,731.75,-0.43540376896388233,-4.657980456026056,-8.69104067881208,-13.499615816537624,-15.006678668912254,-18.757632952148327,769.5600000000001,799.2719999999999,808.0084615384616,834.936,False,False,False,False,2.9733027478159024,2.7568913743017878,-2.8412638536195938,13.098427089772645,1.6672442131898746,73094772.095,1058.6,652.1,19.59409594095941,-30.87568486680521,-11.930329467672458,18,False,True,False,False,-12.900297173056089,False,False,False,False,False,False,False,False,False,False,Monitor,[],0,"{'market_cap_inr': 483718681762.0, 'relative_volume': 0.4360585055222049, 'gap_percent': -0.5154294129459833, 'eps_growth_percent': -1548.108925869894, 'revenue_growth_percent': 20.19908512903133, 'fcf_growth_percent': 0.0}",['Eligible stock; no leadership setup currently qualifies']
ONGC,Oil & Natural Gas Corporation Ltd.,Energy,Oil Gas & Consumable Fuels,Oil,Oil Exploration & Production,224.9,1.137743400638569,-2.2173913043478266,-4.155124653739617,-8.947368421052627,-22.07207207207208,-7.69925305753919,232.46150000000003,235.4812,238.2073846153846,256.87305,False,False,False,False,1.7807914628723893,1.7769620880735448,-2.5232810026954775,10.22665457842249,1.2242804185491662,2386009051.285,307.5,220.6,4.948216340621417,-26.861788617886173,-8.913984267605546,26,False,False,False,False,-12.999188939632155,False,False,False,False,False,False,False,False,False,False,Monitor,[],0,"{'market_cap_inr': 2788418829368.0, 'relative_volume': 0.7718034295910275, 'gap_percent': 0.27943032269695534, 'eps_growth_percent': 21.367345891289837, 'revenue_growth_percent': 25.677127307076308, 'fcf_growth_percent': 0.0}",['Eligible stock; no leadership setup currently qualifies']
RECLTD,REC Ltd.,Financial Services,Financial Services,Finance,Financial Institution,295.65,2.7454387489139753,-2.5061830173124577,-7.23250705993097,-15.225806451612911,-14.749134948096899,-22.26896279742344,306.5525,327.094,333.8146153846154,346.76425,False,False,False,False,2.2154574665990174,1.8192268038656334,-4.339121321755588,11.111111111111116,1.7250787632993088,1446897801.655,388.3,286.2,9.255631733594502,-23.860417203193418,-13.11923292094704,15,False,False,False,False,-13.03681300228602,False,False,False,False,False,False,False,False,False,False,Monitor,[],0,"{'market_cap_inr': 789308930298.0, 'relative_volume': 0.46220612864422345, 'gap_percent': 0.40147206423554554, 'eps_growth_percent': -6.112352660223714, 'revenue_growth_percent': -6.940455434926037, 'fcf_growth_percent': 0.0}",['Eligible stock; no leadership setup currently qualifies']
LUPIN,Lupin Ltd.,Healthcare,Healthcare,Pharmaceuticals & Biotechnology,Pharmaceuticals,2011.0,-0.9944860181173687,-3.8718929254302092,-5.6754221388367725,-19.243434262308245,-12.340355157126758,1.4990157977085694,2080.4150099999997,2194.360002,2257.2907723076924,2259.978996,False,False,False,False,2.0029132627690553,1.7611105599150012,-4.171906669423742,6.972899864749782,1.0544906086135413,1287048053.455,2529.5,1900.0,17.633042096902305,-20.498122158529352,-6.037049619626098,34,False,True,False,False,-13.090199589367781,False,False,False,False,False,False,False,False,False,False,Monitor,[],0,"{'market_cap_inr': 917826703734.0, 'relative_volume': 0.8238410535352725, 'gap_percent': 0.0, 'eps_growth_percent': 16.040570999248683, 'revenue_growth_percent': 32.04277368489903, 'fcf_growth_percent': 0.0}",['Eligible stock; no leadership setup currently qualifies']
CROMPTON,Crompton Greaves Consumer Electricals Ltd.,Consumer Discretionary,Consumer Durables,Consumer Durables,Household Appliances,211.5,4.341391218549595,-3.336380255941507,-8.993115318416523,-18.308227114716104,-11.097099621689788,-28.353658536585357,221.1625,236.63400000000001,241.64384615384617,253.74654999999998,False,False,False,False,2.3947990543735242,2.2241825901055448,-4.435222254708665,16.56887120835404,1.6124259893949011,452712703.44000006,310.5,201.1,9.506398537477152,-31.88405797101449,-14.883727449322112,13,False,False,False,False,-13.094998168430681,False,False,False,False,False,False,False,False,False,False,Monitor,[],0,"{'market_cap_inr': 135866034607.00002, 'relative_volume': 0.8156773298385523, 'gap_percent': -0.18984337921213917, 'eps_growth_percent': 14.857323365273245, 'revenue_growth_percent': 11.843830379214747, 'fcf_growth_percent': 0.0}",['Eligible stock; no leadership setup currently qualifies']
DMART,Avenue Supermarts Ltd.,Consumer Discretionary,Consumer Services,Retailing,Diversified Retail,3567.0,-6.451612903225811,-6.217957144735109,-5.384615384615388,-11.677316107628489,-19.218228118076176,-19.26941696698844,3748.2049850000003,3849.795994,3885.15384,4002.940504,False,False,False,False,2.41519464135528,1.9882227032389523,-3.0414690426933997,9.440667926550649,1.6910300830858092,1758470524.5,4644.0,3545.3,1.9750614362428163,-23.191214470284237,-12.39579078551688,17,False,True,False,True,-13.120505731054289,False,False,False,False,False,False,False,False,False,False,Monitor,[],0,"{'market_cap_inr': 2368892080848.0, 'relative_volume': 0.5061562458814188, 'gap_percent': -0.022002200220027007, 'eps_growth_percent': 11.392405063291136, 'revenue_growth_percent': 14.883096878304613, 'fcf_growth_percent': 0.0}",['Eligible stock; no leadership setup currently qualifies']
AMBUJACEM,Ambuja Cements Ltd.,Commodities,Construction Materials,Cement & Cement Products,Cement & Cement Products,366.5,1.1732229123533555,-2.0969680780018707,-9.506172839506178,-12.966041320351462,-15.562723188572747,-36.388093378460475,382.6175,404.556,410.8892307692308,452.82574999999997,False,False,False,False,2.286104073280063,1.8837184994092138,-4.11479775619968,12.531574515857425,1.4617918675167112,461190319.645,588.75,356.3,4.388040438804039,-37.74946921443737,-17.375157151521826,7,False,False,False,False,-13.139746947428655,False,False,False,False,False,False,False,False,False,False,Monitor,[],0,"{'market_cap_inr': 885837309937.0, 'relative_volume': 1.1854299018736385, 'gap_percent': 0.0, 'eps_growth_percent': -34.180839002267575, 'revenue_growth_percent': -7.516595080046856, 'fcf_growth_percent': 0.0}",['Eligible stock; no leadership setup currently qualifies']
CHOLAHLDNG,Cholamandalam Financial Holdings Ltd.,Financial Services,Financial Services,Finance,Investment Company,1404.4,2.5408878504673105,0.27131229473085217,-6.547777482033523,-17.354204672512207,-14.040886277390129,-26.378695743342405,1467.96,1518.098,1536.78,1605.1025,False,False,False,False,3.3985026650933814,2.8479895616227937,-2.2037656140817132,16.02135177806181,1.2193264177569783,211280838.44,2064.0,1305.0,13.096179183135717,-31.95736434108527,-14.569068322050905,13,False,False,False,False,-13.327270516843704,False,False,False,False,False,False,False,False,False,False,Monitor,[],0,"{'market_cap_inr': 262991738923.0, 'relative_volume': 0.19969261734084712, 'gap_percent': 0.40635916446852816, 'eps_growth_percent': 39.31906633731177, 'revenue_growth_percent': 19.518062016743134, 'fcf_growth_percent': 0.0}",['Eligible stock; no leadership setup currently qualifies']
INFY,Infosys Ltd.,Information Technology,Information Technology,IT - Software,Computers - Software & Consulting,1020.5,-1.400966183574881,1.7244816586921896,-9.690265486725668,-4.563733283456461,-23.362871733253222,-29.45527443660998,1034.1100000000001,1100.728,1094.2646153846154,1249.6705,False,False,False,False,2.3874851263386287,2.111228891820076,-3.0528486718784715,11.964504283965738,1.8009761373351065,8961031981.744999,1728.0,980.4,5.363830925628681,-40.94328703703704,-15.562392920229989,11,False,False,False,False,-13.365021714192466,False,False,False,False,False,False,False,False,False,False,Monitor,[],0,"{'market_cap_inr': 4026216127020.0, 'relative_volume': 1.4796064986606794, 'gap_percent': 1.0080645161290323, 'eps_growth_percent': 14.956432045385034, 'revenue_growth_percent': 14.030606211121361, 'fcf_growth_percent': 4.208103402484729}",['Eligible stock; no leadership setup currently qualifies']
JSWCEMENT,JSW Cement Ltd.,Commodities,Construction Materials,Cement & Cement Products,Cement & Cement Products,111.09,-0.4569892473118231,-1.2445550715619036,-10.461836060288544,-17.36219593840661,-11.910237094599951,-19.998559700417694,116.17349999999999,123.52420000000001,126.71046153846154,124.4615,False,False,False,False,2.2671450432725067,1.9406419412950835,-4.440036018101748,11.375661375661373,0.9775929862734724,165093253.49,143.4,106.65,12.081632653061218,-22.531380753138073,-12.604939357548291,16,False,True,False,False,-13.45632243135443,False,False,False,False,False,False,False,False,False,False,Monitor,[],0,"{'market_cap_inr': 152969534047.0, 'relative_volume': 1.2793955499038703, 'gap_percent': 0.32994471196718794, 'eps_growth_percent': 0.0, 'revenue_growth_percent': 21.578771909579313, 'fcf_growth_percent': 0.0}",['Eligible stock; no leadership setup currently qualifies']
TTML,Tata Teleservices (Maharashtra) Ltd.,Telecommunication,Telecommunication,Telecom - Services,Telecom - Cellular & Fixed line services,34.33,-1.407237219988522,-5.13954130975407,-9.035506094329637,-14.877262583684603,-15.045780747339766,-39.271183442419954,35.458999999999996,37.2954,38.01692307692308,41.44575,False,False,False,False,4.128001331613335,3.305660117942536,-1.9261414849310312,13.031914893617014,2.0864481993563095,55676023.96,60.08,31.22,10.776160776160774,-42.85952063914781,-18.492206742396576,5,False,False,False,False,-13.484230726807926,False,False,False,False,False,False,False,False,False,False,Monitor,[],0,"{'market_cap_inr': 66467542969.0, 'relative_volume': 0.186341264148265, 'gap_percent': 0.0, 'eps_growth_percent': 77.79716073147257, 'revenue_growth_percent': 6.0932277924362355, 'fcf_growth_percent': 0.0}",['Eligible stock; no leadership setup currently qualifies']
FORCEMOT,Force Motors Ltd.,Consumer Discretionary,Automobile and Auto Components,Automobiles,Passenger Cars & Utility Vehicles,16650.0,-0.8928571428571397,-2.631578947368418,-4.857142857142859,-6.795790416480074,-24.891735835438467,-0.9341345867793227,17314.1,17698.36,17753.89230769231,19590.67,False,False,False,False,2.2711282711282714,2.2526113279056856,-2.60816915153794,11.010895883777238,1.6448173118956533,1055514600.0,26450.0,14911.0,15.070630037264928,-37.051039697542535,-7.297756084754849,30,False,True,False,False,-13.549506694229128,False,False,False,False,False,False,False,False,False,False,Monitor,[],0,"{'market_cap_inr': 223337639236.0, 'relative_volume': 0.7498208673838083, 'gap_percent': 0.25949516395376265, 'eps_growth_percent': 22.815190100430407, 'revenue_growth_percent': 6.214386766786375, 'fcf_growth_percent': 0.0}",['Eligible stock; no leadership setup currently qualifies']
GICRE,General Insurance Corporation of India,Financial Services,Financial Services,Insurance,General Insurance,319.1,-1.481938870021593,-3.0974795019738766,-10.977821174501312,-10.402920117927827,-17.979694126718925,-12.79037988521453,338.15749999999997,348.68699999999995,351.7630769230769,369.89425000000006,False,False,False,False,2.6033039351748184,2.3955941702345274,-3.259419810785024,12.408643152208466,1.7752343424661583,151653725.235,417.95,314.7,4.261501210653786,-23.651154444311516,-10.600901334635255,22,False,True,False,True,-13.577354985587636,False,False,False,False,False,False,False,False,False,False,Monitor,[],0,"{'market_cap_inr': 556320258450.0, 'relative_volume': 0.7538582317395482, 'gap_percent': 0.0, 'eps_growth_percent': -31.096351964060396, 'revenue_growth_percent': -8.856196394743124, 'fcf_growth_percent': 0.0}",['Eligible stock; no leadership setup currently qualifies']
HAVELLS,Havells India Ltd.,Consumer Discretionary,Consumer Durables,Consumer Durables,Consumer Electronics,1046.7,0.6442307692307692,-3.5299539170506877,-9.298093587521661,-13.338301043219069,-16.730310262529823,-29.661985081647735,1087.285,1188.478,1191.3307692307692,1259.175,False,False,False,False,2.24173934406093,1.9220681534870299,-5.32148184369431,13.052901192000776,1.68288712427982,784182229.4200001,1520.0,1015.1,6.258665082194499,-31.13815789473684,-15.769453827584346,10,False,False,False,False,-13.685052867019019,False,False,False,False,False,False,False,False,False,False,Monitor,[],0,"{'market_cap_inr': 664901563416.0, 'relative_volume': 0.739354135097083, 'gap_percent': 0.0, 'eps_growth_percent': -16.606498194945846, 'revenue_growth_percent': 19.482526327366713, 'fcf_growth_percent': 0.0}",['Eligible stock; no leadership setup currently qualifies']
GODREJPROP,Godrej Properties Ltd.,Consumer Discretionary,Realty,Realty,Residential Commercial Projects,1599.9,0.2569244266198867,-4.186130075458127,-19.27850655903127,-19.176559737307397,-5.6384547331170705,-21.303492375799305,1701.2549999999999,1905.861994,1947.0461507692307,1828.4084990000001,False,False,False,False,2.3407712982061373,2.612867686674666,-6.858309017388625,22.960551512830342,2.035607148592921,809867293.865,2352.0,1434.0,18.07189542483661,-31.97704081632653,-12.890975976254516,16,False,False,False,False,-13.786804441062234,False,False,False,False,False,False,False,False,False,False,Monitor,[],0,"{'market_cap_inr': 475937872314.0, 'relative_volume': 2.015066486959405, 'gap_percent': -0.07593975446146345, 'eps_growth_percent': -41.66553736969168, 'revenue_growth_percent': -16.99026130318328, 'fcf_growth_percent': 0.0}",['Eligible stock; no leadership setup currently qualifies']
CIEINDIA,CIE Automotive India Ltd.,Consumer Discretionary,Automobile and Auto Components,Auto Components,Auto Components & Equipments,378.0,0.4384216819449893,-1.3955914960219196,-1.9073569482288888,-16.2048326313456,-19.42016627584737,-6.168549087749787,382.815,394.91,409.0753846153846,436.34324999999995,False,False,False,False,2.8174603174603177,2.3722954533749085,-1.519804298429917,8.503679476696657,1.4081585595165937,78562377.01,526.0,366.9,6.976744186046526,-28.136882129277563,-9.136402234547944,25,False,False,False,False,-13.91659716836713,False,False,False,False,False,False,False,False,False,False,Monitor,[],0,"{'market_cap_inr': 143588655426.0, 'relative_volume': 0.7181086028828311, 'gap_percent': -0.3564827039873161, 'eps_growth_percent': 15.76298671040614, 'revenue_growth_percent': 10.618259825648249, 'fcf_growth_percent': 0.0}",['Eligible stock; no leadership setup currently qualifies']
HUDCO,Housing & Urban Development Corporation Ltd.,Financial Services,Financial Services,Finance,Financial Institution,162.09,0.340472947876691,-3.8954108858057612,-10.20939508087747,-20.481750392464683,-10.905293244654535,-30.66854869754908,170.70850000000002,182.4136,187.24076923076922,196.73884999999999,False,False,False,False,2.9921648466901067,2.497009775778336,-3.723556156443214,12.344053664347054,1.619121078997453,240300522.60500002,246.85,159.0,3.517359134889019,-34.33664168523395,-16.24647536830694,9,False,False,False,False,-14.083078705443821,False,False,False,False,False,False,False,False,False,False,Monitor,[],0,"{'market_cap_inr': 324407905066.0, 'relative_volume': 1.063879509273292, 'gap_percent': -0.17924469991964403, 'eps_growth_percent': 35.04542278127183, 'revenue_growth_percent': 31.868283079181165, 'fcf_growth_percent': 0.0}",['Eligible stock; no leadership setup currently qualifies']
INTELLECT,Intellect Design Arena Ltd.,Information Technology,Information Technology,IT - Software,Computers - Software & Consulting,600.2,-1.7595547917178211,-4.96397751563612,-12.590111410471117,-19.95198719658574,-10.64463302069376,-39.13396207281209,648.76,680.982,697.3100000000001,741.342,False,False,False,False,3.3125862807635533,2.9075951085994167,-3.581061419425039,17.43088334457181,1.6385102230562887,172394315.485,1244.6,593.2,1.074608535462082,-51.775670898280566,-18.93256796416692,5,False,True,False,False,-14.388576579700294,False,False,False,False,False,False,False,False,False,False,Monitor,[],0,"{'market_cap_inr': 83112128842.0, 'relative_volume': 1.5447427414917085, 'gap_percent': 0.0, 'eps_growth_percent': 8.1203007518797, 'revenue_growth_percent': 20.447805224251784, 'fcf_growth_percent': 0.0}",['Eligible stock; no leadership setup currently qualifies']
MARUTI,Maruti Suzuki India Ltd.,Consumer Discretionary,Automobile and Auto Components,Automobiles,Passenger Cars & Utility Vehicles,11532.0,1.2822764798875896,-3.964023984010656,-9.153930991019376,-17.339258834492156,-15.137243358598862,-27.040364418575223,12113.55,13051.5,13203.538461538461,13866.12,False,False,False,False,1.924458649224518,1.622109315338657,-6.049670106248032,12.852720035382582,1.37679917847464,4192541416.5,17370.0,11305.0,3.742786479802143,-33.609671848013825,-15.483662615826233,12,False,False,False,False,-14.412120683266643,False,False,False,False,False,False,False,False,False,False,Monitor,[],0,"{'market_cap_inr': 3612438101019.0, 'relative_volume': 0.9220539705172922, 'gap_percent': -0.14847161572052403, 'eps_growth_percent': -9.110331082783956, 'revenue_growth_percent': 35.913814719260614, 'fcf_growth_percent': 0.0}",['Eligible stock; no leadership setup currently qualifies']
CESC,CESC Ltd.,Utilities,Power,Power,Integrated Power Utilities,133.73,1.6030998328521395,-1.7990894404464775,-8.716723549488059,-18.34778361216266,-14.609539620713885,-19.599591174171838,140.4835,151.1916,154.09061538461538,161.8148,False,False,False,False,2.106590037495595,2.272420518374266,-5.4824710417951605,18.242774566473983,1.313396624450591,210544358.825,204.5,129.75,5.324414715719049,-34.60635696821517,-13.279669599327654,15,False,False,False,False,-14.444720999914502,False,False,False,False,False,False,False,False,False,False,Monitor,[],0,"{'market_cap_inr': 173914836970.0, 'relative_volume': 0.951246363910302, 'gap_percent': 0.0, 'eps_growth_percent': 3.8773762630587414, 'revenue_growth_percent': 5.440215301806997, 'fcf_growth_percent': 0.0}",['Eligible stock; no leadership setup currently qualifies']
MUTHOOTFIN,Muthoot Finance Ltd.,Financial Services,Financial Services,Finance,Non Banking Financial Company (NBFC),2716.3999,0.7155759624939417,-1.5797137681159423,-6.7746619534628465,-11.89959134693349,-21.83471742633517,-14.24422861964173,2789.62002,2895.4720039999997,2928.6969215384615,3290.8449939999996,False,False,False,False,2.028420568183436,1.87653587794249,-3.0489518125958783,8.3230643028527,1.4259105967967236,1432106467.13,4149.5,2671.0,3.070672979370977,-34.53669357753947,-11.937256868943933,18,False,False,False,False,-14.592409430326502,False,False,False,False,False,False,False,False,False,False,Monitor,[],0,"{'market_cap_inr': 1065918895059.0, 'relative_volume': 1.1679588642327048, 'gap_percent': -0.16576250753466285, 'eps_growth_percent': 38.82888695077318, 'revenue_growth_percent': 34.075454235509326, 'fcf_growth_percent': 0.0}",['Eligible stock; no leadership setup currently qualifies']
VOLTAS,Voltas Ltd.,Consumer Discretionary,Consumer Durables,Consumer Durables,Household Appliances,1061.3,0.7690846942650875,-6.534566270365483,-9.290598290598295,-15.33982131461391,-17.337798893994872,-21.986180535136736,1117.935,1199.7939999999999,1228.7830769230768,1327.8725,False,False,False,False,2.749996634854824,2.3905725731381033,-4.197513587523831,13.300019219680959,1.8354565946739045,631532556.49,1582.5,1040.6,3.8198929691825136,-32.93522906793049,-14.148214826380768,14,False,False,False,False,-14.626706590362392,False,False,False,False,False,False,False,False,False,False,Monitor,[],0,"{'market_cap_inr': 348785591198.0, 'relative_volume': 0.5440783615316117, 'gap_percent': -0.35957607872823194, 'eps_growth_percent': 52.186101295641926, 'revenue_growth_percent': 18.659516881718794, 'fcf_growth_percent': 0.0}",['Eligible stock; no leadership setup currently qualifies']
FORTIS,Fortis Healthcare Ltd.,Healthcare,Healthcare,Healthcare Services,Hospital,763.8,-2.700636942675161,-8.058982846825169,-15.602209944751388,-19.06754966887417,-10.146461972825128,-22.09302325581396,858.9675,897.748,911.5715384615385,910.29,False,False,False,False,3.2735757303707014,2.5367837364163393,-4.5578433523575725,23.217280472261347,1.9167741374358205,876804137.155,1104.3,745.35,5.139991642289995,-30.83401249660418,-13.901540402921041,14,False,True,False,True,-14.632779659423857,False,False,False,False,False,False,False,False,False,False,Monitor,[],0,"{'market_cap_inr': 588980603460.0, 'relative_volume': 0.6062779883569892, 'gap_percent': 0.0, 'eps_growth_percent': 2.3465599257454515, 'revenue_growth_percent': 17.460031753064538, 'fcf_growth_percent': 0.0}",['Eligible stock; no leadership setup currently qualifies']
IEX,Indian Energy Exchange Ltd.,Financial Services,Financial Services,Capital Markets,Exchange and Data Platform,104.3,-1.5852047556142779,-6.331387516838793,-12.286603313430323,-10.709699512028081,-19.577453928598963,-27.362629709589804,111.826,119.69120000000001,120.15692307692308,124.95360000000001,False,False,False,False,2.1264210382139423,1.944194751620334,-6.0472928435680195,14.383298056571103,1.4542261352658985,309407003.96500003,160.27,103.94,0.6390910704775419,-34.92231858738379,-15.724916391876263,10,False,True,False,True,-14.651027229006996,False,False,False,False,False,False,False,False,False,False,Monitor,[],0,"{'market_cap_inr': 94519431396.0, 'relative_volume': 0.9982696484758867, 'gap_percent': -0.13226263580538553, 'eps_growth_percent': 11.846767050487163, 'revenue_growth_percent': 11.375760662681285, 'fcf_growth_percent': 0.0}",['Eligible stock; no leadership setup currently qualifies']
MFSL,Max Financial Services Ltd.,Financial Services,Financial Services,Insurance,Life Insurance,1348.0,-3.1609195402298895,-7.5445816186556875,-12.296681847755364,-16.21604823171111,-15.043801600806706,-16.88760096183489,1472.575,1512.608,1525.9415384615384,1616.5875,False,False,False,False,4.6306697753285295,3.1813779705985024,-2.3500696496706635,18.702460850111848,3.07240587384009,1228471760.5149999,1892.5,1341.0,1.2692656391659112,-28.771466314398943,-12.600411029281625,17,False,True,False,True,-14.767307983360412,False,False,False,False,False,False,False,False,False,False,Monitor,[],0,"{'market_cap_inr': 466595177979.0, 'relative_volume': 0.21205256524865335, 'gap_percent': 0.36428518325775716, 'eps_growth_percent': 37.12427318419238, 'revenue_growth_percent': 16.777596706407067, 'fcf_growth_percent': 0.0}",['Eligible stock; no leadership setup currently qualifies']
UBL,United Breweries Ltd.,Fast Moving Consumer Goods,Fast Moving Consumer Goods,Beverages,Breweries & Distilleries,1183.3,-0.4626514131897741,-5.434348277791101,-7.857031615013243,-12.902988370381275,-20.928833945873706,-34.217255948410056,1234.0549999999998,1316.7320000000002,1327.0553846153848,1434.616,False,False,False,False,3.2940565730221762,2.8862139387478623,-3.0763203042400398,14.452337104270807,1.8804068163370953,154886870.91,1844.0,1140.3,6.11055847662356,-35.829718004338396,-18.070604728530498,6,False,False,False,False,-14.85183741173624,False,False,False,False,False,False,False,False,False,False,Monitor,[],0,"{'market_cap_inr': 313875348733.0, 'relative_volume': 0.7907300811801146, 'gap_percent': 0.2445812600151694, 'eps_growth_percent': -9.539696006672326, 'revenue_growth_percent': 7.071137303094627, 'fcf_growth_percent': 0.0}",['Eligible stock; no leadership setup currently qualifies']
JKTYRE,JK Tyre & Industries Ltd.,Consumer Discretionary,Automobile and Auto Components,Auto Components,Tyres & Rubber Products,338.85,-0.44072278536800846,0.3108348134991168,-7.758268681094327,-14.658103513411403,-19.532177630016623,-9.264961842281416,347.665,370.975,378.32307692307694,424.811,False,False,False,False,2.6086131663820917,2.181151391553371,-3.3196233512427313,10.61242870009005,1.557520327109921,156180276.615,611.9,333.1,2.062410329985653,-44.623304461513314,-10.589883947604477,22,False,False,False,False,-14.882774451974221,False,False,False,False,False,False,False,False,False,False,Monitor,[],0,"{'market_cap_inr': 96101303166.0, 'relative_volume': 0.8395661258897008, 'gap_percent': 0.0, 'eps_growth_percent': -74.39189982062929, 'revenue_growth_percent': 1.9979632664243951, 'fcf_growth_percent': 0.0}",['Eligible stock; no leadership setup currently qualifies']
CANFINHOME,Can Fin Homes Ltd.,Financial Services,Financial Services,Finance,Housing Finance Company,724.7,1.9268635724331906,-3.7902422834384275,-9.96956332691471,-20.345130797977575,-13.219973655849593,-7.439810971326388,762.4649999999999,793.405,813.8569230769231,854.74025,False,False,False,False,2.713930887657947,2.37577485186988,-3.1907635858380785,16.34285714285715,1.0648528036077038,200500827.64499998,971.5,700.0,9.097605893186019,-25.404014410705088,-9.90212851208246,23,False,False,False,False,-14.901176073360666,False,False,False,False,False,False,False,False,False,False,Monitor,[],0,"{'market_cap_inr': 96929883081.0, 'relative_volume': 0.708677706339631, 'gap_percent': 0.041265474552951105, 'eps_growth_percent': 19.629931422521725, 'revenue_growth_percent': 7.440307956456463, 'fcf_growth_percent': 0.0}",['Eligible stock; no leadership setup currently qualifies']
SWANCORP,Swan Corp Ltd.,Commodities,Chemicals,Chemicals & Petrochemicals,Petrochemicals,262.9,-3.629032258064524,-9.250949257852959,-6.607460035523982,-16.658741480424798,-18.795366795366796,-42.51667213293977,288.635,296.754,300.91615384615386,343.64775000000003,False,False,False,False,3.3228277998152462,3.673714068100743,-3.4332511406561594,20.50057317539169,2.2210484226163443,245163425.76,493.6,261.7,0.517464424320823,-46.73824959481362,-20.671891979324833,3,False,True,False,True,-15.000571245176392,False,False,False,False,False,False,False,False,False,False,Monitor,[],0,"{'market_cap_inr': 85197575794.0, 'relative_volume': 1.528214674486015, 'gap_percent': 0.0, 'eps_growth_percent': -264.2143208258234, 'revenue_growth_percent': -16.439085141474383, 'fcf_growth_percent': 0.0}",['Eligible stock; no leadership setup currently qualifies']
MSUMI,Motherson Sumi Wiring India Ltd.,Consumer Discretionary,Automobile and Auto Components,Auto Components,Auto Components & Equipments,32.89,-1.9087384431852095,-5.4885057471264265,-9.93975903614458,-19.288343558282207,-14.748574390876101,-28.093572365544382,35.122,37.6278,38.23707692307692,40.396950000000004,False,False,False,False,2.558311253963425,2.2698244735542983,-4.921692944017817,13.302752293577957,1.1636154144310493,309431870.745,53.59,32.7,0.9095260890378062,-38.62660944206009,-16.288169697316448,9,False,True,False,True,-15.135289760785358,False,False,False,False,False,False,False,False,False,False,Monitor,[],0,"{'market_cap_inr': 222558589498.0, 'relative_volume': 0.6664185613364557, 'gap_percent': -0.3574620196604034, 'eps_growth_percent': 1.5291936978683955, 'revenue_growth_percent': 36.61664053760379, 'fcf_growth_percent': 0.0}",['Eligible stock; no leadership setup currently qualifies']
NBCC,NBCC (India) Ltd.,Industrials,Construction,Construction,Civil Construction,76.2,-1.5503875968992276,-4.999376636329622,-12.009237875288669,-19.603291833720192,-13.241489240578385,-32.63790664780763,81.3965,86.9266,89.24507692307692,95.52510000000001,False,False,False,False,2.6434195725534284,2.2103928724782684,-4.668133755889232,13.663366336633654,1.543784245738306,420545535.98,125.85,75.75,0.898203592814377,-39.451728247914176,-17.588503331637217,7,False,True,False,True,-15.160057306855588,False,False,False,False,False,False,False,False,False,False,Monitor,[],0,"{'market_cap_inr': 207360008240.0, 'relative_volume': 0.8750046215300019, 'gap_percent': 0.0, 'eps_growth_percent': 17.163874131589704, 'revenue_growth_percent': -5.557345649663791, 'fcf_growth_percent': 0.0}",['Eligible stock; no leadership setup currently qualifies']
MAZDOCK,Mazagoan Dock Shipbuilders Ltd.,Industrials,Capital Goods,Industrial Manufacturing,Ship Building & Allied Services,2074.0,0.4844961240310086,-2.9934518241347075,-16.202020202020208,-15.371118455951349,-14.842948059946625,-28.018602714052687,2224.175,2388.242,2383.783075384615,2430.798495,False,False,False,False,2.622949786471966,2.4738148409769867,-5.016443463100502,22.070697124852302,1.6443435360338852,1277657179.475,2929.7,2031.2,4.763494713411237,-29.207768713520153,-16.254023801888728,9,False,False,False,False,-15.367575734066673,False,False,False,False,False,False,False,False,False,False,Monitor,[],0,"{'market_cap_inr': 833161211389.0, 'relative_volume': 1.3624292516896985, 'gap_percent': -0.45533811276884767, 'eps_growth_percent': 21.511285574092256, 'revenue_growth_percent': 12.077666353086354, 'fcf_growth_percent': 0.0}",['Eligible stock; no leadership setup currently qualifies']
IRFC,Indian Railway Finance Corporation Ltd.,Financial Services,Financial Services,Finance,Financial Institution,76.5,-0.7267064624967623,-2.609802673456396,-8.273381294964032,-12.571428571428566,-22.327139811148335,-39.21334922526817,79.765,83.82600000000001,84.8936923076923,98.6488,False,False,False,False,2.2063492063492074,1.9647340678710001,-3.9610827979231407,9.032342887194321,1.3484898348288792,597657674.145,137.17,76.06,0.7200130911471082,-44.22978785448712,-19.968486973424763,4,False,True,False,True,-15.399201248200342,False,False,False,False,False,False,False,False,False,False,Monitor,[],0,"{'market_cap_inr': 996473571777.0, 'relative_volume': 0.8211587816542499, 'gap_percent': 0.11818778726196874, 'eps_growth_percent': 10.39826321305583, 'revenue_growth_percent': 21.292987811929045, 'fcf_growth_percent': 0.0}",['Eligible stock; no leadership setup currently qualifies']
SAMMAANCAP,Sammaan Capital Ltd.,Financial Services,Financial Services,Finance,Housing Finance Company,133.11,0.47554347826088694,-4.113240167122878,-15.96060357345791,-18.407502758367034,-13.311624877889939,-19.341937829485545,141.929,150.2802,153.28846153846155,152.7257,False,False,False,False,2.7801925367848255,2.583594938683641,-4.1095920856897825,19.484615384615388,1.3431661905429104,560426218.77,192.95,129.0,6.426896012509796,-31.01321585903083,-13.914510963221154,14,False,False,False,False,-15.757426809948914,False,False,False,False,False,False,False,False,False,False,Monitor,[],0,"{'market_cap_inr': 152775356323.0, 'relative_volume': 1.1745913811216306, 'gap_percent': -0.31593199939821537, 'eps_growth_percent': -50.114371927775345, 'revenue_growth_percent': -30.1573401177872, 'fcf_growth_percent': 0.0}",['Eligible stock; no leadership setup currently qualifies']
ITI,ITI Ltd.,Telecommunication,Telecommunication,Telecom - Equipment & Accessories,Telecom - Equipment & Accessories,240.75,-0.3270679804587173,-2.054515866558182,-11.651376146788994,-15.496665496665486,-19.045697568848986,-23.777109387367425,253.9215,268.1946,271.90276923076925,283.95915,False,False,False,False,2.8099688473520237,2.531583162993393,-3.6417101033314445,14.076344853651367,1.1978633961966463,38181980.89,372.85,237.0,2.760397497239602,-35.42979750569935,-15.591190808447708,11,False,True,False,False,-15.954955988069763,False,False,False,False,False,False,False,False,False,False,Monitor,[],0,"{'market_cap_inr': 236714509173.0, 'relative_volume': 0.4210318217385414, 'gap_percent': -0.23999349170192136, 'eps_growth_percent': 49.41087613293052, 'revenue_growth_percent': -14.654324210357222, 'fcf_growth_percent': 0.0}",['Eligible stock; no leadership setup currently qualifies']
RPOWER,Reliance Power Ltd.,Utilities,Power,Power,Power Generation,20.09,3.5033487892838666,0.6513026052104243,-9.01268115942029,-18.432805521721473,-18.39967506092608,-56.77710843373494,20.759999999999998,22.1076,22.642923076923076,26.0124,False,False,False,False,3.1110004977600805,2.972421244521195,-2.9335492952649784,19.958093242535348,1.4053157947870998,349172391.56,50.73,19.09,3.160556257901391,-60.398186477429526,-25.635614528139783,1,False,False,False,False,-16.06452224682802,False,False,False,False,False,False,False,False,False,False,Monitor,[],0,"{'market_cap_inr': 84080224035.0, 'relative_volume': 0.7013114983660373, 'gap_percent': -0.04921259842520455, 'eps_growth_percent': 47.64150943396227, 'revenue_growth_percent': 3.7516307979507633, 'fcf_growth_percent': 0.0}",['Eligible stock; no leadership setup currently qualifies']
DELHIVERY,Delhivery Ltd.,Services,Services,Transport Services,Logistics Solution Provider,400.3,0.07500000000000284,-1.7668711656441682,-12.579165756715438,-20.227182144280587,-14.802596573374483,-8.461010747770414,425.63500000000005,447.94800000000004,458.48923076923074,445.17900000000003,False,False,False,False,2.639984297491167,2.418268712095847,-4.029171287753847,15.415617128463467,1.6406310819193406,1094592014.9,524.0,374.45,17.285188900033447,-23.606870229007626,-11.045228521318997,21,False,False,False,False,-16.14534381902686,False,False,False,False,False,False,False,False,False,False,Monitor,[],0,"{'market_cap_inr': 298968454651.0, 'relative_volume': 0.6294661894948237, 'gap_percent': -0.1632550546276472, 'eps_growth_percent': -65.0, 'revenue_growth_percent': 27.756265145481628, 'fcf_growth_percent': 0.0}",['Eligible stock; no leadership setup currently qualifies']
NATCOPHARM,NATCO Pharma Ltd.,Healthcare,Healthcare,Pharmaceuticals & Biotechnology,Pharmaceuticals,821.5,0.02435163764764603,-0.03678500291370845,-0.8628492125746678,-14.984994308185861,-26.89329892320015,-0.12765181447935703,821.242375,862.24695,883.9315,941.3009875,True,False,False,False,2.4950030432136305,2.3938784474120545,-1.894054013867866,6.4264079836344745,1.0235291143516798,408312328.58000004,1226.8,792.05,6.774008050603805,-33.03716987283991,-9.104437105634583,25,False,False,False,False,-16.21777988028878,False,False,False,False,False,False,False,False,False,False,Monitor,[],0,"{'market_cap_inr': 158935278313.0, 'relative_volume': 0.5846324091518325, 'gap_percent': 0.35180841871374186, 'eps_growth_percent': -57.04186465826494, 'revenue_growth_percent': -44.676047859131614, 'fcf_growth_percent': 0.0}",['Eligible stock; no leadership setup currently qualifies']
BLS,BLS International Services Ltd.,Consumer Discretionary,Consumer Services,Leisure Services,Tour Travel Related Services,215.75,-0.3510230474342957,-2.472651658982006,-9.648645253151301,-11.104243922538103,-24.802202781360016,-34.641017873371716,226.4855,241.3998,240.28907692307695,264.10200000000003,False,False,False,False,2.633007780168846,2.4478099214987283,-4.035477542425138,14.221698113207548,1.0564673609433088,131961179.845,359.0,212.0,2.5510204081632653,-39.9025069637883,-19.178799890424806,5,False,True,False,True,-16.21952779872017,False,False,False,False,False,False,False,False,False,False,Monitor,[],0,"{'market_cap_inr': 90891804947.0, 'relative_volume': 1.0371230582721236, 'gap_percent': 0.0, 'eps_growth_percent': 10.654061725722256, 'revenue_growth_percent': 25.326497086193207, 'fcf_growth_percent': 0.0}",['Eligible stock; no leadership setup currently qualifies']
BDL,Bharat Dynamics Ltd.,Industrials,Capital Goods,Aerospace & Defense,Aerospace & Defense,1096.2,0.7629377700156148,-1.6860986547085122,-12.653386454183268,-18.0349932705249,-17.299132402866835,-29.77128579665578,1151.815,1244.776,1254.3323076923077,1314.589,False,False,False,False,2.7973258268824797,2.6691132792323002,-4.266919019917722,17.81179985063479,1.8238047706782483,1113856080.0,1633.4,1071.2,4.446816079686943,-32.888453532508876,-17.650357671013563,7,False,False,False,False,-16.395247219376266,False,False,False,False,False,False,False,False,False,False,Monitor,[],0,"{'market_cap_inr': 398086875000.0, 'relative_volume': 0.8284182886176663, 'gap_percent': -0.1198156682027608, 'eps_growth_percent': 547.3631642029563, 'revenue_growth_percent': 130.80813458691802, 'fcf_growth_percent': 0.0}",['Eligible stock; no leadership setup currently qualifies']
PIIND,PI Industries Ltd.,Commodities,Chemicals,Fertilizers & Agrochemicals,Pesticides & Agrochemicals,2220.0,-0.7155635062611854,-5.4916985951468655,-9.939148073022308,-13.69591416242274,-22.935397646405388,-38.62316837157865,2320.395,2472.594008,2512.2077,2843.150506,False,False,False,False,2.70238063063063,2.4277865241229257,-3.7802777680335926,10.84892743039707,1.9193867013621493,338766451.5,3832.8999,2191.0,1.7662465294017011,-42.08040757860647,-20.504896482352308,3,False,True,False,True,-16.45251603366569,False,False,False,False,False,False,False,False,False,False,Monitor,[],0,"{'market_cap_inr': 336010122678.0, 'relative_volume': 1.090214329259789, 'gap_percent': 0.12217194570134923, 'eps_growth_percent': -38.93437025796661, 'revenue_growth_percent': -10.428834517232307, 'fcf_growth_percent': 0.0}",['Eligible stock; no leadership setup currently qualifies']
IRCON,IRCON International Ltd.,Industrials,Construction,Construction,Civil Construction,106.88,-3.056689342403629,3.5157384987893447,-10.373165618448644,-17.147286821705432,-19.898073896425096,-38.78228993642247,110.00750000000001,118.9374,121.3086153846154,138.28015,False,False,False,False,4.229710222412319,3.48795327451908,-2.396760360445264,21.023622047244107,3.773629992416569,202912397.54500002,186.44,101.6,6.223479490806224,-42.673246084531215,-20.56938162344599,3,False,False,False,False,-16.5540713507791,False,False,False,False,False,False,False,False,False,False,Monitor,[],0,"{'market_cap_inr': 100306005860.0, 'relative_volume': 0.18249825676047446, 'gap_percent': -0.009375585974114857, 'eps_growth_percent': -43.64748242555867, 'revenue_growth_percent': 9.491792999977607, 'fcf_growth_percent': 0.0}",['Eligible stock; no leadership setup currently qualifies']
TIINDIA,Tube Investments of India Ltd.,Consumer Discretionary,Automobile and Auto Components,Auto Components,Auto Components & Equipments,2320.0,-0.8547008547008517,-5.652704351362347,-14.010378057820605,-19.98344209089612,-15.430321146064962,-26.02276949004275,2525.540025,2690.618004,2738.809233846154,2742.989,False,False,False,False,2.70381804187192,2.4791509809662307,-5.094446516815775,18.08353387392101,1.222417013743077,487983500.38,3335.2,2164.8999,13.253019460564014,-30.43895418565603,-16.6558203476275,8,False,True,False,False,-16.668927704694777,False,False,False,False,False,False,False,False,False,False,Monitor,[],0,"{'market_cap_inr': 462386170793.0, 'relative_volume': 1.8933382068222802, 'gap_percent': 0.0, 'eps_growth_percent': -15.287244401168454, 'revenue_growth_percent': 17.070253491201832, 'fcf_growth_percent': 0.0}",['Eligible stock; no leadership setup currently qualifies']
THERMAX,Thermax Ltd.,Industrials,Capital Goods,Electrical Equipment,Heavy Electrical Equipment,3228.2,-3.939775518068944,-4.660366213821621,-11.254675850707185,-29.8598587724063,-8.681510885646503,1.9903955516239025,3494.1200049999998,3807.278,3998.7676923076924,3806.0289925,False,False,False,False,3.0518986697584656,2.8214662304782023,-4.983705450924144,15.809464508094662,1.7037518530605849,521133143.70500004,5277.7998,2742.7,19.151119809957777,-38.834360484836886,-8.282976596312498,28,False,True,False,False,-16.7372238872776,False,False,False,False,False,False,False,False,False,False,Monitor,[],0,"{'market_cap_inr': 385142961683.0, 'relative_volume': 0.422795775290817, 'gap_percent': 0.0, 'eps_growth_percent': -83.43584587633438, 'revenue_growth_percent': 6.7299180080925876, 'fcf_growth_percent': 0.0}",['Eligible stock; no leadership setup currently qualifies']
INOXWIND,Inox Wind Ltd.,Industrials,Capital Goods,Electrical Equipment,Heavy Electrical Equipment,67.8,-1.381818181818184,-5.833333333333335,-8.870967741935498,-18.036750483558993,-20.59960182691182,-52.04074414656576,73.922,74.404,75.64661538461539,90.6014,False,False,False,False,3.427096502317743,3.029895977786068,-2.5899086538339957,17.570789865871838,1.9480956485785708,678644583.855,159.3,67.1,0.7592190889370962,-57.43879472693032,-24.75441249962141,2,False,True,False,True,-16.77044533549425,False,False,False,False,False,False,False,False,False,False,Monitor,[],0,"{'market_cap_inr': 145842804589.0, 'relative_volume': 2.2387156279092353, 'gap_percent': 0.0, 'eps_growth_percent': -60.37354085603113, 'revenue_growth_percent': -1.4704992435703481, 'fcf_growth_percent': 0.0}",['Eligible stock; no leadership setup currently qualifies']
GMDCLTD,Gujarat Mineral Development Corporation Ltd.,Commodities,Metals & Mining,Minerals & Mining,Industrial Minerals,487.35,-0.06151953245154829,-6.682623264719956,-13.429256594724226,-16.485305457972743,-19.3596425912137,-20.51052030663839,542.0725,560.181,564.6169230769231,593.3935,False,False,False,False,2.7400372275718525,2.5593656949753187,-4.744947757183358,25.260525218841188,1.6902404816146723,375759362.315,771.9,466.4,6.857610474631766,-36.86358336572094,-15.219239648455513,12,False,True,False,False,-16.871028095456996,False,False,False,False,False,False,False,False,False,False,Monitor,[],0,"{'market_cap_inr': 151717801941.0, 'relative_volume': 1.2597384017423572, 'gap_percent': 0.1676797317124197, 'eps_growth_percent': -0.20776699029126078, 'revenue_growth_percent': 23.756483756483757, 'fcf_growth_percent': 0.0}",['Eligible stock; no leadership setup currently qualifies']
UPL,UPL Ltd.,Commodities,Chemicals,Fertilizers & Agrochemicals,Pesticides & Agrochemicals,502.5,-2.767027863777083,-8.55323020928116,-13.682040711156917,-13.615265600825177,-21.72897196261683,-25.445103857566764,552.7875,568.252,576.1138461538462,638.7115,False,False,False,False,2.7853589196872752,2.1494615690779506,-4.154194519720942,16.923697207942755,1.8124465145827762,1076216445.24,812.2,496.05,2.040170804997624,-38.131002216202916,-16.730821178332974,8,False,True,False,True,-16.87744192312477,False,False,False,False,False,False,False,False,False,False,Monitor,[],0,"{'market_cap_inr': 417863778992.0, 'relative_volume': 0.8006333364811596, 'gap_percent': 0.5555555555555556, 'eps_growth_percent': 0.0, 'revenue_growth_percent': 10.47092013888889, 'fcf_growth_percent': 0.0}",['Eligible stock; no leadership setup currently qualifies']
ZEEL,Zee Entertainment Enterprises Ltd.,Consumer Discretionary,Media Entertainment & Publication,Entertainment,TV Broadcasting & Software Production,73.57,2.294215795328136,-3.8300653594771306,-19.692173343521457,-26.10486139011652,-7.10858585858587,-35.40825285338016,77.818,91.08940000000001,94.01892307692307,91.3942,False,False,False,False,3.3932697722285874,3.230778390017364,-5.66804120398589,22.166387493020643,1.9364137869263376,1055980605.4849999,118.35,68.0,11.062562065541199,-37.83692437684834,-19.357568888045222,4,False,False,False,False,-16.90317916585549,False,False,False,False,False,False,False,False,False,False,Monitor,[],0,"{'market_cap_inr': 67390045266.0, 'relative_volume': 1.1189292749630784, 'gap_percent': 0.8271534512264663, 'eps_growth_percent': -46.90194505714859, 'revenue_growth_percent': 4.521043402016659, 'fcf_growth_percent': 0.0}",['Eligible stock; no leadership setup currently qualifies']
JAINREC,Jain Resource Recycling Ltd.,Commodities,Metals & Mining,Diversified Metals,Diversified Metals,290.45,2.8141592920353897,3.087843833185433,4.49721172872819,-15.799391216118275,-31.254437869822493,0.0,285.77,296.08,305.67384615384617,375.69525,True,False,False,False,3.7368123355384504,3.541031955362958,-0.5088596733858556,13.763837638376387,2.8228597592341202,212437752.37,593.95,271.0,6.02260411828456,-51.09857732132335,-9.774073331065154,23,False,False,False,False,-16.907259141388344,False,False,False,False,False,False,False,False,False,False,Monitor,[],0,"{'market_cap_inr': 101783065473.0, 'relative_volume': 0.6375234673778003, 'gap_percent': 0.0, 'eps_growth_percent': 13.542960370328542, 'revenue_growth_percent': 75.85657576246571, 'fcf_growth_percent': 0.0}",['Eligible stock; no leadership setup currently qualifies']
SJVN,SJVN Ltd.,Utilities,Power,Power,Power Generation,57.16,-1.295113106544643,-6.38716017032428,-12.371608155756563,-18.505845451953242,-19.128466327108107,-37.50956597791626,62.8275,65.1726,66.17523076923078,71.53020000000001,False,False,False,False,2.3155553333999794,2.223541073229194,-5.309495439035443,20.447734884540814,1.0658630050822706,132856775.06,91.9,56.73,1.2226329257890236,-37.8019586507073,-20.596088203257167,3,False,True,False,True,-17.221334477966018,False,False,False,False,False,False,False,False,False,False,Monitor,[],0,"{'market_cap_inr': 221443937851.0, 'relative_volume': 1.2935589007752821, 'gap_percent': 0.4258339247693435, 'eps_growth_percent': -1.2422360248447177, 'revenue_growth_percent': 51.9843043217614, 'fcf_growth_percent': 0.0}",['Eligible stock; no leadership setup currently qualifies']
RVNL,Rail Vikas Nigam Ltd.,Industrials,Construction,Construction,Civil Construction,196.95,-0.02538071065990577,-2.8606658446362565,-7.313285331074415,-12.361500467227337,-27.812190741487374,-43.25025212505403,204.06900000000002,215.238,217.90307692307692,267.0202,False,False,False,False,3.011279149893013,2.6208351152280907,-2.8216052065512107,10.430301468693614,2.058340278751592,749465036.625,400.7,194.05,1.4033389789499044,-50.84851509857749,-22.628576701828482,2,False,True,False,True,-17.27972279289312,False,False,False,False,False,False,False,False,False,False,Monitor,[],0,"{'market_cap_inr': 408663923828.0, 'relative_volume': 1.0571478104851249, 'gap_percent': -0.4441721550007681, 'eps_growth_percent': 18.45939243645381, 'revenue_growth_percent': 10.552168585002443, 'fcf_growth_percent': 0.0}",['Eligible stock; no leadership setup currently qualifies']
INDIAMART,Indiamart Intermesh Ltd.,Consumer Discretionary,Consumer Services,Retailing,Internet & Catalogue Retail,1591.5,-1.77744862062581,-2.779474648747704,-7.8139481000926825,-16.342514718250634,-24.22150271402723,-32.88774280542054,1648.345,1714.974,1755.076923076923,1989.2564980000002,False,False,False,False,2.624208967281539,2.6307560766727986,-2.7435922163244273,13.015142802376856,1.5171540600954894,105454512.88499999,2525.8999,1565.1,2.7477105274469835,-36.992752563155804,-19.512970475808956,4,False,True,False,True,-17.361968262021783,False,False,False,False,False,False,False,False,False,False,Monitor,[],0,"{'market_cap_inr': 96662068273.0, 'relative_volume': 1.1588409489140765, 'gap_percent': 0.0, 'eps_growth_percent': 11.940386243220354, 'revenue_growth_percent': 11.365835304235649, 'fcf_growth_percent': 8.51509851329801}",['Eligible stock; no leadership setup currently qualifies']
GODREJCP,Godrej Consumer Products Ltd.,Fast Moving Consumer Goods,Fast Moving Consumer Goods,Personal Products,Personal Care,837.0,-0.3571428571428559,-3.57142857142857,-4.669703872437358,-22.15401785714286,-21.286500211595428,-27.154046997389038,863.3774999999999,927.043,959.8853846153846,1059.1789999999999,False,False,False,False,1.7328042328042303,1.5915611065470225,-5.605322144160042,7.01417247177516,0.8206166218773703,738261261.0,1273.9,832.6,0.9970541581690407,-34.296255593060685,-17.893600133244725,6,False,True,False,True,-17.43593230274751,False,False,False,False,False,False,False,False,False,False,Monitor,[],0,"{'market_cap_inr': 887205375732.0, 'relative_volume': 0.8887398545314918, 'gap_percent': 0.07509675928601363, 'eps_growth_percent': 11.48393515273476, 'revenue_growth_percent': 18.316756829407613, 'fcf_growth_percent': 0.0}",['Eligible stock; no leadership setup currently qualifies']
GRSE,Garden Reach Shipbuilders & Engineers Ltd.,Industrials,Capital Goods,Aerospace & Defense,Aerospace & Defense,2110.3999,-0.03316754141597933,-6.008110274796252,-16.690356071372182,-19.43808904267488,-16.373442052090592,-22.5370732101407,2325.81501,2482.6060039999998,2512.9507753846156,2544.2325035,False,False,False,False,2.9158315986869203,2.602684541915803,-5.1417771701207675,23.68319210399614,1.5614613491267413,797618754.215,3339.0,1963.7,10.666756344070373,-36.795450733752624,-16.158706175442,10,False,True,False,False,-17.52529700361549,False,False,False,False,False,False,False,False,False,False,Monitor,[],0,"{'market_cap_inr': 240920031721.0, 'relative_volume': 1.5457343940076056, 'gap_percent': 0.0, 'eps_growth_percent': 43.82083520003051, 'revenue_growth_percent': 38.53410882031445, 'fcf_growth_percent': 0.0}",['Eligible stock; no leadership setup currently qualifies']
SUZLON,Suzlon Energy Ltd.,Industrials,Capital Goods,Electrical Equipment,Heavy Electrical Equipment,38.92,0.025700334104361566,-1.8658598083711397,-14.178610804851155,-26.745718050065882,-12.005426181324886,-28.53470437017994,41.989999999999995,45.12520000000001,46.93076923076923,49.059,False,False,False,False,2.677653795331085,2.5447909650806486,-5.13549392063207,20.833333333333325,1.3621490454345975,2030786815.58,61.5,38.19,3.1317031317031487,-36.71544715447153,-18.097736224093655,5,False,False,False,False,-17.707824491265804,False,False,False,False,False,False,False,False,False,False,Monitor,[],0,"{'market_cap_inr': 527167805148.0, 'relative_volume': 1.2524941726168128, 'gap_percent': 0.23474178403754903, 'eps_growth_percent': -6.213017751479297, 'revenue_growth_percent': 22.267954989590386, 'fcf_growth_percent': 0.0}",['Eligible stock; no leadership setup currently qualifies']
GPIL,Godawari Power & Ispat Ltd.,Industrials,Capital Goods,Industrial Products,Iron & Steel Products,211.32,-2.0169703714007503,-6.271622460746928,-12.195121951219512,-14.30656934306569,-25.8916359810626,-14.580217470390878,233.03849999999997,239.188,241.01,261.60335,False,False,False,False,2.898109840188205,2.6985586917080306,-4.020236228912251,21.186199030510423,1.61619962086719,304630547.84000003,320.0,210.42,0.8213177587150992,-33.962500000000006,-14.669942589283457,13,False,True,False,True,-18.41273415030291,False,False,False,False,False,False,False,False,False,False,Monitor,[],0,"{'market_cap_inr': 144207781600.0, 'relative_volume': 0.9115610842009653, 'gap_percent': 0.3266296486398155, 'eps_growth_percent': -0.571428571428572, 'revenue_growth_percent': 32.285660306064614, 'fcf_growth_percent': 0.0}",['Eligible stock; no leadership setup currently qualifies']
GALLANTT,Gallantt Ispat Ltd.,Industrials,Capital Goods,Industrial Products,Iron & Steel Products,522.9,-1.3675374893897918,-4.07264722069346,-8.687680083820837,-21.24406958355298,-22.077341479770507,-20.210574502174417,544.3625,569.375,585.0646153846153,621.4625,False,False,False,False,3.7100784088735925,3.190387428113451,-2.200077178132107,11.602687140115165,1.2946964578793447,28071301.5,948.0,496.25,5.899280575539563,-44.84177215189874,-16.423020128442914,8,False,True,False,False,-18.438280967106955,False,False,False,False,False,False,False,False,False,False,Monitor,[],0,"{'market_cap_inr': 124211427450.0, 'relative_volume': 1.425919022767678, 'gap_percent': -0.49557866096588377, 'eps_growth_percent': -28.843537414965994, 'revenue_growth_percent': 1.5861892726443423, 'fcf_growth_percent': 0.0}",['Eligible stock; no leadership setup currently qualifies']
ABREL,Aditya Birla Real Estate Ltd.,Consumer Discretionary,Realty,Realty,Residential Commercial Projects,1082.6,-1.6265333939118665,-9.13973982375158,-21.18520675596972,-19.94971901804201,-16.03846750426556,-33.139822134387366,1222.69,1325.7320000000002,1347.06,1352.5165,False,False,False,False,4.0689081840014785,3.3412548080656874,-4.507217266521802,28.68332711674748,1.800392775218694,211970818.46499997,1914.0,1072.4,1.2119771863117654,-43.43782654127482,-20.0411735848999,4,False,True,False,True,-18.694090347013358,False,False,False,False,False,False,False,False,False,False,Monitor,[],0,"{'market_cap_inr': 117269295806.0, 'relative_volume': 0.6773292642352505, 'gap_percent': 0.0, 'eps_growth_percent': -51.284499218885635, 'revenue_growth_percent': 29.74031327287716, 'fcf_growth_percent': 0.0}",['Eligible stock; no leadership setup currently qualifies']
PFC,Power Finance Corporation Ltd.,Financial Services,Financial Services,Finance,Financial Institution,322.0,1.2578616352201255,-2.4242424242424288,-9.4488188976378,-20.21803766105055,-24.77514309076043,-21.88258127122755,339.8,364.491,374.7853846153846,401.0625,False,False,False,False,1.9143744454303464,1.721497512353811,-6.089522711067545,13.77054411999361,1.1535120244941446,2664314343.83,486.5,313.35,4.9956684955241,-33.81294964028777,-17.591625483902767,7,False,False,False,False,-19.348575142081316,False,False,False,False,False,False,False,False,False,False,Monitor,[],0,"{'market_cap_inr': 1073358112610.0, 'relative_volume': 0.6334578640317184, 'gap_percent': 0.13822761480570991, 'eps_growth_percent': 2.12292489738636, 'revenue_growth_percent': -0.2345327266210639, 'fcf_growth_percent': 0.0}",['Eligible stock; no leadership setup currently qualifies']
INDIACEM,India Cements Ltd.,Commodities,Construction Materials,Cement & Cement Products,Cement & Cement Products,299.05,1.3213620193122333,-4.273367477592815,-17.503448275862066,-19.491183200969164,-20.865308282614436,-22.676147382029733,330.005,358.835,366.50461538461536,394.8995,False,False,False,False,3.7595242076098114,2.996701129119088,-4.431640793164678,23.93103448275862,1.8403958709398214,35715947.695,485.8,290.0,4.622063329928504,-38.44174557431042,-17.683225666412916,6,False,False,False,False,-19.5438995023505,False,False,False,False,False,False,False,False,False,False,Monitor,[],0,"{'market_cap_inr': 93867865076.0, 'relative_volume': 6.017743658069769, 'gap_percent': -0.24748391354561952, 'eps_growth_percent': 0.0, 'revenue_growth_percent': -0.5191560786150634, 'fcf_growth_percent': 0.0}",['Eligible stock; no leadership setup currently qualifies']
WAAREEENER,Waaree Energies Ltd.,Industrials,Capital Goods,Electrical Equipment,Other Electrical Equipment,2346.5,0.2777777777777768,-4.419551934826882,-10.94876660341556,-16.888038819820782,-27.40463447081026,-31.76596969280786,2487.2699949999997,2592.059996,2640.7476876923074,2878.412006,False,False,False,False,2.362788347386682,2.2273413990594837,-4.009477195800991,14.510446546849476,1.6328126955044497,1328026193.5,3718.8,2301.1001,3.2023632081796634,-36.90168871679037,-20.73798186995103,3,False,False,False,False,-19.60985902611527,False,False,False,False,False,False,False,False,False,False,Monitor,[],0,"{'market_cap_inr': 689356428329.0, 'relative_volume': 1.2022213864082625, 'gap_percent': 0.0, 'eps_growth_percent': 14.1640866873065, 'revenue_growth_percent': 79.21587589220553, 'fcf_growth_percent': 0.0}",['Eligible stock; no leadership setup currently qualifies']
FIRSTCRY,Brainbees Solutions Ltd.,Consumer Discretionary,Consumer Services,Retailing,E-Retail/ E-Commerce,172.0,-1.573676680972813,-4.883039318697124,-3.733139307102473,-19.074056648160344,-30.1749685381399,-53.53862776877363,174.997,190.8626,195.49015384615385,227.37830000000002,False,False,False,False,5.951411960132891,4.73270089364211,-1.6605834533163026,19.54459203036054,1.6647111997595185,424041339.685,389.65,163.37,3.8138589358317114,-55.857821121519315,-27.565039875577583,1,False,False,False,False,-19.679192068887698,False,False,False,False,False,False,False,False,False,False,Monitor,[],0,"{'market_cap_inr': 89903995624.0, 'relative_volume': 0.22071297221903458, 'gap_percent': -0.11614401858303638, 'eps_growth_percent': 33.15997503640525, 'revenue_growth_percent': 13.082235026554793, 'fcf_growth_percent': 0.0}",['Eligible stock; no leadership setup currently qualifies']
AFCONS,Afcons Infrastructure Ltd.,Industrials,Construction,Construction,Civil Construction,241.5,-0.3671768637319994,-4.033379694019478,-17.52049180327869,-19.88721180958699,-22.259777885079668,-46.31543847949317,256.334,270.1436,275.6766153846154,309.24365,False,False,False,False,4.577048210588583,5.029337497703747,-2.316580681204911,35.14532948746396,2.119598546355017,218657682.76,479.4,225.35,6.357016335367057,-49.62453066332916,-25.294917557658465,2,False,True,False,True,-20.244558238206984,False,False,False,False,False,False,False,False,False,False,Monitor,[],0,"{'market_cap_inr': 89941734211.0, 'relative_volume': 0.6855220265161117, 'gap_percent': -0.15549553973320054, 'eps_growth_percent': -77.7295966166118, 'revenue_growth_percent': -20.750775876904097, 'fcf_growth_percent': 0.0}",['Eligible stock; no leadership setup currently qualifies']
TATAELXSI,Tata Elxsi Ltd.,Information Technology,Information Technology,IT - Software,Computers - Software & Consulting,3105.0,0.39446456285565645,-2.6950799122532176,-12.731871838111298,-14.311736551723797,-30.256064690026953,-42.0222201475119,3269.16999,3515.959988,3529.3492246153846,4245.4960095,False,False,False,False,2.46744766505636,2.20721334347882,-4.737046696844442,15.951024226905663,1.4673533463991384,707729594.69,5950.0,3046.2,2.024932846614787,-47.81512605042016,-24.293676290307367,2,False,False,False,False,-20.294501628641935,False,False,False,False,False,False,False,False,False,False,Monitor,[],0,"{'market_cap_inr': 192400090881.0, 'relative_volume': 0.9588455556240898, 'gap_percent': 0.24330900243309003, 'eps_growth_percent': 18.14597022266132, 'revenue_growth_percent': 14.46162906925141, 'fcf_growth_percent': 0.0}",['Eligible stock; no leadership setup currently qualifies']
KPITTECH,KPIT Technologies Ltd.,Information Technology,Information Technology,IT - Software,Computers - Software & Consulting,489.5,-0.5081300813008172,-3.8310412573673847,-14.936136936310717,-11.73818968626037,-31.638852035472375,-57.71788891768161,530.6625,573.712,570.7446153846154,751.38775,False,False,False,False,3.111046257113672,2.5794649761036403,-4.718169940572258,19.907120743034067,1.6798196006903958,644143981.075,1284.9,484.5,0.624687656171914,-61.90365008950114,-29.10446617335596,1,False,True,False,True,-20.497941438457758,False,False,False,False,False,False,False,False,False,False,Monitor,[],0,"{'market_cap_inr': 132959742432.0, 'relative_volume': 0.9253452780888392, 'gap_percent': 0.0, 'eps_growth_percent': -31.84713375796178, 'revenue_growth_percent': 8.853421681469689, 'fcf_growth_percent': 0.0}",['Eligible stock; no leadership setup currently qualifies']
KEC,Kec International Ltd.,Industrials,Construction,Construction,Civil Construction,370.55,-0.48341614072781036,-5.120983228779929,-9.301187125198872,-23.903891569976377,-35.91317883085438,-56.63799660640103,394.34000000000003,422.94300000000004,438.2307692307692,535.1635,False,False,False,False,2.7555564122828984,2.9015844428306092,-4.495542614059389,16.89795918367347,1.9700367434145196,240081311.47,893.0,367.5,0.5803996194100878,-58.505039193729004,-32.25897951784861,1,False,True,False,True,-25.0569303631332,False,False,False,False,False,False,False,False,False,False,Monitor,[],0,"{'market_cap_inr': 96457576048.0, 'relative_volume': 1.5772434270900906, 'gap_percent': 0.27586206896551724, 'eps_growth_percent': -41.718119084752274, 'revenue_growth_percent': 0.013139871945975217, 'fcf_growth_percent': 0.0}",['Eligible stock; no leadership setup currently qualifies']
AVANTIFEED,Avanti Feeds Ltd.,Fast Moving Consumer Goods,Fast Moving Consumer Goods,Food Products,Animal Feed,711.1,-0.0632422176937597,-4.099797707349961,-10.956674179814673,-21.90863167142544,-44.704510108864696,11.065989847715741,763.7825,824.298,858.4953846153845,1044.839,False,False,False,False,2.9913413825662487,3.0675192580397828,-4.590801644350446,21.12857142857143,2.2238128301813775,172041046.465,1593.8,636.0,7.8408853622885815,-55.38336052202284,-14.334691048571308,14,False,True,False,False,-28.288993673498453,False,False,False,False,False,False,False,False,False,False,Monitor,[],0,"{'market_cap_inr': 98335276760.0, 'relative_volume': 0.5532271885015785, 'gap_percent': 0.1038349716184411, 'eps_growth_percent': -42.058567301960906, 'revenue_growth_percent': 18.31642543862244, 'fcf_growth_percent': 0.0}",['Eligible stock; no leadership setup currently qualifies']
VEDL,Vedanta Ltd.,Commodities,Metals & Mining,Diversified Metals,Diversified Metals,255.05,1.190240031739731,-1.5250965250965254,-6.26607864755605,-6.3349247153874355,-65.39348710990502,-45.84350780337615,262.225,268.49,267.8076923076923,458.82425,False,False,False,False,2.3720839051166474,2.1659254136069293,-2.110284976062943,11.526794742163805,1.8002232443589032,1772894655.55,795.0,247.25,1.4240073026015538,-67.91823899371069,-33.017217375362684,1,False,False,False,False,-29.941138156236626,False,False,False,False,False,False,False,False,False,False,Monitor,[],0,"{'market_cap_inr': 1021393377519.0, 'relative_volume': 1.4915682952356948, 'gap_percent': 0.229533282325946, 'eps_growth_percent': 72.18788627935723, 'revenue_growth_percent': 53.64351910625873, 'fcf_growth_percent': 0.0}",['Eligible stock; no leadership setup currently qualifies']
POLICYBZR,PB Fintech Ltd.,Financial Services,Financial Services,Financial Technology (Fintech),Financial Technology (Fintech),976.2,-0.3877551020408099,-15.208894293407448,-46.830065359477125,-37.5232,-34.628005089399316,-41.74722520587182,1509.08,1643.7479999999998,1626.6246153846155,1617.305,False,False,False,False,12.739631808470165,6.720708757312799,-3.1877950002552016,101.55539096391917,8.270187367430921,3069190052.725,1964.2,945.1,3.0517122951624,-50.30037674371245,-36.440354817900975,1,False,True,False,True,-38.691838375629004,False,False,False,False,False,False,False,False,False,False,Monitor,[],0,"{'market_cap_inr': 481193432236.0, 'relative_volume': 0.2183614076153577, 'gap_percent': 0.09615384615384616, 'eps_growth_percent': 92.3076923076923, 'revenue_growth_percent': 40.08115787209104, 'fcf_growth_percent': 0.0}",['Eligible stock; no leadership setup currently qualifies']
HEGAM,HEG Advanced Materials Ltd.,Industrials,Capital Goods,Industrial Products,Electrodes & Refractories,233.77,-2.3027415580073485,-2.5958333333333306,-67.89975969790594,-55.61188645210291,-58.203111031646706,-54.77461791449023,238.75900000000001,505.51559999999995,523.5981538461538,549.85065,False,False,False,False,4.940448181668184,4.192349357051107,-10.880819604308567,26.809901914992995,3.569647124815799,318273400.115,753.9,214.1,3.64394220081512,-68.99190874121236,-55.10373017695076,1,False,False,False,False,-59.72034459537119,False,False,False,False,False,False,False,False,False,False,Monitor,[],0,"{'market_cap_inr': 47646149449.0, 'relative_volume': 0.5744427082907386, 'gap_percent': 0.49394712336531793, 'eps_growth_percent': 16.714840657620996, 'revenue_growth_percent': 11.09859982375404, 'fcf_growth_percent': 0.0}",['Eligible stock; no leadership setup currently qualifies']
